snapshot_date,account_id,customer_id,balance,credit_limit
2026-02-18,ACC0000000001,CUST0000001,0.0,
2026-02-18,ACC0000000002,CUST0000002,0.0,2.317195253E7
2026-02-18,ACC0000000003,CUST0000003,2915535.69,
2026-02-18,ACC0000000004,CUST0000003,0.0,
2026-02-18,ACC0000000005,CUST0000004,6534023.13,
2026-02-18,ACC0000000006,CUST0000004,0.0,
2026-02-18,ACC0000000007,CUST0000005,0.0,
2026-02-18,ACC0000000008,CUST0000005,0.0,8737407.9
2026-02-18,ACC0000000009,CUST0000005,0.0,
2026-02-18,ACC0000000010,CUST0000006,0.0,
2026-02-18,ACC0000000011,CUST0000006,0.0,
2026-02-18,ACC0000000012,CUST0000006,0.0,
2026-02-18,ACC0000000013,CUST0000007,0.0,
2026-02-18,ACC0000000014,CUST0000007,3.695909964E7,
2026-02-18,ACC0000000015,CUST0000008,0.0,
2026-02-18,ACC0000000016,CUST0000008,0.0,2.012042817E7
2026-02-18,ACC0000000017,CUST0000009,0.0,
2026-02-18,ACC0000000018,CUST0000009,3.569422754E7,
2026-02-18,ACC0000000019,CUST0000010,0.0,
2026-02-18,ACC0000000020,CUST0000011,2713293.02,
2026-02-18,ACC0000000021,CUST0000011,2.276629069E7,
2026-02-18,ACC0000000022,CUST0000011,0.0,
2026-02-18,ACC0000000023,CUST0000012,0.0,
2026-02-18,ACC0000000024,CUST0000012,0.0,
2026-02-18,ACC0000000025,CUST0000013,0.0,7509970.45
2026-02-18,ACC0000000026,CUST0000013,0.0,
2026-02-18,ACC0000000027,CUST0000013,0.0,
2026-02-18,ACC0000000028,CUST0000014,0.0,
2026-02-18,ACC0000000029,CUST0000015,3.038454892E7,
2026-02-18,ACC0000000030,CUST0000015,0.0,
2026-02-18,ACC0000000031,CUST0000016,1.579097076E7,
2026-02-18,ACC0000000032,CUST0000016,1741073.8,
2026-02-18,ACC0000000033,CUST0000017,0.0,
2026-02-18,ACC0000000034,CUST0000018,0.0,4.165530959E7
2026-02-18,ACC0000000035,CUST0000018,0.0,
2026-02-18,ACC0000000036,CUST0000019,0.0,
2026-02-18,ACC0000000037,CUST0000020,0.0,
2026-02-18,ACC0000000038,CUST0000020,0.0,
2026-02-18,ACC0000000039,CUST0000021,3.832582896E7,
2026-02-18,ACC0000000040,CUST0000021,0.0,
2026-02-18,ACC0000000041,CUST0000022,0.0,
2026-02-18,ACC0000000042,CUST0000022,0.0,3.814329306E7
2026-02-18,ACC0000000043,CUST0000023,0.0,
2026-02-18,ACC0000000044,CUST0000023,2.316901838E7,
2026-02-18,ACC0000000045,CUST0000024,1.789759379E7,
2026-02-18,ACC0000000046,CUST0000025,0.0,
2026-02-18,ACC0000000047,CUST0000025,0.0,1.663443862E7
2026-02-18,ACC0000000048,CUST0000025,0.0,
2026-02-18,ACC0000000049,CUST0000026,0.0,
2026-02-18,ACC0000000050,CUST0000027,3.089443596E7,
2026-02-18,ACC0000000051,CUST0000027,0.0,
2026-02-18,ACC0000000052,CUST0000028,0.0,
2026-02-18,ACC0000000053,CUST0000028,0.0,2.758804814E7
2026-02-18,ACC0000000054,CUST0000028,0.0,2.933115038E7
2026-02-18,ACC0000000055,CUST0000029,0.0,4.778926399E7
2026-02-18,ACC0000000056,CUST0000029,0.0,
2026-02-18,ACC0000000057,CUST0000030,0.0,
2026-02-18,ACC0000000058,CUST0000031,0.0,
2026-02-18,ACC0000000059,CUST0000031,0.0,
2026-02-18,ACC0000000060,CUST0000031,1139291.77,
2026-02-18,ACC0000000061,CUST0000032,0.0,
2026-02-18,ACC0000000062,CUST0000032,0.0,4.206827631E7
2026-02-18,ACC0000000063,CUST0000032,0.0,2.850511257E7
2026-02-18,ACC0000000064,CUST0000033,0.0,
2026-02-18,ACC0000000065,CUST0000034,0.0,
2026-02-18,ACC0000000066,CUST0000035,0.0,
2026-02-18,ACC0000000067,CUST0000035,0.0,4.51994656E7
2026-02-18,ACC0000000068,CUST0000035,9371807.76,
2026-02-18,ACC0000000069,CUST0000036,0.0,
2026-02-18,ACC0000000070,CUST0000036,0.0,
2026-02-18,ACC0000000071,CUST0000037,0.0,1.578885906E7
2026-02-18,ACC0000000072,CUST0000037,3.814545302E7,
2026-02-18,ACC0000000073,CUST0000037,0.0,
2026-02-18,ACC0000000074,CUST0000038,0.0,
2026-02-18,ACC0000000075,CUST0000039,0.0,3.21125565E7
2026-02-18,ACC0000000076,CUST0000039,0.0,
2026-02-18,ACC0000000077,CUST0000040,2.232890832E7,
2026-02-18,ACC0000000078,CUST0000041,5003589.7,
2026-02-18,ACC0000000079,CUST0000041,3.744203736E7,
2026-02-18,ACC0000000080,CUST0000041,0.0,1.990450239E7
2026-02-18,ACC0000000081,CUST0000042,0.0,4.358255044E7
2026-02-18,ACC0000000082,CUST0000043,6365903.02,
2026-02-18,ACC0000000083,CUST0000043,0.0,
2026-02-18,ACC0000000084,CUST0000044,0.0,
2026-02-18,ACC0000000085,CUST0000044,2.514781662E7,
2026-02-18,ACC0000000086,CUST0000044,0.0,
2026-02-18,ACC0000000087,CUST0000045,0.0,3.890817424E7
2026-02-18,ACC0000000088,CUST0000045,4.873594557E7,
2026-02-18,ACC0000000089,CUST0000046,0.0,
2026-02-18,ACC0000000090,CUST0000047,0.0,
2026-02-18,ACC0000000091,CUST0000047,0.0,
2026-02-18,ACC0000000092,CUST0000048,0.0,
2026-02-18,ACC0000000093,CUST0000048,3.693501658E7,
2026-02-18,ACC0000000094,CUST0000048,0.0,
2026-02-18,ACC0000000095,CUST0000049,0.0,
2026-02-18,ACC0000000096,CUST0000050,0.0,
2026-02-18,ACC0000000097,CUST0000050,0.0,
2026-02-18,ACC0000000098,CUST0000051,1.757756308E7,
2026-02-18,ACC0000000099,CUST0000051,0.0,3.889051506E7
2026-02-18,ACC0000000100,CUST0000052,0.0,1.49475546E7
2026-02-18,ACC0000000101,CUST0000052,0.0,
2026-02-18,ACC0000000102,CUST0000052,0.0,3.08795501E7
2026-02-18,ACC0000000103,CUST0000053,4.091658763E7,
2026-02-18,ACC0000000104,CUST0000053,0.0,
2026-02-18,ACC0000000105,CUST0000054,0.0,6366895.54
2026-02-18,ACC0000000106,CUST0000055,0.0,2.282841231E7
2026-02-18,ACC0000000107,CUST0000055,0.0,
2026-02-18,ACC0000000108,CUST0000055,0.0,1.858830298E7
2026-02-18,ACC0000000109,CUST0000056,0.0,
2026-02-18,ACC0000000110,CUST0000057,2.414364868E7,
2026-02-18,ACC0000000111,CUST0000058,0.0,4.844486148E7
2026-02-18,ACC0000000112,CUST0000059,0.0,
2026-02-18,ACC0000000113,CUST0000059,0.0,
2026-02-18,ACC0000000114,CUST0000059,0.0,
2026-02-18,ACC0000000115,CUST0000060,0.0,
2026-02-18,ACC0000000116,CUST0000061,1.811000203E7,
2026-02-18,ACC0000000117,CUST0000062,0.0,
2026-02-18,ACC0000000118,CUST0000062,0.0,
2026-02-18,ACC0000000119,CUST0000063,0.0,
2026-02-18,ACC0000000120,CUST0000063,206629.51,
2026-02-18,ACC0000000121,CUST0000064,0.0,
2026-02-18,ACC0000000122,CUST0000064,0.0,4.151778777E7
2026-02-18,ACC0000000123,CUST0000064,0.0,
2026-02-18,ACC0000000124,CUST0000065,0.0,4.419852773E7
2026-02-18,ACC0000000125,CUST0000065,0.0,
2026-02-18,ACC0000000126,CUST0000065,0.0,
2026-02-18,ACC0000000127,CUST0000066,0.0,
2026-02-18,ACC0000000128,CUST0000066,0.0,
2026-02-18,ACC0000000129,CUST0000066,0.0,
2026-02-18,ACC0000000130,CUST0000067,4.891116699E7,
2026-02-18,ACC0000000131,CUST0000067,0.0,
2026-02-18,ACC0000000132,CUST0000067,8263031.33,
2026-02-18,ACC0000000133,CUST0000068,0.0,
2026-02-18,ACC0000000134,CUST0000068,0.0,
2026-02-18,ACC0000000135,CUST0000068,1.405304894E7,
2026-02-18,ACC0000000136,CUST0000069,0.0,1.220164724E7
2026-02-18,ACC0000000137,CUST0000069,1.618843361E7,
2026-02-18,ACC0000000138,CUST0000069,0.0,
2026-02-18,ACC0000000139,CUST0000070,0.0,
2026-02-18,ACC0000000140,CUST0000071,0.0,
2026-02-18,ACC0000000141,CUST0000071,1.121723658E7,
2026-02-18,ACC0000000142,CUST0000072,4.372465629E7,
2026-02-18,ACC0000000143,CUST0000072,0.0,
2026-02-18,ACC0000000144,CUST0000073,0.0,2.413003664E7
2026-02-18,ACC0000000145,CUST0000073,4.116929456E7,
2026-02-18,ACC0000000146,CUST0000073,0.0,
2026-02-18,ACC0000000147,CUST0000074,0.0,
2026-02-18,ACC0000000148,CUST0000074,2.541100182E7,
2026-02-18,ACC0000000149,CUST0000074,0.0,
2026-02-18,ACC0000000150,CUST0000075,0.0,
2026-02-18,ACC0000000151,CUST0000076,1.596055212E7,
2026-02-18,ACC0000000152,CUST0000076,0.0,4.476864581E7
2026-02-18,ACC0000000153,CUST0000076,1.415997823E7,
2026-02-18,ACC0000000154,CUST0000077,0.0,
2026-02-18,ACC0000000155,CUST0000078,0.0,
2026-02-18,ACC0000000156,CUST0000078,0.0,
2026-02-18,ACC0000000157,CUST0000079,0.0,
2026-02-18,ACC0000000158,CUST0000079,0.0,
2026-02-18,ACC0000000159,CUST0000079,4.103172152E7,
2026-02-18,ACC0000000160,CUST0000080,0.0,1.438897868E7
2026-02-18,ACC0000000161,CUST0000080,0.0,
2026-02-18,ACC0000000162,CUST0000081,2.416893013E7,
2026-02-18,ACC0000000163,CUST0000081,0.0,
2026-02-18,ACC0000000164,CUST0000082,0.0,3.923606454E7
2026-02-18,ACC0000000165,CUST0000082,0.0,
2026-02-18,ACC0000000166,CUST0000082,1.830039333E7,
2026-02-18,ACC0000000167,CUST0000083,0.0,
2026-02-18,ACC0000000168,CUST0000083,0.0,4.270911347E7
2026-02-18,ACC0000000169,CUST0000083,2.992166174E7,
2026-02-18,ACC0000000170,CUST0000084,9905813.26,
2026-02-18,ACC0000000171,CUST0000084,0.0,
2026-02-18,ACC0000000172,CUST0000085,0.0,9120018.5
2026-02-18,ACC0000000173,CUST0000085,0.0,
2026-02-18,ACC0000000174,CUST0000086,0.0,
2026-02-18,ACC0000000175,CUST0000086,0.0,1.837273988E7
2026-02-18,ACC0000000176,CUST0000087,0.0,3.628728118E7
2026-02-18,ACC0000000177,CUST0000087,0.0,
2026-02-18,ACC0000000178,CUST0000087,0.0,1.214244503E7
2026-02-18,ACC0000000179,CUST0000088,0.0,
2026-02-18,ACC0000000180,CUST0000088,0.0,
2026-02-18,ACC0000000181,CUST0000089,0.0,
2026-02-18,ACC0000000182,CUST0000089,0.0,
2026-02-18,ACC0000000183,CUST0000090,0.0,
2026-02-18,ACC0000000184,CUST0000090,0.0,5799823.84
2026-02-18,ACC0000000185,CUST0000090,2.551310367E7,
2026-02-18,ACC0000000186,CUST0000091,0.0,
2026-02-18,ACC0000000187,CUST0000092,0.0,
2026-02-18,ACC0000000188,CUST0000093,0.0,1.367599091E7
2026-02-18,ACC0000000189,CUST0000093,1801190.45,
2026-02-18,ACC0000000190,CUST0000094,3.82156621E7,
2026-02-18,ACC0000000191,CUST0000095,0.0,2.247050336E7
2026-02-18,ACC0000000192,CUST0000096,0.0,
2026-02-18,ACC0000000193,CUST0000096,0.0,2.457834215E7
2026-02-18,ACC0000000194,CUST0000097,0.0,
2026-02-18,ACC0000000195,CUST0000097,0.0,7523407.57
2026-02-18,ACC0000000196,CUST0000097,2.432619293E7,
2026-02-18,ACC0000000197,CUST0000098,0.0,2.766378523E7
2026-02-18,ACC0000000198,CUST0000098,0.0,4.786440923E7
2026-02-18,ACC0000000199,CUST0000099,4.752886137E7,
2026-02-18,ACC0000000200,CUST0000099,0.0,
2026-02-18,ACC0000000201,CUST0000100,0.0,
2026-02-18,ACC0000000202,CUST0000101,0.0,
2026-02-18,ACC0000000203,CUST0000102,4.86226807E7,
2026-02-18,ACC0000000204,CUST0000102,0.0,
2026-02-18,ACC0000000205,CUST0000103,0.0,
2026-02-18,ACC0000000206,CUST0000104,0.0,
2026-02-18,ACC0000000207,CUST0000105,0.0,3.057011259E7
2026-02-18,ACC0000000208,CUST0000105,0.0,3.611241144E7
2026-02-18,ACC0000000209,CUST0000105,0.0,4.031865202E7
2026-02-18,ACC0000000210,CUST0000106,0.0,
2026-02-18,ACC0000000211,CUST0000106,1.520226434E7,
2026-02-18,ACC0000000212,CUST0000106,0.0,1.688249997E7
2026-02-18,ACC0000000213,CUST0000107,0.0,
2026-02-18,ACC0000000214,CUST0000108,1.953863176E7,
2026-02-18,ACC0000000215,CUST0000108,2.889577804E7,
2026-02-18,ACC0000000216,CUST0000108,0.0,
2026-02-18,ACC0000000217,CUST0000109,0.0,
2026-02-18,ACC0000000218,CUST0000109,4.039191395E7,
2026-02-18,ACC0000000219,CUST0000110,0.0,6895356.13
2026-02-18,ACC0000000220,CUST0000110,1552429.99,
2026-02-18,ACC0000000221,CUST0000111,0.0,
2026-02-18,ACC0000000222,CUST0000112,0.0,3.210956158E7
2026-02-18,ACC0000000223,CUST0000112,0.0,
2026-02-18,ACC0000000224,CUST0000113,0.0,1.91642959E7
2026-02-18,ACC0000000225,CUST0000113,4.49124744E7,
2026-02-18,ACC0000000226,CUST0000113,0.0,
2026-02-18,ACC0000000227,CUST0000114,0.0,
2026-02-18,ACC0000000228,CUST0000115,2.069392826E7,
2026-02-18,ACC0000000229,CUST0000116,0.0,
2026-02-18,ACC0000000230,CUST0000116,0.0,
2026-02-18,ACC0000000231,CUST0000117,4.324417328E7,
2026-02-18,ACC0000000232,CUST0000117,0.0,1.104770847E7
2026-02-18,ACC0000000233,CUST0000118,0.0,
2026-02-18,ACC0000000234,CUST0000118,0.0,1.957682655E7
2026-02-18,ACC0000000235,CUST0000118,0.0,
2026-02-18,ACC0000000236,CUST0000119,0.0,4.376512378E7
2026-02-18,ACC0000000237,CUST0000120,0.0,
2026-02-18,ACC0000000238,CUST0000120,0.0,4.497530044E7
2026-02-18,ACC0000000239,CUST0000120,1.693300224E7,
2026-02-18,ACC0000000240,CUST0000121,3.079934186E7,
2026-02-18,ACC0000000241,CUST0000122,0.0,
2026-02-18,ACC0000000242,CUST0000122,4.051613863E7,
2026-02-18,ACC0000000243,CUST0000123,0.0,
2026-02-18,ACC0000000244,CUST0000123,0.0,
2026-02-18,ACC0000000245,CUST0000123,2.100037078E7,
2026-02-18,ACC0000000246,CUST0000124,0.0,1.970472244E7
2026-02-18,ACC0000000247,CUST0000124,0.0,
2026-02-18,ACC0000000248,CUST0000124,0.0,
2026-02-18,ACC0000000249,CUST0000125,2.824358932E7,
2026-02-18,ACC0000000250,CUST0000125,536629.76,
2026-02-18,ACC0000000251,CUST0000125,0.0,
2026-02-18,ACC0000000252,CUST0000126,2.712427368E7,
2026-02-18,ACC0000000253,CUST0000126,8589028.61,
2026-02-18,ACC0000000254,CUST0000127,0.0,1.235969569E7
2026-02-18,ACC0000000255,CUST0000128,0.0,
2026-02-18,ACC0000000256,CUST0000128,0.0,1.496301373E7
2026-02-18,ACC0000000257,CUST0000128,3.446720831E7,
2026-02-18,ACC0000000258,CUST0000129,0.0,1.873639137E7
2026-02-18,ACC0000000259,CUST0000129,0.0,
2026-02-18,ACC0000000260,CUST0000129,0.0,
2026-02-18,ACC0000000261,CUST0000130,2.660612416E7,
2026-02-18,ACC0000000262,CUST0000130,0.0,2.774824758E7
2026-02-18,ACC0000000263,CUST0000130,0.0,
2026-02-18,ACC0000000264,CUST0000131,0.0,
2026-02-18,ACC0000000265,CUST0000131,0.0,3.6861462E7
2026-02-18,ACC0000000266,CUST0000132,0.0,4.731817225E7
2026-02-18,ACC0000000267,CUST0000132,0.0,
2026-02-18,ACC0000000268,CUST0000132,0.0,
2026-02-18,ACC0000000269,CUST0000133,2.689092851E7,
2026-02-18,ACC0000000270,CUST0000134,0.0,
2026-02-18,ACC0000000271,CUST0000135,0.0,3.171485504E7
2026-02-18,ACC0000000272,CUST0000135,0.0,
2026-02-18,ACC0000000273,CUST0000136,0.0,3.249208495E7
2026-02-18,ACC0000000274,CUST0000137,0.0,
2026-02-18,ACC0000000275,CUST0000137,4.638547635E7,
2026-02-18,ACC0000000276,CUST0000138,0.0,
2026-02-18,ACC0000000277,CUST0000138,0.0,1.908542933E7
2026-02-18,ACC0000000278,CUST0000138,4.479901571E7,
2026-02-18,ACC0000000279,CUST0000139,3.009771987E7,
2026-02-18,ACC0000000280,CUST0000139,0.0,2.98819003E7
2026-02-18,ACC0000000281,CUST0000139,0.0,
2026-02-18,ACC0000000282,CUST0000140,0.0,
2026-02-18,ACC0000000283,CUST0000141,0.0,3.846384375E7
2026-02-18,ACC0000000284,CUST0000142,0.0,2.836331945E7
2026-02-18,ACC0000000285,CUST0000142,0.0,
2026-02-18,ACC0000000286,CUST0000143,0.0,
2026-02-18,ACC0000000287,CUST0000143,0.0,4.025090038E7
2026-02-18,ACC0000000288,CUST0000144,0.0,
2026-02-18,ACC0000000289,CUST0000145,6479751.2,
2026-02-18,ACC0000000290,CUST0000145,0.0,4.268566156E7
2026-02-18,ACC0000000291,CUST0000145,0.0,1.771437855E7
2026-02-18,ACC0000000292,CUST0000146,0.0,2.151567302E7
2026-02-18,ACC0000000293,CUST0000146,0.0,
2026-02-18,ACC0000000294,CUST0000147,0.0,
2026-02-18,ACC0000000295,CUST0000147,0.0,
2026-02-18,ACC0000000296,CUST0000147,0.0,
2026-02-18,ACC0000000297,CUST0000148,0.0,
2026-02-18,ACC0000000298,CUST0000149,2.666233422E7,
2026-02-18,ACC0000000299,CUST0000149,2.825294828E7,
2026-02-18,ACC0000000300,CUST0000149,0.0,
2026-02-18,ACC0000000301,CUST0000150,1.338396455E7,
2026-02-18,ACC0000000302,CUST0000150,3.970136768E7,
2026-02-18,ACC0000000303,CUST0000150,4.252139246E7,
2026-02-18,ACC0000000304,CUST0000151,0.0,
2026-02-18,ACC0000000305,CUST0000151,0.0,4.28144505E7
2026-02-18,ACC0000000306,CUST0000151,0.0,
2026-02-18,ACC0000000307,CUST0000152,0.0,
2026-02-18,ACC0000000308,CUST0000153,0.0,
2026-02-18,ACC0000000309,CUST0000153,2.644475527E7,
2026-02-18,ACC0000000310,CUST0000154,0.0,
2026-02-18,ACC0000000311,CUST0000154,0.0,
2026-02-18,ACC0000000312,CUST0000154,0.0,
2026-02-18,ACC0000000313,CUST0000155,0.0,
2026-02-18,ACC0000000314,CUST0000156,0.0,4.277323562E7
2026-02-18,ACC0000000315,CUST0000156,4.274658832E7,
2026-02-18,ACC0000000316,CUST0000157,0.0,
2026-02-18,ACC0000000317,CUST0000158,3.373580708E7,
2026-02-18,ACC0000000318,CUST0000158,0.0,
2026-02-18,ACC0000000319,CUST0000159,1.06573654E7,
2026-02-18,ACC0000000320,CUST0000159,0.0,
2026-02-18,ACC0000000321,CUST0000160,2.346669217E7,
2026-02-18,ACC0000000322,CUST0000160,3.823712818E7,
2026-02-18,ACC0000000323,CUST0000160,4.449190969E7,
2026-02-18,ACC0000000324,CUST0000161,0.0,
2026-02-18,ACC0000000325,CUST0000161,0.0,
2026-02-18,ACC0000000326,CUST0000162,0.0,3.283632836E7
2026-02-18,ACC0000000327,CUST0000163,4.116907377E7,
2026-02-18,ACC0000000328,CUST0000163,0.0,
2026-02-18,ACC0000000329,CUST0000164,4.388594965E7,
2026-02-18,ACC0000000330,CUST0000165,0.0,
2026-02-18,ACC0000000331,CUST0000166,0.0,
2026-02-18,ACC0000000332,CUST0000167,494417.39,
2026-02-18,ACC0000000333,CUST0000168,0.0,9535085.27
2026-02-18,ACC0000000334,CUST0000169,0.0,
2026-02-18,ACC0000000335,CUST0000169,3.204388736E7,
2026-02-18,ACC0000000336,CUST0000169,0.0,
2026-02-18,ACC0000000337,CUST0000170,0.0,3.105467646E7
2026-02-18,ACC0000000338,CUST0000170,3596712.52,
2026-02-18,ACC0000000339,CUST0000170,0.0,1.49994692E7
2026-02-18,ACC0000000340,CUST0000171,0.0,
2026-02-18,ACC0000000341,CUST0000171,0.0,
2026-02-18,ACC0000000342,CUST0000172,0.0,
2026-02-18,ACC0000000343,CUST0000172,0.0,5699158.19
2026-02-18,ACC0000000344,CUST0000172,0.0,7667061.72
2026-02-18,ACC0000000345,CUST0000173,4709928.16,
2026-02-18,ACC0000000346,CUST0000173,0.0,2.336186355E7
2026-02-18,ACC0000000347,CUST0000173,0.0,
2026-02-18,ACC0000000348,CUST0000174,0.0,
2026-02-18,ACC0000000349,CUST0000174,0.0,
2026-02-18,ACC0000000350,CUST0000175,0.0,
2026-02-18,ACC0000000351,CUST0000176,0.0,4.567464936E7
2026-02-18,ACC0000000352,CUST0000177,0.0,2.120320384E7
2026-02-18,ACC0000000353,CUST0000177,3.039145542E7,
2026-02-18,ACC0000000354,CUST0000178,2.508347339E7,
2026-02-18,ACC0000000355,CUST0000179,0.0,
2026-02-18,ACC0000000356,CUST0000179,0.0,1.829129647E7
2026-02-18,ACC0000000357,CUST0000179,2.535798512E7,
2026-02-18,ACC0000000358,CUST0000180,0.0,
2026-02-18,ACC0000000359,CUST0000180,0.0,
2026-02-18,ACC0000000360,CUST0000180,0.0,1.069403741E7
2026-02-18,ACC0000000361,CUST0000181,0.0,
2026-02-18,ACC0000000362,CUST0000181,0.0,
2026-02-18,ACC0000000363,CUST0000182,0.0,
2026-02-18,ACC0000000364,CUST0000182,0.0,
2026-02-18,ACC0000000365,CUST0000182,0.0,
2026-02-18,ACC0000000366,CUST0000183,0.0,
2026-02-18,ACC0000000367,CUST0000184,2.054228759E7,
2026-02-18,ACC0000000368,CUST0000184,0.0,1.692383982E7
2026-02-18,ACC0000000369,CUST0000185,0.0,
2026-02-18,ACC0000000370,CUST0000185,0.0,
2026-02-18,ACC0000000371,CUST0000185,0.0,
2026-02-18,ACC0000000372,CUST0000186,6859392.01,
2026-02-18,ACC0000000373,CUST0000186,0.0,
2026-02-18,ACC0000000374,CUST0000187,0.0,
2026-02-18,ACC0000000375,CUST0000188,8768144.87,
2026-02-18,ACC0000000376,CUST0000189,1665580.15,
2026-02-18,ACC0000000377,CUST0000189,0.0,
2026-02-18,ACC0000000378,CUST0000190,0.0,2.201549295E7
2026-02-18,ACC0000000379,CUST0000190,4951583.98,
2026-02-18,ACC0000000380,CUST0000191,0.0,2.687929186E7
2026-02-18,ACC0000000381,CUST0000192,2.087611895E7,
2026-02-18,ACC0000000382,CUST0000192,0.0,
2026-02-18,ACC0000000383,CUST0000192,0.0,
2026-02-18,ACC0000000384,CUST0000193,1.538917354E7,
2026-02-18,ACC0000000385,CUST0000194,0.0,4.094163466E7
2026-02-18,ACC0000000386,CUST0000194,0.0,9553595.03
2026-02-18,ACC0000000387,CUST0000195,0.0,
2026-02-18,ACC0000000388,CUST0000195,0.0,
2026-02-18,ACC0000000389,CUST0000196,0.0,
2026-02-18,ACC0000000390,CUST0000196,0.0,
2026-02-18,ACC0000000391,CUST0000197,0.0,1.711279284E7
2026-02-18,ACC0000000392,CUST0000197,0.0,
2026-02-18,ACC0000000393,CUST0000198,3.728129537E7,
2026-02-18,ACC0000000394,CUST0000199,3.101045871E7,
2026-02-18,ACC0000000395,CUST0000199,0.0,
2026-02-18,ACC0000000396,CUST0000199,0.0,
2026-02-18,ACC0000000397,CUST0000200,1.937182597E7,
2026-02-18,ACC0000000398,CUST0000201,0.0,
2026-02-18,ACC0000000399,CUST0000202,0.0,
2026-02-18,ACC0000000400,CUST0000202,0.0,
2026-02-18,ACC0000000401,CUST0000203,0.0,1.235928631E7
2026-02-18,ACC0000000402,CUST0000204,0.0,2.710795663E7
2026-02-18,ACC0000000403,CUST0000204,0.0,4.906350398E7
2026-02-18,ACC0000000404,CUST0000204,0.0,2.524841536E7
2026-02-18,ACC0000000405,CUST0000205,0.0,2.327552789E7
2026-02-18,ACC0000000406,CUST0000206,1.182296674E7,
2026-02-18,ACC0000000407,CUST0000206,0.0,
2026-02-18,ACC0000000408,CUST0000206,0.0,
2026-02-18,ACC0000000409,CUST0000207,0.0,1.315090071E7
2026-02-18,ACC0000000410,CUST0000207,1.408347635E7,
2026-02-18,ACC0000000411,CUST0000208,1.36623104E7,
2026-02-18,ACC0000000412,CUST0000208,0.0,
2026-02-18,ACC0000000413,CUST0000208,0.0,
2026-02-18,ACC0000000414,CUST0000209,4.721055662E7,
2026-02-18,ACC0000000415,CUST0000210,0.0,
2026-02-18,ACC0000000416,CUST0000210,0.0,
2026-02-18,ACC0000000417,CUST0000210,0.0,
2026-02-18,ACC0000000418,CUST0000211,0.0,
2026-02-18,ACC0000000419,CUST0000211,4.23540686E7,
2026-02-18,ACC0000000420,CUST0000212,0.0,
2026-02-18,ACC0000000421,CUST0000212,1812497.11,
2026-02-18,ACC0000000422,CUST0000212,0.0,
2026-02-18,ACC0000000423,CUST0000213,1.336165886E7,
2026-02-18,ACC0000000424,CUST0000213,2.216582816E7,
2026-02-18,ACC0000000425,CUST0000214,0.0,
2026-02-18,ACC0000000426,CUST0000214,8652950.88,
2026-02-18,ACC0000000427,CUST0000215,2.143262548E7,
2026-02-18,ACC0000000428,CUST0000215,4.353606804E7,
2026-02-18,ACC0000000429,CUST0000216,0.0,
2026-02-18,ACC0000000430,CUST0000216,1.245025727E7,
2026-02-18,ACC0000000431,CUST0000217,0.0,2.602298159E7
2026-02-18,ACC0000000432,CUST0000217,0.0,
2026-02-18,ACC0000000433,CUST0000217,0.0,
2026-02-18,ACC0000000434,CUST0000218,0.0,
2026-02-18,ACC0000000435,CUST0000218,0.0,
2026-02-18,ACC0000000436,CUST0000219,0.0,
2026-02-18,ACC0000000437,CUST0000220,0.0,
2026-02-18,ACC0000000438,CUST0000220,0.0,
2026-02-18,ACC0000000439,CUST0000221,0.0,4.976232942E7
2026-02-18,ACC0000000440,CUST0000222,0.0,
2026-02-18,ACC0000000441,CUST0000222,0.0,7555502.3
2026-02-18,ACC0000000442,CUST0000223,0.0,
2026-02-18,ACC0000000443,CUST0000224,0.0,3.199430033E7
2026-02-18,ACC0000000444,CUST0000224,2.686983334E7,
2026-02-18,ACC0000000445,CUST0000224,0.0,4.954594506E7
2026-02-18,ACC0000000446,CUST0000225,4.782130162E7,
2026-02-18,ACC0000000447,CUST0000226,0.0,
2026-02-18,ACC0000000448,CUST0000226,0.0,
2026-02-18,ACC0000000449,CUST0000227,1.636063462E7,
2026-02-18,ACC0000000450,CUST0000228,0.0,
2026-02-18,ACC0000000451,CUST0000228,0.0,
2026-02-18,ACC0000000452,CUST0000228,0.0,3.723213993E7
2026-02-18,ACC0000000453,CUST0000229,0.0,
2026-02-18,ACC0000000454,CUST0000230,0.0,
2026-02-18,ACC0000000455,CUST0000231,0.0,3.857417844E7
2026-02-18,ACC0000000456,CUST0000231,0.0,
2026-02-18,ACC0000000457,CUST0000231,0.0,
2026-02-18,ACC0000000458,CUST0000232,0.0,
2026-02-18,ACC0000000459,CUST0000232,3.707881479E7,
2026-02-18,ACC0000000460,CUST0000233,3.802939746E7,
2026-02-18,ACC0000000461,CUST0000234,0.0,
2026-02-18,ACC0000000462,CUST0000234,0.0,
2026-02-18,ACC0000000463,CUST0000234,0.0,
2026-02-18,ACC0000000464,CUST0000235,0.0,1.321219533E7
2026-02-18,ACC0000000465,CUST0000236,1.426762104E7,
2026-02-18,ACC0000000466,CUST0000236,1.456764342E7,
2026-02-18,ACC0000000467,CUST0000237,0.0,3.754888569E7
2026-02-18,ACC0000000468,CUST0000237,0.0,
2026-02-18,ACC0000000469,CUST0000237,0.0,
2026-02-18,ACC0000000470,CUST0000238,1.589543086E7,
2026-02-18,ACC0000000471,CUST0000238,0.0,
2026-02-18,ACC0000000472,CUST0000239,0.0,
2026-02-18,ACC0000000473,CUST0000239,0.0,
2026-02-18,ACC0000000474,CUST0000240,0.0,2.526689663E7
2026-02-18,ACC0000000475,CUST0000240,0.0,
2026-02-18,ACC0000000476,CUST0000240,3261008.89,
2026-02-18,ACC0000000477,CUST0000241,0.0,
2026-02-18,ACC0000000478,CUST0000241,0.0,
2026-02-18,ACC0000000479,CUST0000242,484472.87,
2026-02-18,ACC0000000480,CUST0000242,0.0,3.720364614E7
2026-02-18,ACC0000000481,CUST0000242,0.0,
2026-02-18,ACC0000000482,CUST0000243,0.0,
2026-02-18,ACC0000000483,CUST0000244,2.022392856E7,
2026-02-18,ACC0000000484,CUST0000244,4.680521684E7,
2026-02-18,ACC0000000485,CUST0000244,4.406826331E7,
2026-02-18,ACC0000000486,CUST0000245,2.725583378E7,
2026-02-18,ACC0000000487,CUST0000246,0.0,4.164330101E7
2026-02-18,ACC0000000488,CUST0000246,4259384.91,
2026-02-18,ACC0000000489,CUST0000246,0.0,
2026-02-18,ACC0000000490,CUST0000247,0.0,3.730699252E7
2026-02-18,ACC0000000491,CUST0000247,0.0,
2026-02-18,ACC0000000492,CUST0000248,0.0,
2026-02-18,ACC0000000493,CUST0000249,0.0,
2026-02-18,ACC0000000494,CUST0000249,4.872716081E7,
2026-02-18,ACC0000000495,CUST0000250,0.0,2.919618945E7
2026-02-18,ACC0000000496,CUST0000250,0.0,
2026-02-18,ACC0000000497,CUST0000251,0.0,
2026-02-18,ACC0000000498,CUST0000252,0.0,2.233901233E7
2026-02-18,ACC0000000499,CUST0000252,3533979.18,
2026-02-18,ACC0000000500,CUST0000253,0.0,
2026-02-18,ACC0000000501,CUST0000253,0.0,
2026-02-18,ACC0000000502,CUST0000253,0.0,
2026-02-18,ACC0000000503,CUST0000254,0.0,
2026-02-18,ACC0000000504,CUST0000254,0.0,4.319188763E7
2026-02-18,ACC0000000505,CUST0000254,0.0,
2026-02-18,ACC0000000506,CUST0000255,0.0,
2026-02-18,ACC0000000507,CUST0000256,0.0,2.022513644E7
2026-02-18,ACC0000000508,CUST0000257,0.0,1.236412783E7
2026-02-18,ACC0000000509,CUST0000257,3.590923238E7,
2026-02-18,ACC0000000510,CUST0000257,0.0,
2026-02-18,ACC0000000511,CUST0000258,4.565509306E7,
2026-02-18,ACC0000000512,CUST0000258,0.0,
2026-02-18,ACC0000000513,CUST0000259,4.465209534E7,
2026-02-18,ACC0000000514,CUST0000259,0.0,1.919588182E7
2026-02-18,ACC0000000515,CUST0000260,3.413764881E7,
2026-02-18,ACC0000000516,CUST0000261,4.42444134E7,
2026-02-18,ACC0000000517,CUST0000261,0.0,
2026-02-18,ACC0000000518,CUST0000261,0.0,
2026-02-18,ACC0000000519,CUST0000262,0.0,
2026-02-18,ACC0000000520,CUST0000262,3.49924089E7,
2026-02-18,ACC0000000521,CUST0000262,2139463.99,
2026-02-18,ACC0000000522,CUST0000263,0.0,
2026-02-18,ACC0000000523,CUST0000263,0.0,1.651273874E7
2026-02-18,ACC0000000524,CUST0000263,0.0,
2026-02-18,ACC0000000525,CUST0000264,0.0,
2026-02-18,ACC0000000526,CUST0000264,3.191419004E7,
2026-02-18,ACC0000000527,CUST0000264,4.954897304E7,
2026-02-18,ACC0000000528,CUST0000265,0.0,
2026-02-18,ACC0000000529,CUST0000265,0.0,4.468204897E7
2026-02-18,ACC0000000530,CUST0000266,1.374492772E7,
2026-02-18,ACC0000000531,CUST0000267,0.0,
2026-02-18,ACC0000000532,CUST0000268,0.0,
2026-02-18,ACC0000000533,CUST0000269,0.0,
2026-02-18,ACC0000000534,CUST0000269,0.0,2.569824848E7
2026-02-18,ACC0000000535,CUST0000269,0.0,4.06374983E7
2026-02-18,ACC0000000536,CUST0000270,5274727.48,
2026-02-18,ACC0000000537,CUST0000270,0.0,
2026-02-18,ACC0000000538,CUST0000270,255273.58,
2026-02-18,ACC0000000539,CUST0000271,0.0,
2026-02-18,ACC0000000540,CUST0000271,6110038.98,
2026-02-18,ACC0000000541,CUST0000271,0.0,
2026-02-18,ACC0000000542,CUST0000272,0.0,
2026-02-18,ACC0000000543,CUST0000273,3.905105415E7,
2026-02-18,ACC0000000544,CUST0000274,0.0,
2026-02-18,ACC0000000545,CUST0000274,0.0,
2026-02-18,ACC0000000546,CUST0000275,3.964986496E7,
2026-02-18,ACC0000000547,CUST0000276,0.0,
2026-02-18,ACC0000000548,CUST0000276,0.0,
2026-02-18,ACC0000000549,CUST0000277,6681787.13,
2026-02-18,ACC0000000550,CUST0000278,0.0,2.587263234E7
2026-02-18,ACC0000000551,CUST0000278,0.0,
2026-02-18,ACC0000000552,CUST0000279,4.657300302E7,
2026-02-18,ACC0000000553,CUST0000279,0.0,
2026-02-18,ACC0000000554,CUST0000280,3.933386015E7,
2026-02-18,ACC0000000555,CUST0000280,1533472.09,
2026-02-18,ACC0000000556,CUST0000281,7981986.54,
2026-02-18,ACC0000000557,CUST0000281,0.0,4.668023719E7
2026-02-18,ACC0000000558,CUST0000282,3.755551752E7,
2026-02-18,ACC0000000559,CUST0000282,3.948495513E7,
2026-02-18,ACC0000000560,CUST0000283,0.0,
2026-02-18,ACC0000000561,CUST0000283,6072355.92,
2026-02-18,ACC0000000562,CUST0000283,2.257730181E7,
2026-02-18,ACC0000000563,CUST0000284,0.0,2.300912094E7
2026-02-18,ACC0000000564,CUST0000285,0.0,3.016797178E7
2026-02-18,ACC0000000565,CUST0000286,0.0,3.644957909E7
2026-02-18,ACC0000000566,CUST0000286,3.1412683E7,
2026-02-18,ACC0000000567,CUST0000286,0.0,4.667969332E7
2026-02-18,ACC0000000568,CUST0000287,3781591.1,
2026-02-18,ACC0000000569,CUST0000288,0.0,
2026-02-18,ACC0000000570,CUST0000288,0.0,
2026-02-18,ACC0000000571,CUST0000289,1.553651004E7,
2026-02-18,ACC0000000572,CUST0000290,0.0,6567559.65
2026-02-18,ACC0000000573,CUST0000290,0.0,
2026-02-18,ACC0000000574,CUST0000290,4.560984744E7,
2026-02-18,ACC0000000575,CUST0000291,0.0,5826841.53
2026-02-18,ACC0000000576,CUST0000292,1.408031598E7,
2026-02-18,ACC0000000577,CUST0000292,0.0,
2026-02-18,ACC0000000578,CUST0000292,0.0,4.604577931E7
2026-02-18,ACC0000000579,CUST0000293,0.0,1.14371308E7
2026-02-18,ACC0000000580,CUST0000293,0.0,
2026-02-18,ACC0000000581,CUST0000294,0.0,
2026-02-18,ACC0000000582,CUST0000294,1.807235528E7,
2026-02-18,ACC0000000583,CUST0000295,4765300.83,
2026-02-18,ACC0000000584,CUST0000295,1.906546186E7,
2026-02-18,ACC0000000585,CUST0000295,0.0,
2026-02-18,ACC0000000586,CUST0000296,0.0,
2026-02-18,ACC0000000587,CUST0000296,0.0,
2026-02-18,ACC0000000588,CUST0000296,0.0,
2026-02-18,ACC0000000589,CUST0000297,0.0,
2026-02-18,ACC0000000590,CUST0000297,0.0,3.49639242E7
2026-02-18,ACC0000000591,CUST0000297,0.0,1.426303529E7
2026-02-18,ACC0000000592,CUST0000298,0.0,
2026-02-18,ACC0000000593,CUST0000299,9765029.55,
2026-02-18,ACC0000000594,CUST0000299,0.0,
2026-02-18,ACC0000000595,CUST0000300,0.0,3.303742706E7
2026-02-18,ACC0000000596,CUST0000300,0.0,3.406422239E7
2026-02-18,ACC0000000597,CUST0000300,0.0,
2026-02-18,ACC0000000598,CUST0000301,2.274823472E7,
2026-02-18,ACC0000000599,CUST0000301,0.0,1.327174616E7
2026-02-18,ACC0000000600,CUST0000301,2266753.05,
2026-02-18,ACC0000000601,CUST0000302,0.0,
2026-02-18,ACC0000000602,CUST0000302,0.0,
2026-02-18,ACC0000000603,CUST0000302,0.0,
2026-02-18,ACC0000000604,CUST0000303,0.0,
2026-02-18,ACC0000000605,CUST0000304,2.82855372E7,
2026-02-18,ACC0000000606,CUST0000304,1490353.87,
2026-02-18,ACC0000000607,CUST0000305,2.404231354E7,
2026-02-18,ACC0000000608,CUST0000305,0.0,6271348.06
2026-02-18,ACC0000000609,CUST0000306,0.0,
2026-02-18,ACC0000000610,CUST0000306,4.590758732E7,
2026-02-18,ACC0000000611,CUST0000306,0.0,6342726.1
2026-02-18,ACC0000000612,CUST0000307,0.0,2.78961165E7
2026-02-18,ACC0000000613,CUST0000307,0.0,
2026-02-18,ACC0000000614,CUST0000308,0.0,
2026-02-18,ACC0000000615,CUST0000308,3.792061484E7,
2026-02-18,ACC0000000616,CUST0000308,0.0,
2026-02-18,ACC0000000617,CUST0000309,0.0,
2026-02-18,ACC0000000618,CUST0000309,0.0,3.725971544E7
2026-02-18,ACC0000000619,CUST0000309,1.649692633E7,
2026-02-18,ACC0000000620,CUST0000310,3.592735432E7,
2026-02-18,ACC0000000621,CUST0000310,1.185787495E7,
2026-02-18,ACC0000000622,CUST0000311,4.583325467E7,
2026-02-18,ACC0000000623,CUST0000311,0.0,4.004112015E7
2026-02-18,ACC0000000624,CUST0000312,0.0,1.912941428E7
2026-02-18,ACC0000000625,CUST0000312,0.0,2.970375047E7
2026-02-18,ACC0000000626,CUST0000313,4.867603939E7,
2026-02-18,ACC0000000627,CUST0000313,0.0,
2026-02-18,ACC0000000628,CUST0000314,0.0,
2026-02-18,ACC0000000629,CUST0000314,0.0,
2026-02-18,ACC0000000630,CUST0000314,3.873306869E7,
2026-02-18,ACC0000000631,CUST0000315,0.0,
2026-02-18,ACC0000000632,CUST0000315,2.275269757E7,
2026-02-18,ACC0000000633,CUST0000316,3.17883841E7,
2026-02-18,ACC0000000634,CUST0000316,0.0,
2026-02-18,ACC0000000635,CUST0000317,2.506132469E7,
2026-02-18,ACC0000000636,CUST0000317,0.0,
2026-02-18,ACC0000000637,CUST0000317,0.0,
2026-02-18,ACC0000000638,CUST0000318,0.0,
2026-02-18,ACC0000000639,CUST0000318,0.0,
2026-02-18,ACC0000000640,CUST0000319,2048860.22,
2026-02-18,ACC0000000641,CUST0000319,1.821342386E7,
2026-02-18,ACC0000000642,CUST0000319,0.0,
2026-02-18,ACC0000000643,CUST0000320,2.041704283E7,
2026-02-18,ACC0000000644,CUST0000321,0.0,9155162.19
2026-02-18,ACC0000000645,CUST0000321,0.0,
2026-02-18,ACC0000000646,CUST0000321,0.0,
2026-02-18,ACC0000000647,CUST0000322,1.599950456E7,
2026-02-18,ACC0000000648,CUST0000322,0.0,
2026-02-18,ACC0000000649,CUST0000322,0.0,
2026-02-18,ACC0000000650,CUST0000323,4.982101132E7,
2026-02-18,ACC0000000651,CUST0000323,2.065636152E7,
2026-02-18,ACC0000000652,CUST0000324,0.0,
2026-02-18,ACC0000000653,CUST0000324,0.0,
2026-02-18,ACC0000000654,CUST0000324,0.0,
2026-02-18,ACC0000000655,CUST0000325,0.0,
2026-02-18,ACC0000000656,CUST0000325,0.0,7800135.17
2026-02-18,ACC0000000657,CUST0000325,0.0,
2026-02-18,ACC0000000658,CUST0000326,0.0,
2026-02-18,ACC0000000659,CUST0000326,2.31291421E7,
2026-02-18,ACC0000000660,CUST0000327,0.0,
2026-02-18,ACC0000000661,CUST0000327,0.0,
2026-02-18,ACC0000000662,CUST0000327,2.461919552E7,
2026-02-18,ACC0000000663,CUST0000328,0.0,3.369791759E7
2026-02-18,ACC0000000664,CUST0000328,3.39649267E7,
2026-02-18,ACC0000000665,CUST0000329,0.0,
2026-02-18,ACC0000000666,CUST0000329,0.0,
2026-02-18,ACC0000000667,CUST0000329,0.0,
2026-02-18,ACC0000000668,CUST0000330,0.0,4.065377153E7
2026-02-18,ACC0000000669,CUST0000330,0.0,1.933111654E7
2026-02-18,ACC0000000670,CUST0000331,4510385.63,
2026-02-18,ACC0000000671,CUST0000331,0.0,3.457333327E7
2026-02-18,ACC0000000672,CUST0000332,0.0,
2026-02-18,ACC0000000673,CUST0000332,0.0,
2026-02-18,ACC0000000674,CUST0000333,0.0,3.051723526E7
2026-02-18,ACC0000000675,CUST0000333,0.0,3.7234046E7
2026-02-18,ACC0000000676,CUST0000333,0.0,4.889931628E7
2026-02-18,ACC0000000677,CUST0000334,1486545.16,
2026-02-18,ACC0000000678,CUST0000335,0.0,
2026-02-18,ACC0000000679,CUST0000335,0.0,
2026-02-18,ACC0000000680,CUST0000336,0.0,
2026-02-18,ACC0000000681,CUST0000337,0.0,
2026-02-18,ACC0000000682,CUST0000338,0.0,1.941904074E7
2026-02-18,ACC0000000683,CUST0000338,0.0,2.920325584E7
2026-02-18,ACC0000000684,CUST0000339,0.0,3.74299327E7
2026-02-18,ACC0000000685,CUST0000339,0.0,3.981158981E7
2026-02-18,ACC0000000686,CUST0000340,0.0,4.636803339E7
2026-02-18,ACC0000000687,CUST0000341,0.0,1.064716759E7
2026-02-18,ACC0000000688,CUST0000341,0.0,2.306493973E7
2026-02-18,ACC0000000689,CUST0000342,0.0,
2026-02-18,ACC0000000690,CUST0000342,0.0,4.094874277E7
2026-02-18,ACC0000000691,CUST0000343,0.0,
2026-02-18,ACC0000000692,CUST0000344,0.0,
2026-02-18,ACC0000000693,CUST0000345,2.445210782E7,
2026-02-18,ACC0000000694,CUST0000345,3.879904327E7,
2026-02-18,ACC0000000695,CUST0000346,0.0,1.293504495E7
2026-02-18,ACC0000000696,CUST0000346,4.193198668E7,
2026-02-18,ACC0000000697,CUST0000346,0.0,2.127641457E7
2026-02-18,ACC0000000698,CUST0000347,0.0,
2026-02-18,ACC0000000699,CUST0000347,0.0,
2026-02-18,ACC0000000700,CUST0000347,4580915.05,
2026-02-18,ACC0000000701,CUST0000348,0.0,
2026-02-18,ACC0000000702,CUST0000349,0.0,
2026-02-18,ACC0000000703,CUST0000349,0.0,3.715534044E7
2026-02-18,ACC0000000704,CUST0000350,0.0,1.356524178E7
2026-02-18,ACC0000000705,CUST0000351,0.0,
2026-02-18,ACC0000000706,CUST0000351,0.0,
2026-02-18,ACC0000000707,CUST0000351,1.524882344E7,
2026-02-18,ACC0000000708,CUST0000352,0.0,1.548237228E7
2026-02-18,ACC0000000709,CUST0000352,0.0,1.204937438E7
2026-02-18,ACC0000000710,CUST0000352,0.0,3.272078043E7
2026-02-18,ACC0000000711,CUST0000353,0.0,
2026-02-18,ACC0000000712,CUST0000353,0.0,
2026-02-18,ACC0000000713,CUST0000353,0.0,4.932244812E7
2026-02-18,ACC0000000714,CUST0000354,0.0,4.192414361E7
2026-02-18,ACC0000000715,CUST0000354,0.0,
2026-02-18,ACC0000000716,CUST0000355,0.0,
2026-02-18,ACC0000000717,CUST0000355,0.0,
2026-02-18,ACC0000000718,CUST0000356,0.0,
2026-02-18,ACC0000000719,CUST0000356,4.790122139E7,
2026-02-18,ACC0000000720,CUST0000356,0.0,
2026-02-18,ACC0000000721,CUST0000357,0.0,
2026-02-18,ACC0000000722,CUST0000358,4.187021022E7,
2026-02-18,ACC0000000723,CUST0000358,0.0,
2026-02-18,ACC0000000724,CUST0000359,0.0,
2026-02-18,ACC0000000725,CUST0000360,0.0,
2026-02-18,ACC0000000726,CUST0000360,9563100.72,
2026-02-18,ACC0000000727,CUST0000361,0.0,
2026-02-18,ACC0000000728,CUST0000362,4.460202522E7,
2026-02-18,ACC0000000729,CUST0000362,3.401443664E7,
2026-02-18,ACC0000000730,CUST0000363,0.0,1.307286115E7
2026-02-18,ACC0000000731,CUST0000363,0.0,
2026-02-18,ACC0000000732,CUST0000363,0.0,
2026-02-18,ACC0000000733,CUST0000364,4.858274762E7,
2026-02-18,ACC0000000734,CUST0000365,0.0,2.941345657E7
2026-02-18,ACC0000000735,CUST0000365,0.0,
2026-02-18,ACC0000000736,CUST0000366,4.867998558E7,
2026-02-18,ACC0000000737,CUST0000367,0.0,
2026-02-18,ACC0000000738,CUST0000367,2.825057439E7,
2026-02-18,ACC0000000739,CUST0000367,0.0,5849357.31
2026-02-18,ACC0000000740,CUST0000368,0.0,
2026-02-18,ACC0000000741,CUST0000369,1.949144114E7,
2026-02-18,ACC0000000742,CUST0000369,0.0,
2026-02-18,ACC0000000743,CUST0000369,0.0,1.613075312E7
2026-02-18,ACC0000000744,CUST0000370,0.0,1.403987752E7
2026-02-18,ACC0000000745,CUST0000370,0.0,
2026-02-18,ACC0000000746,CUST0000370,2.344562996E7,
2026-02-18,ACC0000000747,CUST0000371,4.565382391E7,
2026-02-18,ACC0000000748,CUST0000371,0.0,3.786380015E7
2026-02-18,ACC0000000749,CUST0000372,0.0,
2026-02-18,ACC0000000750,CUST0000373,4.492075969E7,
2026-02-18,ACC0000000751,CUST0000373,0.0,3.313296547E7
2026-02-18,ACC0000000752,CUST0000373,1.51421373E7,
2026-02-18,ACC0000000753,CUST0000374,0.0,2.186782299E7
2026-02-18,ACC0000000754,CUST0000375,3.172905216E7,
2026-02-18,ACC0000000755,CUST0000375,0.0,
2026-02-18,ACC0000000756,CUST0000375,0.0,9856185.07
2026-02-18,ACC0000000757,CUST0000376,0.0,
2026-02-18,ACC0000000758,CUST0000376,4.382313923E7,
2026-02-18,ACC0000000759,CUST0000376,2566775.8,
2026-02-18,ACC0000000760,CUST0000377,0.0,
2026-02-18,ACC0000000761,CUST0000377,0.0,
2026-02-18,ACC0000000762,CUST0000377,0.0,1.677263786E7
2026-02-18,ACC0000000763,CUST0000378,0.0,4.789920076E7
2026-02-18,ACC0000000764,CUST0000378,0.0,
2026-02-18,ACC0000000765,CUST0000379,2.539112271E7,
2026-02-18,ACC0000000766,CUST0000379,1.112409416E7,
2026-02-18,ACC0000000767,CUST0000380,0.0,
2026-02-18,ACC0000000768,CUST0000381,0.0,2.914335912E7
2026-02-18,ACC0000000769,CUST0000381,2.876417883E7,
2026-02-18,ACC0000000770,CUST0000382,0.0,4.934816396E7
2026-02-18,ACC0000000771,CUST0000383,0.0,
2026-02-18,ACC0000000772,CUST0000384,2.241678759E7,
2026-02-18,ACC0000000773,CUST0000384,0.0,
2026-02-18,ACC0000000774,CUST0000385,4.492612361E7,
2026-02-18,ACC0000000775,CUST0000385,1.001037394E7,
2026-02-18,ACC0000000776,CUST0000385,0.0,
2026-02-18,ACC0000000777,CUST0000386,0.0,3.293180706E7
2026-02-18,ACC0000000778,CUST0000386,1.181740842E7,
2026-02-18,ACC0000000779,CUST0000386,4.289767891E7,
2026-02-18,ACC0000000780,CUST0000387,3.174505806E7,
2026-02-18,ACC0000000781,CUST0000388,0.0,2.932659427E7
2026-02-18,ACC0000000782,CUST0000389,0.0,4.008978433E7
2026-02-18,ACC0000000783,CUST0000389,3128436.36,
2026-02-18,ACC0000000784,CUST0000389,0.0,
2026-02-18,ACC0000000785,CUST0000390,0.0,
2026-02-18,ACC0000000786,CUST0000390,3.642354021E7,
2026-02-18,ACC0000000787,CUST0000390,0.0,
2026-02-18,ACC0000000788,CUST0000391,0.0,
2026-02-18,ACC0000000789,CUST0000391,0.0,4.891930013E7
2026-02-18,ACC0000000790,CUST0000392,0.0,
2026-02-18,ACC0000000791,CUST0000393,0.0,
2026-02-18,ACC0000000792,CUST0000394,0.0,2.049218981E7
2026-02-18,ACC0000000793,CUST0000394,3.318520777E7,
2026-02-18,ACC0000000794,CUST0000394,0.0,
2026-02-18,ACC0000000795,CUST0000395,0.0,
2026-02-18,ACC0000000796,CUST0000396,0.0,
2026-02-18,ACC0000000797,CUST0000396,0.0,
2026-02-18,ACC0000000798,CUST0000396,0.0,
2026-02-18,ACC0000000799,CUST0000397,0.0,
2026-02-18,ACC0000000800,CUST0000397,0.0,
2026-02-18,ACC0000000801,CUST0000397,1.439648659E7,
2026-02-18,ACC0000000802,CUST0000398,1.259334697E7,
2026-02-18,ACC0000000803,CUST0000399,0.0,
2026-02-18,ACC0000000804,CUST0000399,0.0,
2026-02-18,ACC0000000805,CUST0000399,0.0,
2026-02-18,ACC0000000806,CUST0000400,0.0,2.050333301E7
2026-02-18,ACC0000000807,CUST0000401,743035.99,
2026-02-18,ACC0000000808,CUST0000401,0.0,
2026-02-18,ACC0000000809,CUST0000402,0.0,3.084567236E7
2026-02-18,ACC0000000810,CUST0000403,0.0,
2026-02-18,ACC0000000811,CUST0000403,0.0,
2026-02-18,ACC0000000812,CUST0000404,0.0,
2026-02-18,ACC0000000813,CUST0000404,0.0,
2026-02-18,ACC0000000814,CUST0000405,0.0,3.592535701E7
2026-02-18,ACC0000000815,CUST0000406,0.0,
2026-02-18,ACC0000000816,CUST0000406,0.0,4.343032843E7
2026-02-18,ACC0000000817,CUST0000407,0.0,
2026-02-18,ACC0000000818,CUST0000407,2.758572346E7,
2026-02-18,ACC0000000819,CUST0000407,2.200821431E7,
2026-02-18,ACC0000000820,CUST0000408,0.0,
2026-02-18,ACC0000000821,CUST0000408,0.0,
2026-02-18,ACC0000000822,CUST0000408,0.0,
2026-02-18,ACC0000000823,CUST0000409,0.0,
2026-02-18,ACC0000000824,CUST0000410,0.0,
2026-02-18,ACC0000000825,CUST0000411,0.0,
2026-02-18,ACC0000000826,CUST0000411,0.0,
2026-02-18,ACC0000000827,CUST0000411,0.0,
2026-02-18,ACC0000000828,CUST0000412,0.0,2.76532339E7
2026-02-18,ACC0000000829,CUST0000413,0.0,
2026-02-18,ACC0000000830,CUST0000413,0.0,
2026-02-18,ACC0000000831,CUST0000414,0.0,3.698131752E7
2026-02-18,ACC0000000832,CUST0000415,0.0,
2026-02-18,ACC0000000833,CUST0000415,0.0,1.547014329E7
2026-02-18,ACC0000000834,CUST0000415,0.0,2.10538101E7
2026-02-18,ACC0000000835,CUST0000416,0.0,
2026-02-18,ACC0000000836,CUST0000416,0.0,
2026-02-18,ACC0000000837,CUST0000417,3.410313187E7,
2026-02-18,ACC0000000838,CUST0000417,0.0,
2026-02-18,ACC0000000839,CUST0000418,4.813958698E7,
2026-02-18,ACC0000000840,CUST0000418,2504201.54,
2026-02-18,ACC0000000841,CUST0000418,0.0,
2026-02-18,ACC0000000842,CUST0000419,2636790.74,
2026-02-18,ACC0000000843,CUST0000419,0.0,
2026-02-18,ACC0000000844,CUST0000419,1.718304335E7,
2026-02-18,ACC0000000845,CUST0000420,0.0,2.799296213E7
2026-02-18,ACC0000000846,CUST0000421,0.0,
2026-02-18,ACC0000000847,CUST0000421,0.0,
2026-02-18,ACC0000000848,CUST0000421,0.0,
2026-02-18,ACC0000000849,CUST0000422,0.0,3.78080923E7
2026-02-18,ACC0000000850,CUST0000422,658654.89,
2026-02-18,ACC0000000851,CUST0000423,0.0,
2026-02-18,ACC0000000852,CUST0000423,0.0,2.477815434E7
2026-02-18,ACC0000000853,CUST0000423,0.0,
2026-02-18,ACC0000000854,CUST0000424,0.0,
2026-02-18,ACC0000000855,CUST0000425,2.278400569E7,
2026-02-18,ACC0000000856,CUST0000425,1.340956882E7,
2026-02-18,ACC0000000857,CUST0000426,0.0,3.535220468E7
2026-02-18,ACC0000000858,CUST0000426,2.549742459E7,
2026-02-18,ACC0000000859,CUST0000426,0.0,
2026-02-18,ACC0000000860,CUST0000427,0.0,
2026-02-18,ACC0000000861,CUST0000427,3.984556814E7,
2026-02-18,ACC0000000862,CUST0000427,0.0,
2026-02-18,ACC0000000863,CUST0000428,0.0,
2026-02-18,ACC0000000864,CUST0000428,0.0,5668353.69
2026-02-18,ACC0000000865,CUST0000429,2.019771465E7,
2026-02-18,ACC0000000866,CUST0000429,0.0,
2026-02-18,ACC0000000867,CUST0000429,0.0,
2026-02-18,ACC0000000868,CUST0000430,2.94328046E7,
2026-02-18,ACC0000000869,CUST0000430,0.0,
2026-02-18,ACC0000000870,CUST0000431,2.752594355E7,
2026-02-18,ACC0000000871,CUST0000432,0.0,3.235650739E7
2026-02-18,ACC0000000872,CUST0000432,0.0,
2026-02-18,ACC0000000873,CUST0000432,0.0,
2026-02-18,ACC0000000874,CUST0000433,4.868828157E7,
2026-02-18,ACC0000000875,CUST0000433,6930624.95,
2026-02-18,ACC0000000876,CUST0000434,0.0,
2026-02-18,ACC0000000877,CUST0000435,0.0,
2026-02-18,ACC0000000878,CUST0000435,0.0,
2026-02-18,ACC0000000879,CUST0000435,0.0,
2026-02-18,ACC0000000880,CUST0000436,0.0,1.812090738E7
2026-02-18,ACC0000000881,CUST0000436,0.0,2.592742491E7
2026-02-18,ACC0000000882,CUST0000437,0.0,3.543632849E7
2026-02-18,ACC0000000883,CUST0000438,0.0,3.846051445E7
2026-02-18,ACC0000000884,CUST0000438,2.017746995E7,
2026-02-18,ACC0000000885,CUST0000438,0.0,
2026-02-18,ACC0000000886,CUST0000439,3.623594285E7,
2026-02-18,ACC0000000887,CUST0000439,0.0,3.191941045E7
2026-02-18,ACC0000000888,CUST0000440,0.0,
2026-02-18,ACC0000000889,CUST0000441,0.0,6830452.81
2026-02-18,ACC0000000890,CUST0000442,0.0,
2026-02-18,ACC0000000891,CUST0000443,0.0,
2026-02-18,ACC0000000892,CUST0000444,0.0,
2026-02-18,ACC0000000893,CUST0000444,1.793903662E7,
2026-02-18,ACC0000000894,CUST0000444,0.0,2.134844686E7
2026-02-18,ACC0000000895,CUST0000445,0.0,
2026-02-18,ACC0000000896,CUST0000445,0.0,
2026-02-18,ACC0000000897,CUST0000446,2.601369655E7,
2026-02-18,ACC0000000898,CUST0000446,0.0,
2026-02-18,ACC0000000899,CUST0000447,0.0,3.369229876E7
2026-02-18,ACC0000000900,CUST0000448,3.95099627E7,
2026-02-18,ACC0000000901,CUST0000449,0.0,4.369559323E7
2026-02-18,ACC0000000902,CUST0000449,0.0,
2026-02-18,ACC0000000903,CUST0000450,0.0,2.644731218E7
2026-02-18,ACC0000000904,CUST0000451,0.0,
2026-02-18,ACC0000000905,CUST0000452,0.0,2.612457742E7
2026-02-18,ACC0000000906,CUST0000453,4.716230531E7,
2026-02-18,ACC0000000907,CUST0000453,0.0,1.177478024E7
2026-02-18,ACC0000000908,CUST0000454,0.0,4.882514833E7
2026-02-18,ACC0000000909,CUST0000454,0.0,
2026-02-18,ACC0000000910,CUST0000455,0.0,
2026-02-18,ACC0000000911,CUST0000455,2.035414698E7,
2026-02-18,ACC0000000912,CUST0000456,0.0,1.631091588E7
2026-02-18,ACC0000000913,CUST0000457,0.0,1.35124533E7
2026-02-18,ACC0000000914,CUST0000457,1.360355071E7,
2026-02-18,ACC0000000915,CUST0000457,4.808203937E7,
2026-02-18,ACC0000000916,CUST0000458,0.0,1.547533481E7
2026-02-18,ACC0000000917,CUST0000458,4.765290133E7,
2026-02-18,ACC0000000918,CUST0000458,0.0,
2026-02-18,ACC0000000919,CUST0000459,0.0,4.424232503E7
2026-02-18,ACC0000000920,CUST0000459,0.0,2.924127429E7
2026-02-18,ACC0000000921,CUST0000460,4.067877464E7,
2026-02-18,ACC0000000922,CUST0000461,4.434551398E7,
2026-02-18,ACC0000000923,CUST0000461,0.0,
2026-02-18,ACC0000000924,CUST0000461,0.0,4.842939122E7
2026-02-18,ACC0000000925,CUST0000462,0.0,3.766983641E7
2026-02-18,ACC0000000926,CUST0000462,2.743677501E7,
2026-02-18,ACC0000000927,CUST0000462,4.042037165E7,
2026-02-18,ACC0000000928,CUST0000463,2.128707648E7,
2026-02-18,ACC0000000929,CUST0000464,0.0,4.613023298E7
2026-02-18,ACC0000000930,CUST0000464,1.758651923E7,
2026-02-18,ACC0000000931,CUST0000464,0.0,
2026-02-18,ACC0000000932,CUST0000465,0.0,
2026-02-18,ACC0000000933,CUST0000465,1.8549001E7,
2026-02-18,ACC0000000934,CUST0000465,0.0,4.354164471E7
2026-02-18,ACC0000000935,CUST0000466,0.0,
2026-02-18,ACC0000000936,CUST0000466,0.0,4.215482266E7
2026-02-18,ACC0000000937,CUST0000466,0.0,
2026-02-18,ACC0000000938,CUST0000467,0.0,8251792.66
2026-02-18,ACC0000000939,CUST0000468,0.0,
2026-02-18,ACC0000000940,CUST0000469,0.0,
2026-02-18,ACC0000000941,CUST0000470,0.0,
2026-02-18,ACC0000000942,CUST0000470,0.0,
2026-02-18,ACC0000000943,CUST0000470,3.033019881E7,
2026-02-18,ACC0000000944,CUST0000471,0.0,
2026-02-18,ACC0000000945,CUST0000472,3210808.96,
2026-02-18,ACC0000000946,CUST0000473,349159.08,
2026-02-18,ACC0000000947,CUST0000474,0.0,
2026-02-18,ACC0000000948,CUST0000474,0.0,
2026-02-18,ACC0000000949,CUST0000475,0.0,2.537229386E7
2026-02-18,ACC0000000950,CUST0000475,4.517227363E7,
2026-02-18,ACC0000000951,CUST0000475,9601878.57,
2026-02-18,ACC0000000952,CUST0000476,1483473.35,
2026-02-18,ACC0000000953,CUST0000476,0.0,
2026-02-18,ACC0000000954,CUST0000477,0.0,
2026-02-18,ACC0000000955,CUST0000478,0.0,
2026-02-18,ACC0000000956,CUST0000479,0.0,
2026-02-18,ACC0000000957,CUST0000480,0.0,
2026-02-18,ACC0000000958,CUST0000481,0.0,1.718854959E7
2026-02-18,ACC0000000959,CUST0000481,602795.38,
2026-02-18,ACC0000000960,CUST0000481,0.0,3.420962727E7
2026-02-18,ACC0000000961,CUST0000482,673900.46,
2026-02-18,ACC0000000962,CUST0000482,0.0,
2026-02-18,ACC0000000963,CUST0000483,0.0,3.914471701E7
2026-02-18,ACC0000000964,CUST0000484,0.0,
2026-02-18,ACC0000000965,CUST0000484,0.0,
2026-02-18,ACC0000000966,CUST0000485,0.0,
2026-02-18,ACC0000000967,CUST0000486,3.624521334E7,
2026-02-18,ACC0000000968,CUST0000487,0.0,
2026-02-18,ACC0000000969,CUST0000487,0.0,3.174749417E7
2026-02-18,ACC0000000970,CUST0000488,0.0,
2026-02-18,ACC0000000971,CUST0000488,0.0,
2026-02-18,ACC0000000972,CUST0000488,0.0,3.927026999E7
2026-02-18,ACC0000000973,CUST0000489,0.0,
2026-02-18,ACC0000000974,CUST0000489,4.68220587E7,
2026-02-18,ACC0000000975,CUST0000489,0.0,
2026-02-18,ACC0000000976,CUST0000490,2.89210215E7,
2026-02-18,ACC0000000977,CUST0000490,0.0,1.062710257E7
2026-02-18,ACC0000000978,CUST0000490,0.0,1.908211945E7
2026-02-18,ACC0000000979,CUST0000491,0.0,
2026-02-18,ACC0000000980,CUST0000491,0.0,
2026-02-18,ACC0000000981,CUST0000491,0.0,
2026-02-18,ACC0000000982,CUST0000492,0.0,
2026-02-18,ACC0000000983,CUST0000492,0.0,
2026-02-18,ACC0000000984,CUST0000493,0.0,
2026-02-18,ACC0000000985,CUST0000493,1.124530384E7,
2026-02-18,ACC0000000986,CUST0000494,4.269185836E7,
2026-02-18,ACC0000000987,CUST0000494,0.0,3.492156053E7
2026-02-18,ACC0000000988,CUST0000495,1665123.66,
2026-02-18,ACC0000000989,CUST0000495,0.0,3.20802041E7
2026-02-18,ACC0000000990,CUST0000495,0.0,
2026-02-18,ACC0000000991,CUST0000496,0.0,
2026-02-18,ACC0000000992,CUST0000496,4.413571495E7,
2026-02-18,ACC0000000993,CUST0000497,9251188.12,
2026-02-18,ACC0000000994,CUST0000497,0.0,
2026-02-18,ACC0000000995,CUST0000497,0.0,
2026-02-18,ACC0000000996,CUST0000498,0.0,
2026-02-18,ACC0000000997,CUST0000498,0.0,
2026-02-18,ACC0000000998,CUST0000499,0.0,
2026-02-18,ACC0000000999,CUST0000499,0.0,4.453930296E7
2026-02-18,ACC0000001000,CUST0000499,0.0,1.93468912E7
2026-02-18,ACC0000001001,CUST0000500,2.083527805E7,
2026-02-18,ACC0000001002,CUST0000500,2.102385517E7,
2026-02-18,ACC0000001003,CUST0000500,0.0,
2026-02-18,ACC0000001004,CUST0000501,0.0,
2026-02-18,ACC0000001005,CUST0000502,0.0,
2026-02-18,ACC0000001006,CUST0000502,0.0,
2026-02-18,ACC0000001007,CUST0000503,0.0,2.304735225E7
2026-02-18,ACC0000001008,CUST0000504,0.0,
2026-02-18,ACC0000001009,CUST0000504,694656.7,
2026-02-18,ACC0000001010,CUST0000505,0.0,2.206181805E7
2026-02-18,ACC0000001011,CUST0000506,0.0,
2026-02-18,ACC0000001012,CUST0000506,0.0,
2026-02-18,ACC0000001013,CUST0000507,0.0,
2026-02-18,ACC0000001014,CUST0000507,0.0,
2026-02-18,ACC0000001015,CUST0000508,0.0,2.121074769E7
2026-02-18,ACC0000001016,CUST0000509,0.0,
2026-02-18,ACC0000001017,CUST0000509,4.060831766E7,
2026-02-18,ACC0000001018,CUST0000509,0.0,
2026-02-18,ACC0000001019,CUST0000510,0.0,
2026-02-18,ACC0000001020,CUST0000510,1.673633696E7,
2026-02-18,ACC0000001021,CUST0000511,2.450745525E7,
2026-02-18,ACC0000001022,CUST0000511,0.0,
2026-02-18,ACC0000001023,CUST0000512,4.454782893E7,
2026-02-18,ACC0000001024,CUST0000512,0.0,
2026-02-18,ACC0000001025,CUST0000512,4.863353765E7,
2026-02-18,ACC0000001026,CUST0000513,0.0,
2026-02-18,ACC0000001027,CUST0000513,0.0,
2026-02-18,ACC0000001028,CUST0000513,0.0,
2026-02-18,ACC0000001029,CUST0000514,0.0,
2026-02-18,ACC0000001030,CUST0000515,0.0,
2026-02-18,ACC0000001031,CUST0000516,0.0,
2026-02-18,ACC0000001032,CUST0000516,0.0,
2026-02-18,ACC0000001033,CUST0000517,0.0,
2026-02-18,ACC0000001034,CUST0000517,0.0,
2026-02-18,ACC0000001035,CUST0000517,9817850.74,
2026-02-18,ACC0000001036,CUST0000518,0.0,
2026-02-18,ACC0000001037,CUST0000518,0.0,
2026-02-18,ACC0000001038,CUST0000519,0.0,2.577329268E7
2026-02-18,ACC0000001039,CUST0000519,0.0,
2026-02-18,ACC0000001040,CUST0000520,0.0,
2026-02-18,ACC0000001041,CUST0000520,0.0,
2026-02-18,ACC0000001042,CUST0000520,0.0,
2026-02-18,ACC0000001043,CUST0000521,0.0,
2026-02-18,ACC0000001044,CUST0000521,0.0,1.713060035E7
2026-02-18,ACC0000001045,CUST0000522,0.0,
2026-02-18,ACC0000001046,CUST0000523,9578718.4,
2026-02-18,ACC0000001047,CUST0000523,0.0,6382440.26
2026-02-18,ACC0000001048,CUST0000524,0.0,
2026-02-18,ACC0000001049,CUST0000524,0.0,
2026-02-18,ACC0000001050,CUST0000524,0.0,2.448426304E7
2026-02-18,ACC0000001051,CUST0000525,0.0,
2026-02-18,ACC0000001052,CUST0000526,0.0,
2026-02-18,ACC0000001053,CUST0000526,0.0,
2026-02-18,ACC0000001054,CUST0000526,0.0,
2026-02-18,ACC0000001055,CUST0000527,0.0,
2026-02-18,ACC0000001056,CUST0000528,0.0,2.933830162E7
2026-02-18,ACC0000001057,CUST0000528,3.807371859E7,
2026-02-18,ACC0000001058,CUST0000529,0.0,1.248278959E7
2026-02-18,ACC0000001059,CUST0000529,0.0,2.727731029E7
2026-02-18,ACC0000001060,CUST0000530,2.702243074E7,
2026-02-18,ACC0000001061,CUST0000531,0.0,
2026-02-18,ACC0000001062,CUST0000531,0.0,
2026-02-18,ACC0000001063,CUST0000532,2.433623694E7,
2026-02-18,ACC0000001064,CUST0000532,0.0,2.216652445E7
2026-02-18,ACC0000001065,CUST0000532,0.0,
2026-02-18,ACC0000001066,CUST0000533,0.0,1.962338292E7
2026-02-18,ACC0000001067,CUST0000533,0.0,
2026-02-18,ACC0000001068,CUST0000533,0.0,1.396827031E7
2026-02-18,ACC0000001069,CUST0000534,4.301266811E7,
2026-02-18,ACC0000001070,CUST0000534,0.0,3.417687309E7
2026-02-18,ACC0000001071,CUST0000535,0.0,
2026-02-18,ACC0000001072,CUST0000535,0.0,
2026-02-18,ACC0000001073,CUST0000535,0.0,
2026-02-18,ACC0000001074,CUST0000536,0.0,7145865.43
2026-02-18,ACC0000001075,CUST0000536,4288082.82,
2026-02-18,ACC0000001076,CUST0000536,0.0,1.747997968E7
2026-02-18,ACC0000001077,CUST0000537,0.0,4.553910717E7
2026-02-18,ACC0000001078,CUST0000538,0.0,2.669763936E7
2026-02-18,ACC0000001079,CUST0000539,1.97602066E7,
2026-02-18,ACC0000001080,CUST0000540,0.0,1.455623024E7
2026-02-18,ACC0000001081,CUST0000540,386072.04,
2026-02-18,ACC0000001082,CUST0000540,0.0,1.125765834E7
2026-02-18,ACC0000001083,CUST0000541,0.0,1.132239333E7
2026-02-18,ACC0000001084,CUST0000542,0.0,2.089962531E7
2026-02-18,ACC0000001085,CUST0000543,2374193.11,
2026-02-18,ACC0000001086,CUST0000543,0.0,
2026-02-18,ACC0000001087,CUST0000544,0.0,
2026-02-18,ACC0000001088,CUST0000545,2.365364714E7,
2026-02-18,ACC0000001089,CUST0000545,0.0,4.039031695E7
2026-02-18,ACC0000001090,CUST0000546,0.0,
2026-02-18,ACC0000001091,CUST0000547,0.0,
2026-02-18,ACC0000001092,CUST0000548,3.990703249E7,
2026-02-18,ACC0000001093,CUST0000548,4.534209206E7,
2026-02-18,ACC0000001094,CUST0000548,2.114455954E7,
2026-02-18,ACC0000001095,CUST0000549,3.750163267E7,
2026-02-18,ACC0000001096,CUST0000549,0.0,1.835315835E7
2026-02-18,ACC0000001097,CUST0000549,0.0,
2026-02-18,ACC0000001098,CUST0000550,2.6790865E7,
2026-02-18,ACC0000001099,CUST0000550,0.0,
2026-02-18,ACC0000001100,CUST0000551,0.0,
2026-02-18,ACC0000001101,CUST0000551,3.901357827E7,
2026-02-18,ACC0000001102,CUST0000551,0.0,
2026-02-18,ACC0000001103,CUST0000552,3.017115709E7,
2026-02-18,ACC0000001104,CUST0000552,0.0,3.133090505E7
2026-02-18,ACC0000001105,CUST0000553,8279827.32,
2026-02-18,ACC0000001106,CUST0000553,4.370505809E7,
2026-02-18,ACC0000001107,CUST0000553,0.0,
2026-02-18,ACC0000001108,CUST0000554,9229522.96,
2026-02-18,ACC0000001109,CUST0000554,0.0,1.224149721E7
2026-02-18,ACC0000001110,CUST0000554,0.0,
2026-02-18,ACC0000001111,CUST0000555,0.0,
2026-02-18,ACC0000001112,CUST0000555,0.0,3.594031966E7
2026-02-18,ACC0000001113,CUST0000556,1.524568642E7,
2026-02-18,ACC0000001114,CUST0000556,0.0,
2026-02-18,ACC0000001115,CUST0000556,0.0,
2026-02-18,ACC0000001116,CUST0000557,0.0,
2026-02-18,ACC0000001117,CUST0000558,2.688612467E7,
2026-02-18,ACC0000001118,CUST0000558,0.0,
2026-02-18,ACC0000001119,CUST0000559,0.0,2.030926709E7
2026-02-18,ACC0000001120,CUST0000560,0.0,
2026-02-18,ACC0000001121,CUST0000561,6445605.87,
2026-02-18,ACC0000001122,CUST0000561,1.63451014E7,
2026-02-18,ACC0000001123,CUST0000562,0.0,4.01061217E7
2026-02-18,ACC0000001124,CUST0000562,0.0,3.983445552E7
2026-02-18,ACC0000001125,CUST0000562,4.284995559E7,
2026-02-18,ACC0000001126,CUST0000563,0.0,
2026-02-18,ACC0000001127,CUST0000564,0.0,4.479187149E7
2026-02-18,ACC0000001128,CUST0000564,0.0,1.103251576E7
2026-02-18,ACC0000001129,CUST0000565,0.0,3.007608431E7
2026-02-18,ACC0000001130,CUST0000565,0.0,
2026-02-18,ACC0000001131,CUST0000566,0.0,
2026-02-18,ACC0000001132,CUST0000566,0.0,4.724313456E7
2026-02-18,ACC0000001133,CUST0000567,0.0,
2026-02-18,ACC0000001134,CUST0000568,0.0,4.508146199E7
2026-02-18,ACC0000001135,CUST0000569,0.0,
2026-02-18,ACC0000001136,CUST0000570,0.0,
2026-02-18,ACC0000001137,CUST0000571,0.0,
2026-02-18,ACC0000001138,CUST0000572,0.0,2.568032942E7
2026-02-18,ACC0000001139,CUST0000572,0.0,1.39347594E7
2026-02-18,ACC0000001140,CUST0000573,0.0,2.639016198E7
2026-02-18,ACC0000001141,CUST0000574,0.0,
2026-02-18,ACC0000001142,CUST0000574,4.636868719E7,
2026-02-18,ACC0000001143,CUST0000574,0.0,
2026-02-18,ACC0000001144,CUST0000575,0.0,3.091593729E7
2026-02-18,ACC0000001145,CUST0000575,0.0,
2026-02-18,ACC0000001146,CUST0000575,0.0,
2026-02-18,ACC0000001147,CUST0000576,0.0,4.141728439E7
2026-02-18,ACC0000001148,CUST0000576,0.0,
2026-02-18,ACC0000001149,CUST0000576,0.0,
2026-02-18,ACC0000001150,CUST0000577,3.967796213E7,
2026-02-18,ACC0000001151,CUST0000577,0.0,
2026-02-18,ACC0000001152,CUST0000577,0.0,2.721020478E7
2026-02-18,ACC0000001153,CUST0000578,3.55626239E7,
2026-02-18,ACC0000001154,CUST0000579,0.0,
2026-02-18,ACC0000001155,CUST0000579,0.0,3.61087341E7
2026-02-18,ACC0000001156,CUST0000579,0.0,2.468568414E7
2026-02-18,ACC0000001157,CUST0000580,0.0,4.202051209E7
2026-02-18,ACC0000001158,CUST0000581,1.074926265E7,
2026-02-18,ACC0000001159,CUST0000581,0.0,3.615382149E7
2026-02-18,ACC0000001160,CUST0000582,0.0,
2026-02-18,ACC0000001161,CUST0000582,4.671950476E7,
2026-02-18,ACC0000001162,CUST0000582,0.0,
2026-02-18,ACC0000001163,CUST0000583,0.0,3.219516105E7
2026-02-18,ACC0000001164,CUST0000583,0.0,
2026-02-18,ACC0000001165,CUST0000584,0.0,2.443724796E7
2026-02-18,ACC0000001166,CUST0000584,0.0,
2026-02-18,ACC0000001167,CUST0000584,0.0,
2026-02-18,ACC0000001168,CUST0000585,0.0,3.041685406E7
2026-02-18,ACC0000001169,CUST0000586,0.0,
2026-02-18,ACC0000001170,CUST0000587,0.0,6569226.23
2026-02-18,ACC0000001171,CUST0000587,0.0,
2026-02-18,ACC0000001172,CUST0000588,0.0,
2026-02-18,ACC0000001173,CUST0000588,0.0,
2026-02-18,ACC0000001174,CUST0000589,0.0,
2026-02-18,ACC0000001175,CUST0000589,0.0,
2026-02-18,ACC0000001176,CUST0000590,0.0,
2026-02-18,ACC0000001177,CUST0000591,0.0,
2026-02-18,ACC0000001178,CUST0000591,0.0,
2026-02-18,ACC0000001179,CUST0000591,0.0,
2026-02-18,ACC0000001180,CUST0000592,0.0,
2026-02-18,ACC0000001181,CUST0000592,3117025.47,
2026-02-18,ACC0000001182,CUST0000593,0.0,
2026-02-18,ACC0000001183,CUST0000593,0.0,
2026-02-18,ACC0000001184,CUST0000594,0.0,
2026-02-18,ACC0000001185,CUST0000594,0.0,
2026-02-18,ACC0000001186,CUST0000594,0.0,
2026-02-18,ACC0000001187,CUST0000595,0.0,3.344377288E7
2026-02-18,ACC0000001188,CUST0000595,0.0,9503342.77
2026-02-18,ACC0000001189,CUST0000596,3.92339215E7,
2026-02-18,ACC0000001190,CUST0000596,0.0,
2026-02-18,ACC0000001191,CUST0000596,0.0,
2026-02-18,ACC0000001192,CUST0000597,4050715.13,
2026-02-18,ACC0000001193,CUST0000598,0.0,1.334266841E7
2026-02-18,ACC0000001194,CUST0000598,0.0,
2026-02-18,ACC0000001195,CUST0000598,2.603339693E7,
2026-02-18,ACC0000001196,CUST0000599,0.0,
2026-02-18,ACC0000001197,CUST0000599,0.0,
2026-02-18,ACC0000001198,CUST0000600,0.0,
2026-02-18,ACC0000001199,CUST0000600,0.0,
2026-02-18,ACC0000001200,CUST0000600,3.852958899E7,
2026-02-18,ACC0000001201,CUST0000601,0.0,
2026-02-18,ACC0000001202,CUST0000602,0.0,
2026-02-18,ACC0000001203,CUST0000602,1.423778893E7,
2026-02-18,ACC0000001204,CUST0000603,1.809849878E7,
2026-02-18,ACC0000001205,CUST0000603,4.359889955E7,
2026-02-18,ACC0000001206,CUST0000604,0.0,
2026-02-18,ACC0000001207,CUST0000604,0.0,
2026-02-18,ACC0000001208,CUST0000605,0.0,
2026-02-18,ACC0000001209,CUST0000605,3.677592258E7,
2026-02-18,ACC0000001210,CUST0000606,0.0,
2026-02-18,ACC0000001211,CUST0000606,0.0,
2026-02-18,ACC0000001212,CUST0000607,1.235301207E7,
2026-02-18,ACC0000001213,CUST0000607,0.0,
2026-02-18,ACC0000001214,CUST0000608,0.0,1.256710106E7
2026-02-18,ACC0000001215,CUST0000609,0.0,
2026-02-18,ACC0000001216,CUST0000610,0.0,
2026-02-18,ACC0000001217,CUST0000611,0.0,
2026-02-18,ACC0000001218,CUST0000612,0.0,
2026-02-18,ACC0000001219,CUST0000612,3.86485943E7,
2026-02-18,ACC0000001220,CUST0000612,0.0,1.173443659E7
2026-02-18,ACC0000001221,CUST0000613,2.275890235E7,
2026-02-18,ACC0000001222,CUST0000614,5188443.38,
2026-02-18,ACC0000001223,CUST0000615,0.0,2.815972859E7
2026-02-18,ACC0000001224,CUST0000615,0.0,3.199465894E7
2026-02-18,ACC0000001225,CUST0000616,0.0,
2026-02-18,ACC0000001226,CUST0000617,0.0,8108531.53
2026-02-18,ACC0000001227,CUST0000617,0.0,
2026-02-18,ACC0000001228,CUST0000618,0.0,
2026-02-18,ACC0000001229,CUST0000618,0.0,
2026-02-18,ACC0000001230,CUST0000618,0.0,4.014111039E7
2026-02-18,ACC0000001231,CUST0000619,0.0,
2026-02-18,ACC0000001232,CUST0000620,0.0,6282085.34
2026-02-18,ACC0000001233,CUST0000620,2.364422944E7,
2026-02-18,ACC0000001234,CUST0000621,0.0,
2026-02-18,ACC0000001235,CUST0000621,1.583863207E7,
2026-02-18,ACC0000001236,CUST0000621,0.0,
2026-02-18,ACC0000001237,CUST0000622,2.125878822E7,
2026-02-18,ACC0000001238,CUST0000623,0.0,2.804270857E7
2026-02-18,ACC0000001239,CUST0000624,0.0,
2026-02-18,ACC0000001240,CUST0000624,0.0,2.136837072E7
2026-02-18,ACC0000001241,CUST0000624,3.799002616E7,
2026-02-18,ACC0000001242,CUST0000625,4.489150516E7,
2026-02-18,ACC0000001243,CUST0000625,0.0,3.337778894E7
2026-02-18,ACC0000001244,CUST0000626,0.0,
2026-02-18,ACC0000001245,CUST0000626,0.0,
2026-02-18,ACC0000001246,CUST0000626,0.0,2.151757216E7
2026-02-18,ACC0000001247,CUST0000627,2.245203635E7,
2026-02-18,ACC0000001248,CUST0000627,0.0,
2026-02-18,ACC0000001249,CUST0000627,9445760.11,
2026-02-18,ACC0000001250,CUST0000628,0.0,
2026-02-18,ACC0000001251,CUST0000628,2.398290325E7,
2026-02-18,ACC0000001252,CUST0000628,0.0,
2026-02-18,ACC0000001253,CUST0000629,6756313.75,
2026-02-18,ACC0000001254,CUST0000630,0.0,
2026-02-18,ACC0000001255,CUST0000630,0.0,
2026-02-18,ACC0000001256,CUST0000631,0.0,3.086719567E7
2026-02-18,ACC0000001257,CUST0000632,0.0,2.238213027E7
2026-02-18,ACC0000001258,CUST0000633,2.724683152E7,
2026-02-18,ACC0000001259,CUST0000633,0.0,
2026-02-18,ACC0000001260,CUST0000634,0.0,
2026-02-18,ACC0000001261,CUST0000635,0.0,
2026-02-18,ACC0000001262,CUST0000635,0.0,
2026-02-18,ACC0000001263,CUST0000635,2.195570311E7,
2026-02-18,ACC0000001264,CUST0000636,0.0,
2026-02-18,ACC0000001265,CUST0000636,0.0,
2026-02-18,ACC0000001266,CUST0000636,0.0,4.433909688E7
2026-02-18,ACC0000001267,CUST0000637,0.0,3.097993609E7
2026-02-18,ACC0000001268,CUST0000638,0.0,
2026-02-18,ACC0000001269,CUST0000639,0.0,
2026-02-18,ACC0000001270,CUST0000640,2446770.73,
2026-02-18,ACC0000001271,CUST0000640,0.0,4.11319626E7
2026-02-18,ACC0000001272,CUST0000641,0.0,
2026-02-18,ACC0000001273,CUST0000641,0.0,1.97806635E7
2026-02-18,ACC0000001274,CUST0000642,2.351340855E7,
2026-02-18,ACC0000001275,CUST0000642,0.0,
2026-02-18,ACC0000001276,CUST0000643,0.0,
2026-02-18,ACC0000001277,CUST0000644,2.538170486E7,
2026-02-18,ACC0000001278,CUST0000644,0.0,
2026-02-18,ACC0000001279,CUST0000645,0.0,4.882055902E7
2026-02-18,ACC0000001280,CUST0000645,0.0,2.365547511E7
2026-02-18,ACC0000001281,CUST0000645,0.0,
2026-02-18,ACC0000001282,CUST0000646,0.0,
2026-02-18,ACC0000001283,CUST0000646,0.0,
2026-02-18,ACC0000001284,CUST0000646,0.0,
2026-02-18,ACC0000001285,CUST0000647,3.75921931E7,
2026-02-18,ACC0000001286,CUST0000647,0.0,2.905219282E7
2026-02-18,ACC0000001287,CUST0000648,6604432.38,
2026-02-18,ACC0000001288,CUST0000649,0.0,
2026-02-18,ACC0000001289,CUST0000649,2.134373734E7,
2026-02-18,ACC0000001290,CUST0000650,0.0,8579147.65
2026-02-18,ACC0000001291,CUST0000650,0.0,
2026-02-18,ACC0000001292,CUST0000651,0.0,
2026-02-18,ACC0000001293,CUST0000652,0.0,4.408068291E7
2026-02-18,ACC0000001294,CUST0000652,2.829056681E7,
2026-02-18,ACC0000001295,CUST0000653,0.0,3.197503679E7
2026-02-18,ACC0000001296,CUST0000654,2.989652242E7,
2026-02-18,ACC0000001297,CUST0000655,0.0,
2026-02-18,ACC0000001298,CUST0000655,0.0,
2026-02-18,ACC0000001299,CUST0000655,0.0,
2026-02-18,ACC0000001300,CUST0000656,0.0,2.598767376E7
2026-02-18,ACC0000001301,CUST0000656,6741944.52,
2026-02-18,ACC0000001302,CUST0000656,0.0,
2026-02-18,ACC0000001303,CUST0000657,0.0,
2026-02-18,ACC0000001304,CUST0000657,0.0,
2026-02-18,ACC0000001305,CUST0000657,0.0,7373049.69
2026-02-18,ACC0000001306,CUST0000658,0.0,1.170109774E7
2026-02-18,ACC0000001307,CUST0000658,0.0,
2026-02-18,ACC0000001308,CUST0000659,0.0,
2026-02-18,ACC0000001309,CUST0000660,0.0,
2026-02-18,ACC0000001310,CUST0000660,3.663617721E7,
2026-02-18,ACC0000001311,CUST0000661,0.0,
2026-02-18,ACC0000001312,CUST0000661,4423728.78,
2026-02-18,ACC0000001313,CUST0000661,1.06905486E7,
2026-02-18,ACC0000001314,CUST0000662,0.0,1.42977498E7
2026-02-18,ACC0000001315,CUST0000662,0.0,1.563880982E7
2026-02-18,ACC0000001316,CUST0000662,1.001148198E7,
2026-02-18,ACC0000001317,CUST0000663,3.191006846E7,
2026-02-18,ACC0000001318,CUST0000663,0.0,
2026-02-18,ACC0000001319,CUST0000663,3.761650052E7,
2026-02-18,ACC0000001320,CUST0000664,0.0,
2026-02-18,ACC0000001321,CUST0000665,0.0,
2026-02-18,ACC0000001322,CUST0000665,151855.71,
2026-02-18,ACC0000001323,CUST0000665,1.386940409E7,
2026-02-18,ACC0000001324,CUST0000666,4.831130534E7,
2026-02-18,ACC0000001325,CUST0000666,6720512.9,
2026-02-18,ACC0000001326,CUST0000667,0.0,
2026-02-18,ACC0000001327,CUST0000667,0.0,7502800.4
2026-02-18,ACC0000001328,CUST0000667,0.0,3.595445401E7
2026-02-18,ACC0000001329,CUST0000668,0.0,1.316569088E7
2026-02-18,ACC0000001330,CUST0000669,4.575988148E7,
2026-02-18,ACC0000001331,CUST0000669,4.37166673E7,
2026-02-18,ACC0000001332,CUST0000669,2621798.91,
2026-02-18,ACC0000001333,CUST0000670,1.150826597E7,
2026-02-18,ACC0000001334,CUST0000670,0.0,
2026-02-18,ACC0000001335,CUST0000671,0.0,
2026-02-18,ACC0000001336,CUST0000671,0.0,1.592235842E7
2026-02-18,ACC0000001337,CUST0000672,0.0,
2026-02-18,ACC0000001338,CUST0000672,4603454.08,
2026-02-18,ACC0000001339,CUST0000673,0.0,
2026-02-18,ACC0000001340,CUST0000673,0.0,
2026-02-18,ACC0000001341,CUST0000674,0.0,
2026-02-18,ACC0000001342,CUST0000674,0.0,4.836678118E7
2026-02-18,ACC0000001343,CUST0000674,0.0,2.929432929E7
2026-02-18,ACC0000001344,CUST0000675,0.0,
2026-02-18,ACC0000001345,CUST0000676,0.0,
2026-02-18,ACC0000001346,CUST0000676,1.476286755E7,
2026-02-18,ACC0000001347,CUST0000677,1.962824457E7,
2026-02-18,ACC0000001348,CUST0000677,0.0,2.923091835E7
2026-02-18,ACC0000001349,CUST0000678,0.0,
2026-02-18,ACC0000001350,CUST0000678,2.855538458E7,
2026-02-18,ACC0000001351,CUST0000678,0.0,1.117310681E7
2026-02-18,ACC0000001352,CUST0000679,0.0,
2026-02-18,ACC0000001353,CUST0000679,0.0,
2026-02-18,ACC0000001354,CUST0000680,3.737658252E7,
2026-02-18,ACC0000001355,CUST0000680,0.0,
2026-02-18,ACC0000001356,CUST0000680,0.0,
2026-02-18,ACC0000001357,CUST0000681,0.0,2.55733889E7
2026-02-18,ACC0000001358,CUST0000682,0.0,
2026-02-18,ACC0000001359,CUST0000682,0.0,
2026-02-18,ACC0000001360,CUST0000682,0.0,3.281847291E7
2026-02-18,ACC0000001361,CUST0000683,2044390.79,
2026-02-18,ACC0000001362,CUST0000683,0.0,
2026-02-18,ACC0000001363,CUST0000683,0.0,
2026-02-18,ACC0000001364,CUST0000684,0.0,2.992593721E7
2026-02-18,ACC0000001365,CUST0000684,3.229267568E7,
2026-02-18,ACC0000001366,CUST0000684,0.0,
2026-02-18,ACC0000001367,CUST0000685,0.0,1.189559691E7
2026-02-18,ACC0000001368,CUST0000686,0.0,
2026-02-18,ACC0000001369,CUST0000686,0.0,
2026-02-18,ACC0000001370,CUST0000687,0.0,
2026-02-18,ACC0000001371,CUST0000687,1.602497581E7,
2026-02-18,ACC0000001372,CUST0000688,3.597827892E7,
2026-02-18,ACC0000001373,CUST0000688,2.645803604E7,
2026-02-18,ACC0000001374,CUST0000689,0.0,
2026-02-18,ACC0000001375,CUST0000690,0.0,
2026-02-18,ACC0000001376,CUST0000691,0.0,2.379279631E7
2026-02-18,ACC0000001377,CUST0000691,0.0,4.166391127E7
2026-02-18,ACC0000001378,CUST0000692,0.0,3.361367537E7
2026-02-18,ACC0000001379,CUST0000692,0.0,
2026-02-18,ACC0000001380,CUST0000693,0.0,2.264189829E7
2026-02-18,ACC0000001381,CUST0000694,3.824738196E7,
2026-02-18,ACC0000001382,CUST0000694,0.0,
2026-02-18,ACC0000001383,CUST0000695,2.549286203E7,
2026-02-18,ACC0000001384,CUST0000696,0.0,
2026-02-18,ACC0000001385,CUST0000696,0.0,3.390515435E7
2026-02-18,ACC0000001386,CUST0000697,0.0,
2026-02-18,ACC0000001387,CUST0000697,0.0,
2026-02-18,ACC0000001388,CUST0000697,2.470222113E7,
2026-02-18,ACC0000001389,CUST0000698,0.0,
2026-02-18,ACC0000001390,CUST0000698,0.0,3.244418345E7
2026-02-18,ACC0000001391,CUST0000699,0.0,
2026-02-18,ACC0000001392,CUST0000699,0.0,2.937254604E7
2026-02-18,ACC0000001393,CUST0000699,2.156029202E7,
2026-02-18,ACC0000001394,CUST0000700,0.0,
2026-02-18,ACC0000001395,CUST0000701,4.330564948E7,
2026-02-18,ACC0000001396,CUST0000701,0.0,3.979793578E7
2026-02-18,ACC0000001397,CUST0000702,0.0,3.603759898E7
2026-02-18,ACC0000001398,CUST0000702,0.0,
2026-02-18,ACC0000001399,CUST0000702,0.0,
2026-02-18,ACC0000001400,CUST0000703,0.0,
2026-02-18,ACC0000001401,CUST0000703,0.0,4.195900877E7
2026-02-18,ACC0000001402,CUST0000704,0.0,3.489732007E7
2026-02-18,ACC0000001403,CUST0000705,0.0,
2026-02-18,ACC0000001404,CUST0000706,0.0,8581093.15
2026-02-18,ACC0000001405,CUST0000707,0.0,4.283348343E7
2026-02-18,ACC0000001406,CUST0000708,2.508374782E7,
2026-02-18,ACC0000001407,CUST0000708,0.0,
2026-02-18,ACC0000001408,CUST0000708,0.0,
2026-02-18,ACC0000001409,CUST0000709,0.0,
2026-02-18,ACC0000001410,CUST0000710,0.0,4.720600852E7
2026-02-18,ACC0000001411,CUST0000711,0.0,
2026-02-18,ACC0000001412,CUST0000711,0.0,1.736911715E7
2026-02-18,ACC0000001413,CUST0000711,0.0,
2026-02-18,ACC0000001414,CUST0000712,0.0,
2026-02-18,ACC0000001415,CUST0000713,0.0,
2026-02-18,ACC0000001416,CUST0000714,3.462340739E7,
2026-02-18,ACC0000001417,CUST0000714,0.0,1.277439107E7
2026-02-18,ACC0000001418,CUST0000715,0.0,
2026-02-18,ACC0000001419,CUST0000716,0.0,2.126562433E7
2026-02-18,ACC0000001420,CUST0000716,0.0,1.280125627E7
2026-02-18,ACC0000001421,CUST0000716,0.0,9789027.03
2026-02-18,ACC0000001422,CUST0000717,4.872701649E7,
2026-02-18,ACC0000001423,CUST0000717,1.120731223E7,
2026-02-18,ACC0000001424,CUST0000717,0.0,1.485978092E7
2026-02-18,ACC0000001425,CUST0000718,0.0,
2026-02-18,ACC0000001426,CUST0000718,0.0,
2026-02-18,ACC0000001427,CUST0000718,0.0,
2026-02-18,ACC0000001428,CUST0000719,0.0,8097245.44
2026-02-18,ACC0000001429,CUST0000719,0.0,
2026-02-18,ACC0000001430,CUST0000719,0.0,
2026-02-18,ACC0000001431,CUST0000720,0.0,
2026-02-18,ACC0000001432,CUST0000721,0.0,
2026-02-18,ACC0000001433,CUST0000721,0.0,
2026-02-18,ACC0000001434,CUST0000721,2.054842547E7,
2026-02-18,ACC0000001435,CUST0000722,0.0,
2026-02-18,ACC0000001436,CUST0000722,0.0,
2026-02-18,ACC0000001437,CUST0000723,0.0,
2026-02-18,ACC0000001438,CUST0000723,4.541470818E7,
2026-02-18,ACC0000001439,CUST0000724,3606651.63,
2026-02-18,ACC0000001440,CUST0000724,3228240.26,
2026-02-18,ACC0000001441,CUST0000724,0.0,
2026-02-18,ACC0000001442,CUST0000725,0.0,
2026-02-18,ACC0000001443,CUST0000725,4.948091968E7,
2026-02-18,ACC0000001444,CUST0000726,0.0,4.745175101E7
2026-02-18,ACC0000001445,CUST0000726,0.0,
2026-02-18,ACC0000001446,CUST0000726,0.0,
2026-02-18,ACC0000001447,CUST0000727,3580766.99,
2026-02-18,ACC0000001448,CUST0000727,0.0,
2026-02-18,ACC0000001449,CUST0000728,0.0,4.789053082E7
2026-02-18,ACC0000001450,CUST0000728,4.158447858E7,
2026-02-18,ACC0000001451,CUST0000728,0.0,
2026-02-18,ACC0000001452,CUST0000729,0.0,
2026-02-18,ACC0000001453,CUST0000729,0.0,2.57708796E7
2026-02-18,ACC0000001454,CUST0000729,0.0,4.2647762E7
2026-02-18,ACC0000001455,CUST0000730,4.760962328E7,
2026-02-18,ACC0000001456,CUST0000730,0.0,
2026-02-18,ACC0000001457,CUST0000730,5850825.88,
2026-02-18,ACC0000001458,CUST0000731,1156864.33,
2026-02-18,ACC0000001459,CUST0000731,2.394985807E7,
2026-02-18,ACC0000001460,CUST0000731,4.594605766E7,
2026-02-18,ACC0000001461,CUST0000732,0.0,
2026-02-18,ACC0000001462,CUST0000733,1.447004168E7,
2026-02-18,ACC0000001463,CUST0000733,0.0,
2026-02-18,ACC0000001464,CUST0000734,2424586.69,
2026-02-18,ACC0000001465,CUST0000734,4.590719931E7,
2026-02-18,ACC0000001466,CUST0000735,0.0,
2026-02-18,ACC0000001467,CUST0000735,4.571169199E7,
2026-02-18,ACC0000001468,CUST0000735,0.0,
2026-02-18,ACC0000001469,CUST0000736,0.0,
2026-02-18,ACC0000001470,CUST0000736,0.0,4.614263884E7
2026-02-18,ACC0000001471,CUST0000736,0.0,
2026-02-18,ACC0000001472,CUST0000737,0.0,
2026-02-18,ACC0000001473,CUST0000737,0.0,
2026-02-18,ACC0000001474,CUST0000738,0.0,
2026-02-18,ACC0000001475,CUST0000739,0.0,2.293139986E7
2026-02-18,ACC0000001476,CUST0000739,0.0,
2026-02-18,ACC0000001477,CUST0000740,0.0,1.224180606E7
2026-02-18,ACC0000001478,CUST0000741,0.0,3.625818669E7
2026-02-18,ACC0000001479,CUST0000742,3222955.5,
2026-02-18,ACC0000001480,CUST0000742,0.0,
2026-02-18,ACC0000001481,CUST0000742,0.0,
2026-02-18,ACC0000001482,CUST0000743,0.0,
2026-02-18,ACC0000001483,CUST0000743,3.913794128E7,
2026-02-18,ACC0000001484,CUST0000743,3.048670843E7,
2026-02-18,ACC0000001485,CUST0000744,3.928828158E7,
2026-02-18,ACC0000001486,CUST0000745,2.75117551E7,
2026-02-18,ACC0000001487,CUST0000745,2044544.56,
2026-02-18,ACC0000001488,CUST0000746,0.0,
2026-02-18,ACC0000001489,CUST0000746,0.0,
2026-02-18,ACC0000001490,CUST0000747,0.0,
2026-02-18,ACC0000001491,CUST0000747,0.0,
2026-02-18,ACC0000001492,CUST0000748,0.0,
2026-02-18,ACC0000001493,CUST0000748,0.0,
2026-02-18,ACC0000001494,CUST0000749,0.0,
2026-02-18,ACC0000001495,CUST0000749,3742684.03,
2026-02-18,ACC0000001496,CUST0000750,0.0,4.237693962E7
2026-02-18,ACC0000001497,CUST0000751,0.0,4.031897203E7
2026-02-18,ACC0000001498,CUST0000751,0.0,
2026-02-18,ACC0000001499,CUST0000752,0.0,
2026-02-18,ACC0000001500,CUST0000752,2.961370703E7,
2026-02-18,ACC0000001501,CUST0000752,0.0,
2026-02-18,ACC0000001502,CUST0000753,0.0,
2026-02-18,ACC0000001503,CUST0000753,0.0,
2026-02-18,ACC0000001504,CUST0000754,0.0,
2026-02-18,ACC0000001505,CUST0000754,0.0,
2026-02-18,ACC0000001506,CUST0000754,1761490.2,
2026-02-18,ACC0000001507,CUST0000755,0.0,3.56660556E7
2026-02-18,ACC0000001508,CUST0000755,0.0,
2026-02-18,ACC0000001509,CUST0000756,1.796856269E7,
2026-02-18,ACC0000001510,CUST0000756,0.0,
2026-02-18,ACC0000001511,CUST0000756,0.0,
2026-02-18,ACC0000001512,CUST0000757,0.0,2.662044323E7
2026-02-18,ACC0000001513,CUST0000757,0.0,
2026-02-18,ACC0000001514,CUST0000757,2.215064108E7,
2026-02-18,ACC0000001515,CUST0000758,0.0,1.158655007E7
2026-02-18,ACC0000001516,CUST0000759,0.0,
2026-02-18,ACC0000001517,CUST0000759,0.0,
2026-02-18,ACC0000001518,CUST0000759,0.0,
2026-02-18,ACC0000001519,CUST0000760,0.0,
2026-02-18,ACC0000001520,CUST0000761,3502092.08,
2026-02-18,ACC0000001521,CUST0000762,0.0,
2026-02-18,ACC0000001522,CUST0000762,0.0,
2026-02-18,ACC0000001523,CUST0000762,0.0,
2026-02-18,ACC0000001524,CUST0000763,1.990168428E7,
2026-02-18,ACC0000001525,CUST0000764,0.0,2.882559317E7
2026-02-18,ACC0000001526,CUST0000764,0.0,
2026-02-18,ACC0000001527,CUST0000765,2.422697246E7,
2026-02-18,ACC0000001528,CUST0000765,0.0,4.740190672E7
2026-02-18,ACC0000001529,CUST0000766,0.0,
2026-02-18,ACC0000001530,CUST0000767,0.0,
2026-02-18,ACC0000001531,CUST0000767,0.0,
2026-02-18,ACC0000001532,CUST0000768,0.0,
2026-02-18,ACC0000001533,CUST0000768,0.0,1.98181936E7
2026-02-18,ACC0000001534,CUST0000769,0.0,
2026-02-18,ACC0000001535,CUST0000770,0.0,5201381.73
2026-02-18,ACC0000001536,CUST0000771,2.141739175E7,
2026-02-18,ACC0000001537,CUST0000772,3.089120015E7,
2026-02-18,ACC0000001538,CUST0000772,2.768408076E7,
2026-02-18,ACC0000001539,CUST0000772,1.129717976E7,
2026-02-18,ACC0000001540,CUST0000773,4.424018991E7,
2026-02-18,ACC0000001541,CUST0000774,0.0,
2026-02-18,ACC0000001542,CUST0000775,4.045466977E7,
2026-02-18,ACC0000001543,CUST0000776,0.0,5632747.93
2026-02-18,ACC0000001544,CUST0000776,3193309.35,
2026-02-18,ACC0000001545,CUST0000776,0.0,1.046597196E7
2026-02-18,ACC0000001546,CUST0000777,0.0,
2026-02-18,ACC0000001547,CUST0000778,0.0,
2026-02-18,ACC0000001548,CUST0000778,0.0,5570732.05
2026-02-18,ACC0000001549,CUST0000778,0.0,
2026-02-18,ACC0000001550,CUST0000779,6782206.72,
2026-02-18,ACC0000001551,CUST0000780,3.764469273E7,
2026-02-18,ACC0000001552,CUST0000780,0.0,
2026-02-18,ACC0000001553,CUST0000780,0.0,
2026-02-18,ACC0000001554,CUST0000781,0.0,2.483096295E7
2026-02-18,ACC0000001555,CUST0000781,0.0,
2026-02-18,ACC0000001556,CUST0000781,1.947660866E7,
2026-02-18,ACC0000001557,CUST0000782,0.0,1.298672342E7
2026-02-18,ACC0000001558,CUST0000782,0.0,6820869.38
2026-02-18,ACC0000001559,CUST0000783,4.529220192E7,
2026-02-18,ACC0000001560,CUST0000783,0.0,
2026-02-18,ACC0000001561,CUST0000783,0.0,
2026-02-18,ACC0000001562,CUST0000784,1.805896226E7,
2026-02-18,ACC0000001563,CUST0000784,0.0,
2026-02-18,ACC0000001564,CUST0000785,9649586.34,
2026-02-18,ACC0000001565,CUST0000785,0.0,6523067.83
2026-02-18,ACC0000001566,CUST0000785,0.0,
2026-02-18,ACC0000001567,CUST0000786,0.0,
2026-02-18,ACC0000001568,CUST0000787,0.0,2.368942424E7
2026-02-18,ACC0000001569,CUST0000787,0.0,
2026-02-18,ACC0000001570,CUST0000788,0.0,6056829.06
2026-02-18,ACC0000001571,CUST0000789,0.0,
2026-02-18,ACC0000001572,CUST0000790,3.714309806E7,
2026-02-18,ACC0000001573,CUST0000790,3.265112829E7,
2026-02-18,ACC0000001574,CUST0000790,2.871397863E7,
2026-02-18,ACC0000001575,CUST0000791,4.928009102E7,
2026-02-18,ACC0000001576,CUST0000792,0.0,
2026-02-18,ACC0000001577,CUST0000792,0.0,
2026-02-18,ACC0000001578,CUST0000792,0.0,
2026-02-18,ACC0000001579,CUST0000793,4.030638181E7,
2026-02-18,ACC0000001580,CUST0000794,0.0,3.25032876E7
2026-02-18,ACC0000001581,CUST0000795,0.0,9907778.52
2026-02-18,ACC0000001582,CUST0000795,0.0,3.123744465E7
2026-02-18,ACC0000001583,CUST0000795,7743830.63,
2026-02-18,ACC0000001584,CUST0000796,3.42631599E7,
2026-02-18,ACC0000001585,CUST0000797,0.0,
2026-02-18,ACC0000001586,CUST0000797,0.0,2.590932938E7
2026-02-18,ACC0000001587,CUST0000798,1.644672781E7,
2026-02-18,ACC0000001588,CUST0000798,0.0,
2026-02-18,ACC0000001589,CUST0000799,0.0,
2026-02-18,ACC0000001590,CUST0000799,0.0,
2026-02-18,ACC0000001591,CUST0000800,0.0,
2026-02-18,ACC0000001592,CUST0000801,0.0,4.692241893E7
2026-02-18,ACC0000001593,CUST0000801,1.748517381E7,
2026-02-18,ACC0000001594,CUST0000802,1.502623072E7,
2026-02-18,ACC0000001595,CUST0000802,0.0,
2026-02-18,ACC0000001596,CUST0000803,0.0,
2026-02-18,ACC0000001597,CUST0000804,0.0,
2026-02-18,ACC0000001598,CUST0000804,0.0,
2026-02-18,ACC0000001599,CUST0000805,306019.79,
2026-02-18,ACC0000001600,CUST0000805,0.0,
2026-02-18,ACC0000001601,CUST0000806,0.0,3.798313671E7
2026-02-18,ACC0000001602,CUST0000807,3.286670176E7,
2026-02-18,ACC0000001603,CUST0000807,0.0,
2026-02-18,ACC0000001604,CUST0000807,0.0,
2026-02-18,ACC0000001605,CUST0000808,0.0,
2026-02-18,ACC0000001606,CUST0000808,2.855283875E7,
2026-02-18,ACC0000001607,CUST0000809,0.0,
2026-02-18,ACC0000001608,CUST0000810,0.0,
2026-02-18,ACC0000001609,CUST0000810,0.0,
2026-02-18,ACC0000001610,CUST0000811,0.0,
2026-02-18,ACC0000001611,CUST0000811,0.0,1.291212272E7
2026-02-18,ACC0000001612,CUST0000812,0.0,3.365284922E7
2026-02-18,ACC0000001613,CUST0000812,0.0,
2026-02-18,ACC0000001614,CUST0000813,0.0,
2026-02-18,ACC0000001615,CUST0000814,0.0,
2026-02-18,ACC0000001616,CUST0000814,0.0,3.697379945E7
2026-02-18,ACC0000001617,CUST0000814,0.0,
2026-02-18,ACC0000001618,CUST0000815,0.0,
2026-02-18,ACC0000001619,CUST0000816,0.0,9722870.5
2026-02-18,ACC0000001620,CUST0000816,0.0,
2026-02-18,ACC0000001621,CUST0000816,1.79576172E7,
2026-02-18,ACC0000001622,CUST0000817,0.0,2.244291232E7
2026-02-18,ACC0000001623,CUST0000817,0.0,
2026-02-18,ACC0000001624,CUST0000818,0.0,1.27716854E7
2026-02-18,ACC0000001625,CUST0000818,1.592361099E7,
2026-02-18,ACC0000001626,CUST0000819,0.0,3.378209351E7
2026-02-18,ACC0000001627,CUST0000819,0.0,
2026-02-18,ACC0000001628,CUST0000820,1.08886033E7,
2026-02-18,ACC0000001629,CUST0000821,1.273187986E7,
2026-02-18,ACC0000001630,CUST0000822,0.0,
2026-02-18,ACC0000001631,CUST0000822,0.0,
2026-02-18,ACC0000001632,CUST0000822,0.0,
2026-02-18,ACC0000001633,CUST0000823,0.0,
2026-02-18,ACC0000001634,CUST0000824,0.0,
2026-02-18,ACC0000001635,CUST0000824,0.0,
2026-02-18,ACC0000001636,CUST0000824,0.0,
2026-02-18,ACC0000001637,CUST0000825,0.0,1.815889159E7
2026-02-18,ACC0000001638,CUST0000825,2.892500585E7,
2026-02-18,ACC0000001639,CUST0000825,0.0,
2026-02-18,ACC0000001640,CUST0000826,2.448229343E7,
2026-02-18,ACC0000001641,CUST0000827,0.0,
2026-02-18,ACC0000001642,CUST0000828,0.0,
2026-02-18,ACC0000001643,CUST0000828,0.0,4.220202002E7
2026-02-18,ACC0000001644,CUST0000829,0.0,
2026-02-18,ACC0000001645,CUST0000830,0.0,8826195.9
2026-02-18,ACC0000001646,CUST0000830,0.0,
2026-02-18,ACC0000001647,CUST0000830,0.0,
2026-02-18,ACC0000001648,CUST0000831,4.579792185E7,
2026-02-18,ACC0000001649,CUST0000832,0.0,2.729284545E7
2026-02-18,ACC0000001650,CUST0000832,0.0,1.637636E7
2026-02-18,ACC0000001651,CUST0000832,1.974459389E7,
2026-02-18,ACC0000001652,CUST0000833,2.658605408E7,
2026-02-18,ACC0000001653,CUST0000833,0.0,1.498841614E7
2026-02-18,ACC0000001654,CUST0000834,0.0,
2026-02-18,ACC0000001655,CUST0000834,1.980513573E7,
2026-02-18,ACC0000001656,CUST0000835,0.0,4.958426409E7
2026-02-18,ACC0000001657,CUST0000835,3.176216971E7,
2026-02-18,ACC0000001658,CUST0000835,3.242931578E7,
2026-02-18,ACC0000001659,CUST0000836,0.0,
2026-02-18,ACC0000001660,CUST0000836,0.0,
2026-02-18,ACC0000001661,CUST0000837,1.612956539E7,
2026-02-18,ACC0000001662,CUST0000837,4.802152167E7,
2026-02-18,ACC0000001663,CUST0000838,0.0,
2026-02-18,ACC0000001664,CUST0000839,0.0,
2026-02-18,ACC0000001665,CUST0000839,0.0,
2026-02-18,ACC0000001666,CUST0000839,0.0,2.005577168E7
2026-02-18,ACC0000001667,CUST0000840,0.0,1.216571752E7
2026-02-18,ACC0000001668,CUST0000841,0.0,
2026-02-18,ACC0000001669,CUST0000842,7909941.1,
2026-02-18,ACC0000001670,CUST0000843,0.0,
2026-02-18,ACC0000001671,CUST0000843,0.0,
2026-02-18,ACC0000001672,CUST0000843,0.0,1.419169141E7
2026-02-18,ACC0000001673,CUST0000844,0.0,
2026-02-18,ACC0000001674,CUST0000844,0.0,
2026-02-18,ACC0000001675,CUST0000844,4.067262327E7,
2026-02-18,ACC0000001676,CUST0000845,0.0,
2026-02-18,ACC0000001677,CUST0000845,0.0,
2026-02-18,ACC0000001678,CUST0000845,0.0,
2026-02-18,ACC0000001679,CUST0000846,0.0,5081332.86
2026-02-18,ACC0000001680,CUST0000846,0.0,
2026-02-18,ACC0000001681,CUST0000847,0.0,
2026-02-18,ACC0000001682,CUST0000847,0.0,
2026-02-18,ACC0000001683,CUST0000848,0.0,
2026-02-18,ACC0000001684,CUST0000848,0.0,
2026-02-18,ACC0000001685,CUST0000849,0.0,
2026-02-18,ACC0000001686,CUST0000850,0.0,4.842826866E7
2026-02-18,ACC0000001687,CUST0000851,0.0,
2026-02-18,ACC0000001688,CUST0000851,0.0,
2026-02-18,ACC0000001689,CUST0000852,1.267888143E7,
2026-02-18,ACC0000001690,CUST0000852,0.0,1.733815172E7
2026-02-18,ACC0000001691,CUST0000852,0.0,
2026-02-18,ACC0000001692,CUST0000853,0.0,
2026-02-18,ACC0000001693,CUST0000854,0.0,
2026-02-18,ACC0000001694,CUST0000855,701368.21,
2026-02-18,ACC0000001695,CUST0000855,0.0,
2026-02-18,ACC0000001696,CUST0000856,0.0,3.072819037E7
2026-02-18,ACC0000001697,CUST0000857,0.0,3.795351958E7
2026-02-18,ACC0000001698,CUST0000858,0.0,
2026-02-18,ACC0000001699,CUST0000858,0.0,
2026-02-18,ACC0000001700,CUST0000858,0.0,
2026-02-18,ACC0000001701,CUST0000859,0.0,
2026-02-18,ACC0000001702,CUST0000860,3.697270629E7,
2026-02-18,ACC0000001703,CUST0000860,0.0,4.708491412E7
2026-02-18,ACC0000001704,CUST0000861,2.250340021E7,
2026-02-18,ACC0000001705,CUST0000861,0.0,
2026-02-18,ACC0000001706,CUST0000861,1.195464679E7,
2026-02-18,ACC0000001707,CUST0000862,0.0,
2026-02-18,ACC0000001708,CUST0000863,0.0,
2026-02-18,ACC0000001709,CUST0000863,0.0,2.184794363E7
2026-02-18,ACC0000001710,CUST0000864,2.197945963E7,
2026-02-18,ACC0000001711,CUST0000865,0.0,
2026-02-18,ACC0000001712,CUST0000865,0.0,
2026-02-18,ACC0000001713,CUST0000865,1.495187457E7,
2026-02-18,ACC0000001714,CUST0000866,0.0,
2026-02-18,ACC0000001715,CUST0000866,4.585489464E7,
2026-02-18,ACC0000001716,CUST0000866,6842641.98,
2026-02-18,ACC0000001717,CUST0000867,0.0,6642952.74
2026-02-18,ACC0000001718,CUST0000867,0.0,4.565841637E7
2026-02-18,ACC0000001719,CUST0000867,0.0,
2026-02-18,ACC0000001720,CUST0000868,0.0,
2026-02-18,ACC0000001721,CUST0000869,0.0,
2026-02-18,ACC0000001722,CUST0000869,2.767655548E7,
2026-02-18,ACC0000001723,CUST0000869,0.0,
2026-02-18,ACC0000001724,CUST0000870,0.0,4.811245663E7
2026-02-18,ACC0000001725,CUST0000870,0.0,
2026-02-18,ACC0000001726,CUST0000871,0.0,2.754496866E7
2026-02-18,ACC0000001727,CUST0000871,0.0,4.185762678E7
2026-02-18,ACC0000001728,CUST0000872,0.0,1.957292502E7
2026-02-18,ACC0000001729,CUST0000872,0.0,
2026-02-18,ACC0000001730,CUST0000873,0.0,
2026-02-18,ACC0000001731,CUST0000874,0.0,
2026-02-18,ACC0000001732,CUST0000874,2.43395477E7,
2026-02-18,ACC0000001733,CUST0000874,831887.23,
2026-02-18,ACC0000001734,CUST0000875,0.0,
2026-02-18,ACC0000001735,CUST0000876,0.0,
2026-02-18,ACC0000001736,CUST0000876,0.0,
2026-02-18,ACC0000001737,CUST0000877,0.0,2.223413743E7
2026-02-18,ACC0000001738,CUST0000877,0.0,
2026-02-18,ACC0000001739,CUST0000878,0.0,
2026-02-18,ACC0000001740,CUST0000879,2.604025442E7,
2026-02-18,ACC0000001741,CUST0000879,0.0,1.664618355E7
2026-02-18,ACC0000001742,CUST0000879,0.0,4.743957107E7
2026-02-18,ACC0000001743,CUST0000880,0.0,
2026-02-18,ACC0000001744,CUST0000880,1.30308976E7,
2026-02-18,ACC0000001745,CUST0000880,1.923627304E7,
2026-02-18,ACC0000001746,CUST0000881,6492792.8,
2026-02-18,ACC0000001747,CUST0000882,0.0,
2026-02-18,ACC0000001748,CUST0000882,0.0,2.730383774E7
2026-02-18,ACC0000001749,CUST0000883,0.0,
2026-02-18,ACC0000001750,CUST0000883,9916016.26,
2026-02-18,ACC0000001751,CUST0000884,0.0,1.787216122E7
2026-02-18,ACC0000001752,CUST0000884,0.0,
2026-02-18,ACC0000001753,CUST0000885,3.461690489E7,
2026-02-18,ACC0000001754,CUST0000885,0.0,
2026-02-18,ACC0000001755,CUST0000885,0.0,
2026-02-18,ACC0000001756,CUST0000886,0.0,4.537826661E7
2026-02-18,ACC0000001757,CUST0000886,3.459118824E7,
2026-02-18,ACC0000001758,CUST0000886,0.0,
2026-02-18,ACC0000001759,CUST0000887,0.0,
2026-02-18,ACC0000001760,CUST0000888,0.0,
2026-02-18,ACC0000001761,CUST0000888,0.0,2.175119918E7
2026-02-18,ACC0000001762,CUST0000888,0.0,
2026-02-18,ACC0000001763,CUST0000889,0.0,
2026-02-18,ACC0000001764,CUST0000889,0.0,3.006652347E7
2026-02-18,ACC0000001765,CUST0000890,4.163279593E7,
2026-02-18,ACC0000001766,CUST0000890,0.0,3.318710686E7
2026-02-18,ACC0000001767,CUST0000891,0.0,8826543.22
2026-02-18,ACC0000001768,CUST0000891,0.0,
2026-02-18,ACC0000001769,CUST0000892,5519808.87,
2026-02-18,ACC0000001770,CUST0000893,0.0,4.054368057E7
2026-02-18,ACC0000001771,CUST0000893,0.0,4.632328641E7
2026-02-18,ACC0000001772,CUST0000894,0.0,
2026-02-18,ACC0000001773,CUST0000894,0.0,
2026-02-18,ACC0000001774,CUST0000895,2.380627341E7,
2026-02-18,ACC0000001775,CUST0000895,0.0,
2026-02-18,ACC0000001776,CUST0000895,0.0,
2026-02-18,ACC0000001777,CUST0000896,0.0,
2026-02-18,ACC0000001778,CUST0000896,0.0,5159376.99
2026-02-18,ACC0000001779,CUST0000897,0.0,
2026-02-18,ACC0000001780,CUST0000897,8060685.46,
2026-02-18,ACC0000001781,CUST0000897,0.0,
2026-02-18,ACC0000001782,CUST0000898,0.0,1.093118764E7
2026-02-18,ACC0000001783,CUST0000898,0.0,
2026-02-18,ACC0000001784,CUST0000898,2523057.88,
2026-02-18,ACC0000001785,CUST0000899,0.0,
2026-02-18,ACC0000001786,CUST0000899,0.0,
2026-02-18,ACC0000001787,CUST0000899,0.0,
2026-02-18,ACC0000001788,CUST0000900,0.0,
2026-02-18,ACC0000001789,CUST0000900,0.0,
2026-02-18,ACC0000001790,CUST0000901,0.0,
2026-02-18,ACC0000001791,CUST0000901,0.0,
2026-02-18,ACC0000001792,CUST0000901,0.0,
2026-02-18,ACC0000001793,CUST0000902,0.0,
2026-02-18,ACC0000001794,CUST0000902,0.0,
2026-02-18,ACC0000001795,CUST0000902,0.0,
2026-02-18,ACC0000001796,CUST0000903,0.0,
2026-02-18,ACC0000001797,CUST0000903,0.0,
2026-02-18,ACC0000001798,CUST0000903,0.0,
2026-02-18,ACC0000001799,CUST0000904,0.0,
2026-02-18,ACC0000001800,CUST0000904,0.0,4.57988472E7
2026-02-18,ACC0000001801,CUST0000905,0.0,3.865370335E7
2026-02-18,ACC0000001802,CUST0000905,3.968858222E7,
2026-02-18,ACC0000001803,CUST0000905,2.783823527E7,
2026-02-18,ACC0000001804,CUST0000906,0.0,
2026-02-18,ACC0000001805,CUST0000907,3.080670304E7,
2026-02-18,ACC0000001806,CUST0000907,0.0,3.924908559E7
2026-02-18,ACC0000001807,CUST0000907,0.0,
2026-02-18,ACC0000001808,CUST0000908,6889759.98,
2026-02-18,ACC0000001809,CUST0000908,5228772.77,
2026-02-18,ACC0000001810,CUST0000908,0.0,2.848954639E7
2026-02-18,ACC0000001811,CUST0000909,1.663334065E7,
2026-02-18,ACC0000001812,CUST0000910,2.645674817E7,
2026-02-18,ACC0000001813,CUST0000911,4.758117457E7,
2026-02-18,ACC0000001814,CUST0000912,0.0,7150337.19
2026-02-18,ACC0000001815,CUST0000913,0.0,
2026-02-18,ACC0000001816,CUST0000914,0.0,
2026-02-18,ACC0000001817,CUST0000914,0.0,4.494911333E7
2026-02-18,ACC0000001818,CUST0000915,2.865470274E7,
2026-02-18,ACC0000001819,CUST0000916,7490869.38,
2026-02-18,ACC0000001820,CUST0000916,1.381943246E7,
2026-02-18,ACC0000001821,CUST0000917,0.0,
2026-02-18,ACC0000001822,CUST0000917,2.440122221E7,
2026-02-18,ACC0000001823,CUST0000917,0.0,
2026-02-18,ACC0000001824,CUST0000918,0.0,2.402244586E7
2026-02-18,ACC0000001825,CUST0000919,4197259.13,
2026-02-18,ACC0000001826,CUST0000919,0.0,2.677692172E7
2026-02-18,ACC0000001827,CUST0000920,0.0,2.189368839E7
2026-02-18,ACC0000001828,CUST0000920,4.597320336E7,
2026-02-18,ACC0000001829,CUST0000920,0.0,
2026-02-18,ACC0000001830,CUST0000921,0.0,
2026-02-18,ACC0000001831,CUST0000921,0.0,
2026-02-18,ACC0000001832,CUST0000921,0.0,8571615.35
2026-02-18,ACC0000001833,CUST0000922,0.0,4.786486785E7
2026-02-18,ACC0000001834,CUST0000922,0.0,1.979972935E7
2026-02-18,ACC0000001835,CUST0000923,0.0,5969238.16
2026-02-18,ACC0000001836,CUST0000923,0.0,1.252032489E7
2026-02-18,ACC0000001837,CUST0000923,0.0,
2026-02-18,ACC0000001838,CUST0000924,4.119461003E7,
2026-02-18,ACC0000001839,CUST0000924,0.0,
2026-02-18,ACC0000001840,CUST0000925,0.0,
2026-02-18,ACC0000001841,CUST0000926,0.0,
2026-02-18,ACC0000001842,CUST0000927,0.0,1.260573817E7
2026-02-18,ACC0000001843,CUST0000927,0.0,
2026-02-18,ACC0000001844,CUST0000928,0.0,
2026-02-18,ACC0000001845,CUST0000928,0.0,
2026-02-18,ACC0000001846,CUST0000928,4.857147117E7,
2026-02-18,ACC0000001847,CUST0000929,0.0,
2026-02-18,ACC0000001848,CUST0000929,0.0,4.600093466E7
2026-02-18,ACC0000001849,CUST0000930,0.0,1.719585328E7
2026-02-18,ACC0000001850,CUST0000931,0.0,2.461697448E7
2026-02-18,ACC0000001851,CUST0000931,0.0,
2026-02-18,ACC0000001852,CUST0000931,1.516154584E7,
2026-02-18,ACC0000001853,CUST0000932,1.02602488E7,
2026-02-18,ACC0000001854,CUST0000933,0.0,4.125874017E7
2026-02-18,ACC0000001855,CUST0000933,0.0,3.481693214E7
2026-02-18,ACC0000001856,CUST0000934,4.643434183E7,
2026-02-18,ACC0000001857,CUST0000934,1.373608086E7,
2026-02-18,ACC0000001858,CUST0000934,0.0,
2026-02-18,ACC0000001859,CUST0000935,0.0,
2026-02-18,ACC0000001860,CUST0000936,0.0,
2026-02-18,ACC0000001861,CUST0000936,0.0,
2026-02-18,ACC0000001862,CUST0000937,6687967.1,
2026-02-18,ACC0000001863,CUST0000938,0.0,2.010387413E7
2026-02-18,ACC0000001864,CUST0000938,0.0,
2026-02-18,ACC0000001865,CUST0000939,0.0,
2026-02-18,ACC0000001866,CUST0000939,1.081367348E7,
2026-02-18,ACC0000001867,CUST0000939,4.51364617E7,
2026-02-18,ACC0000001868,CUST0000940,0.0,
2026-02-18,ACC0000001869,CUST0000941,0.0,1.680752241E7
2026-02-18,ACC0000001870,CUST0000942,0.0,
2026-02-18,ACC0000001871,CUST0000942,0.0,
2026-02-18,ACC0000001872,CUST0000943,0.0,2.383593326E7
2026-02-18,ACC0000001873,CUST0000943,0.0,2.280088887E7
2026-02-18,ACC0000001874,CUST0000943,506381.58,
2026-02-18,ACC0000001875,CUST0000944,0.0,2.262777909E7
2026-02-18,ACC0000001876,CUST0000945,0.0,4.063702442E7
2026-02-18,ACC0000001877,CUST0000945,0.0,
2026-02-18,ACC0000001878,CUST0000945,0.0,4.589202245E7
2026-02-18,ACC0000001879,CUST0000946,0.0,
2026-02-18,ACC0000001880,CUST0000946,0.0,
2026-02-18,ACC0000001881,CUST0000947,0.0,
2026-02-18,ACC0000001882,CUST0000948,0.0,5631763.08
2026-02-18,ACC0000001883,CUST0000949,0.0,
2026-02-18,ACC0000001884,CUST0000949,0.0,
2026-02-18,ACC0000001885,CUST0000950,0.0,3.239597213E7
2026-02-18,ACC0000001886,CUST0000950,3.568916467E7,
2026-02-18,ACC0000001887,CUST0000950,6593692.74,
2026-02-18,ACC0000001888,CUST0000951,0.0,
2026-02-18,ACC0000001889,CUST0000952,4.44927937E7,
2026-02-18,ACC0000001890,CUST0000953,0.0,
2026-02-18,ACC0000001891,CUST0000953,3.617216214E7,
2026-02-18,ACC0000001892,CUST0000953,0.0,5625427.64
2026-02-18,ACC0000001893,CUST0000954,0.0,4.774742898E7
2026-02-18,ACC0000001894,CUST0000954,0.0,
2026-02-18,ACC0000001895,CUST0000954,0.0,
2026-02-18,ACC0000001896,CUST0000955,0.0,1.237698669E7
2026-02-18,ACC0000001897,CUST0000955,0.0,
2026-02-18,ACC0000001898,CUST0000956,0.0,
2026-02-18,ACC0000001899,CUST0000956,0.0,3.912250186E7
2026-02-18,ACC0000001900,CUST0000956,0.0,
2026-02-18,ACC0000001901,CUST0000957,0.0,6220171.46
2026-02-18,ACC0000001902,CUST0000957,0.0,9980704.74
2026-02-18,ACC0000001903,CUST0000957,0.0,
2026-02-18,ACC0000001904,CUST0000958,0.0,
2026-02-18,ACC0000001905,CUST0000958,6885333.58,
2026-02-18,ACC0000001906,CUST0000958,0.0,
2026-02-18,ACC0000001907,CUST0000959,0.0,
2026-02-18,ACC0000001908,CUST0000959,5273731.15,
2026-02-18,ACC0000001909,CUST0000960,0.0,3.575675593E7
2026-02-18,ACC0000001910,CUST0000960,0.0,2.182371613E7
2026-02-18,ACC0000001911,CUST0000961,2.76055399E7,
2026-02-18,ACC0000001912,CUST0000961,0.0,1.93592165E7
2026-02-18,ACC0000001913,CUST0000962,0.0,
2026-02-18,ACC0000001914,CUST0000962,0.0,
2026-02-18,ACC0000001915,CUST0000962,0.0,
2026-02-18,ACC0000001916,CUST0000963,3.070280189E7,
2026-02-18,ACC0000001917,CUST0000963,0.0,
2026-02-18,ACC0000001918,CUST0000964,4.625447262E7,
2026-02-18,ACC0000001919,CUST0000964,0.0,
2026-02-18,ACC0000001920,CUST0000964,0.0,
2026-02-18,ACC0000001921,CUST0000965,0.0,
2026-02-18,ACC0000001922,CUST0000965,7394785.33,
2026-02-18,ACC0000001923,CUST0000966,0.0,2.181736678E7
2026-02-18,ACC0000001924,CUST0000966,0.0,
2026-02-18,ACC0000001925,CUST0000967,0.0,
2026-02-18,ACC0000001926,CUST0000967,0.0,
2026-02-18,ACC0000001927,CUST0000968,0.0,8306395.62
2026-02-18,ACC0000001928,CUST0000968,0.0,
2026-02-18,ACC0000001929,CUST0000968,0.0,3.633470632E7
2026-02-18,ACC0000001930,CUST0000969,0.0,
2026-02-18,ACC0000001931,CUST0000970,0.0,
2026-02-18,ACC0000001932,CUST0000971,4.226196179E7,
2026-02-18,ACC0000001933,CUST0000972,4.371607299E7,
2026-02-18,ACC0000001934,CUST0000972,2.745783066E7,
2026-02-18,ACC0000001935,CUST0000972,0.0,
2026-02-18,ACC0000001936,CUST0000973,0.0,3.561299327E7
2026-02-18,ACC0000001937,CUST0000974,0.0,
2026-02-18,ACC0000001938,CUST0000974,0.0,
2026-02-18,ACC0000001939,CUST0000975,0.0,3.650028252E7
2026-02-18,ACC0000001940,CUST0000975,2.80070195E7,
2026-02-18,ACC0000001941,CUST0000976,0.0,
2026-02-18,ACC0000001942,CUST0000977,0.0,
2026-02-18,ACC0000001943,CUST0000977,4.719235039E7,
2026-02-18,ACC0000001944,CUST0000978,0.0,4.681631718E7
2026-02-18,ACC0000001945,CUST0000979,0.0,
2026-02-18,ACC0000001946,CUST0000979,0.0,
2026-02-18,ACC0000001947,CUST0000979,1.04035846E7,
2026-02-18,ACC0000001948,CUST0000980,0.0,2.648999752E7
2026-02-18,ACC0000001949,CUST0000980,0.0,
2026-02-18,ACC0000001950,CUST0000981,0.0,
2026-02-18,ACC0000001951,CUST0000981,0.0,
2026-02-18,ACC0000001952,CUST0000981,0.0,8350082.23
2026-02-18,ACC0000001953,CUST0000982,0.0,1.465344021E7
2026-02-18,ACC0000001954,CUST0000982,1774188.37,
2026-02-18,ACC0000001955,CUST0000983,0.0,
2026-02-18,ACC0000001956,CUST0000984,0.0,4.317198524E7
2026-02-18,ACC0000001957,CUST0000984,1.22268287E7,
2026-02-18,ACC0000001958,CUST0000984,0.0,
2026-02-18,ACC0000001959,CUST0000985,0.0,
2026-02-18,ACC0000001960,CUST0000986,0.0,3.722337832E7
2026-02-18,ACC0000001961,CUST0000986,0.0,2.591435236E7
2026-02-18,ACC0000001962,CUST0000986,0.0,
2026-02-18,ACC0000001963,CUST0000987,0.0,4.935760554E7
2026-02-18,ACC0000001964,CUST0000988,0.0,4.439062546E7
2026-02-18,ACC0000001965,CUST0000988,0.0,
2026-02-18,ACC0000001966,CUST0000988,9359133.13,
2026-02-18,ACC0000001967,CUST0000989,0.0,
2026-02-18,ACC0000001968,CUST0000989,0.0,
2026-02-18,ACC0000001969,CUST0000989,0.0,1.968555291E7
2026-02-18,ACC0000001970,CUST0000990,4.281475131E7,
2026-02-18,ACC0000001971,CUST0000990,0.0,
2026-02-18,ACC0000001972,CUST0000991,0.0,3.512773706E7
2026-02-18,ACC0000001973,CUST0000992,0.0,2.908920032E7
2026-02-18,ACC0000001974,CUST0000992,3.070206254E7,
2026-02-18,ACC0000001975,CUST0000993,0.0,
2026-02-18,ACC0000001976,CUST0000994,0.0,
2026-02-18,ACC0000001977,CUST0000995,3.981300433E7,
2026-02-18,ACC0000001978,CUST0000995,0.0,
2026-02-18,ACC0000001979,CUST0000995,0.0,
2026-02-18,ACC0000001980,CUST0000996,0.0,
2026-02-18,ACC0000001981,CUST0000996,4.095806978E7,
2026-02-18,ACC0000001982,CUST0000997,0.0,
2026-02-18,ACC0000001983,CUST0000997,0.0,
2026-02-18,ACC0000001984,CUST0000997,0.0,8061284.33
2026-02-18,ACC0000001985,CUST0000998,0.0,
2026-02-18,ACC0000001986,CUST0000998,0.0,
2026-02-18,ACC0000001987,CUST0000999,8287258.24,
2026-02-18,ACC0000001988,CUST0000999,3.25549033E7,
2026-02-18,ACC0000001989,CUST0001000,0.0,2.625320617E7
2026-02-18,ACC0000001990,CUST0001000,0.0,3.364630067E7
2026-02-18,ACC0000001991,CUST0001001,0.0,3.026207815E7
2026-02-18,ACC0000001992,CUST0001002,0.0,
2026-02-18,ACC0000001993,CUST0001002,0.0,
2026-02-18,ACC0000001994,CUST0001003,9398127.8,
2026-02-18,ACC0000001995,CUST0001003,0.0,
2026-02-18,ACC0000001996,CUST0001004,1.094205197E7,
2026-02-18,ACC0000001997,CUST0001005,0.0,
2026-02-18,ACC0000001998,CUST0001005,0.0,2.633830664E7
2026-02-18,ACC0000001999,CUST0001005,0.0,
2026-02-18,ACC0000002000,CUST0001006,4.684101559E7,
2026-02-18,ACC0000002001,CUST0001006,1.146146699E7,
2026-02-18,ACC0000002002,CUST0001007,0.0,2.162485446E7
2026-02-18,ACC0000002003,CUST0001008,2.409095573E7,
2026-02-18,ACC0000002004,CUST0001008,0.0,1.312085113E7
2026-02-18,ACC0000002005,CUST0001008,0.0,
2026-02-18,ACC0000002006,CUST0001009,0.0,4.333570328E7
2026-02-18,ACC0000002007,CUST0001010,0.0,4.935692517E7
2026-02-18,ACC0000002008,CUST0001010,0.0,
2026-02-18,ACC0000002009,CUST0001010,0.0,
2026-02-18,ACC0000002010,CUST0001011,0.0,3.541835402E7
2026-02-18,ACC0000002011,CUST0001011,3.182983674E7,
2026-02-18,ACC0000002012,CUST0001012,0.0,
2026-02-18,ACC0000002013,CUST0001012,0.0,4.957409077E7
2026-02-18,ACC0000002014,CUST0001013,0.0,1.827297506E7
2026-02-18,ACC0000002015,CUST0001014,0.0,
2026-02-18,ACC0000002016,CUST0001015,0.0,
2026-02-18,ACC0000002017,CUST0001015,2.560797707E7,
2026-02-18,ACC0000002018,CUST0001015,0.0,2.209924816E7
2026-02-18,ACC0000002019,CUST0001016,0.0,
2026-02-18,ACC0000002020,CUST0001016,0.0,
2026-02-18,ACC0000002021,CUST0001017,2.696329013E7,
2026-02-18,ACC0000002022,CUST0001018,0.0,
2026-02-18,ACC0000002023,CUST0001018,0.0,1.882177807E7
2026-02-18,ACC0000002024,CUST0001019,0.0,
2026-02-18,ACC0000002025,CUST0001020,1.205638034E7,
2026-02-18,ACC0000002026,CUST0001020,0.0,
2026-02-18,ACC0000002027,CUST0001021,0.0,
2026-02-18,ACC0000002028,CUST0001021,0.0,
2026-02-18,ACC0000002029,CUST0001022,0.0,4.439073754E7
2026-02-18,ACC0000002030,CUST0001023,3.045315414E7,
2026-02-18,ACC0000002031,CUST0001023,0.0,
2026-02-18,ACC0000002032,CUST0001023,0.0,
2026-02-18,ACC0000002033,CUST0001024,0.0,
2026-02-18,ACC0000002034,CUST0001025,0.0,
2026-02-18,ACC0000002035,CUST0001025,0.0,
2026-02-18,ACC0000002036,CUST0001026,0.0,
2026-02-18,ACC0000002037,CUST0001026,0.0,
2026-02-18,ACC0000002038,CUST0001026,0.0,1.783602712E7
2026-02-18,ACC0000002039,CUST0001027,0.0,
2026-02-18,ACC0000002040,CUST0001027,0.0,
2026-02-18,ACC0000002041,CUST0001028,0.0,3.57680906E7
2026-02-18,ACC0000002042,CUST0001029,0.0,
2026-02-18,ACC0000002043,CUST0001030,1.375406846E7,
2026-02-18,ACC0000002044,CUST0001030,0.0,
2026-02-18,ACC0000002045,CUST0001030,0.0,1.208075688E7
2026-02-18,ACC0000002046,CUST0001031,1.731481654E7,
2026-02-18,ACC0000002047,CUST0001032,0.0,
2026-02-18,ACC0000002048,CUST0001032,0.0,
2026-02-18,ACC0000002049,CUST0001033,0.0,4.178769286E7
2026-02-18,ACC0000002050,CUST0001033,1.54589379E7,
2026-02-18,ACC0000002051,CUST0001033,0.0,4.163030794E7
2026-02-18,ACC0000002052,CUST0001034,0.0,
2026-02-18,ACC0000002053,CUST0001034,0.0,3.79618842E7
2026-02-18,ACC0000002054,CUST0001035,6860570.15,
2026-02-18,ACC0000002055,CUST0001035,0.0,
2026-02-18,ACC0000002056,CUST0001035,0.0,
2026-02-18,ACC0000002057,CUST0001036,0.0,
2026-02-18,ACC0000002058,CUST0001036,0.0,1.309672289E7
2026-02-18,ACC0000002059,CUST0001036,0.0,
2026-02-18,ACC0000002060,CUST0001037,0.0,
2026-02-18,ACC0000002061,CUST0001038,0.0,2.068641224E7
2026-02-18,ACC0000002062,CUST0001038,1.687186232E7,
2026-02-18,ACC0000002063,CUST0001039,3.378308922E7,
2026-02-18,ACC0000002064,CUST0001039,0.0,2.330378974E7
2026-02-18,ACC0000002065,CUST0001039,0.0,
2026-02-18,ACC0000002066,CUST0001040,0.0,
2026-02-18,ACC0000002067,CUST0001041,0.0,
2026-02-18,ACC0000002068,CUST0001041,0.0,1.631572484E7
2026-02-18,ACC0000002069,CUST0001041,4.680752109E7,
2026-02-18,ACC0000002070,CUST0001042,0.0,
2026-02-18,ACC0000002071,CUST0001043,0.0,7060664.61
2026-02-18,ACC0000002072,CUST0001043,0.0,
2026-02-18,ACC0000002073,CUST0001044,0.0,9177598.9
2026-02-18,ACC0000002074,CUST0001045,0.0,
2026-02-18,ACC0000002075,CUST0001046,0.0,
2026-02-18,ACC0000002076,CUST0001046,0.0,
2026-02-18,ACC0000002077,CUST0001047,0.0,
2026-02-18,ACC0000002078,CUST0001047,2.04651555E7,
2026-02-18,ACC0000002079,CUST0001047,0.0,3.532966589E7
2026-02-18,ACC0000002080,CUST0001048,0.0,
2026-02-18,ACC0000002081,CUST0001049,3.122153394E7,
2026-02-18,ACC0000002082,CUST0001049,0.0,
2026-02-18,ACC0000002083,CUST0001050,1.508478194E7,
2026-02-18,ACC0000002084,CUST0001051,4.59988149E7,
2026-02-18,ACC0000002085,CUST0001051,0.0,
2026-02-18,ACC0000002086,CUST0001051,0.0,
2026-02-18,ACC0000002087,CUST0001052,0.0,
2026-02-18,ACC0000002088,CUST0001052,0.0,
2026-02-18,ACC0000002089,CUST0001053,0.0,
2026-02-18,ACC0000002090,CUST0001053,0.0,
2026-02-18,ACC0000002091,CUST0001054,2.297999652E7,
2026-02-18,ACC0000002092,CUST0001054,0.0,4.39714232E7
2026-02-18,ACC0000002093,CUST0001055,0.0,4.033984183E7
2026-02-18,ACC0000002094,CUST0001055,0.0,
2026-02-18,ACC0000002095,CUST0001056,0.0,
2026-02-18,ACC0000002096,CUST0001057,0.0,
2026-02-18,ACC0000002097,CUST0001057,0.0,
2026-02-18,ACC0000002098,CUST0001057,1.381624634E7,
2026-02-18,ACC0000002099,CUST0001058,0.0,3.095868615E7
2026-02-18,ACC0000002100,CUST0001058,3.059544888E7,
2026-02-18,ACC0000002101,CUST0001058,0.0,9682120.21
2026-02-18,ACC0000002102,CUST0001059,3.719038898E7,
2026-02-18,ACC0000002103,CUST0001059,0.0,
2026-02-18,ACC0000002104,CUST0001060,1.876474823E7,
2026-02-18,ACC0000002105,CUST0001060,0.0,
2026-02-18,ACC0000002106,CUST0001060,4.391766302E7,
2026-02-18,ACC0000002107,CUST0001061,0.0,
2026-02-18,ACC0000002108,CUST0001061,0.0,
2026-02-18,ACC0000002109,CUST0001061,0.0,
2026-02-18,ACC0000002110,CUST0001062,0.0,2.486164872E7
2026-02-18,ACC0000002111,CUST0001062,0.0,3.025217348E7
2026-02-18,ACC0000002112,CUST0001063,0.0,2.414640915E7
2026-02-18,ACC0000002113,CUST0001064,0.0,
2026-02-18,ACC0000002114,CUST0001065,0.0,
2026-02-18,ACC0000002115,CUST0001065,0.0,
2026-02-18,ACC0000002116,CUST0001065,0.0,
2026-02-18,ACC0000002117,CUST0001066,0.0,
2026-02-18,ACC0000002118,CUST0001066,0.0,3.592601704E7
2026-02-18,ACC0000002119,CUST0001066,2.618483127E7,
2026-02-18,ACC0000002120,CUST0001067,0.0,2.897660299E7
2026-02-18,ACC0000002121,CUST0001067,1.529527849E7,
2026-02-18,ACC0000002122,CUST0001067,0.0,1.899699388E7
2026-02-18,ACC0000002123,CUST0001068,0.0,
2026-02-18,ACC0000002124,CUST0001068,4.424206222E7,
2026-02-18,ACC0000002125,CUST0001069,0.0,4.904580773E7
2026-02-18,ACC0000002126,CUST0001069,2.128992879E7,
2026-02-18,ACC0000002127,CUST0001069,0.0,
2026-02-18,ACC0000002128,CUST0001070,3.586442568E7,
2026-02-18,ACC0000002129,CUST0001070,0.0,4.709692837E7
2026-02-18,ACC0000002130,CUST0001070,0.0,
2026-02-18,ACC0000002131,CUST0001071,0.0,
2026-02-18,ACC0000002132,CUST0001071,0.0,
2026-02-18,ACC0000002133,CUST0001072,2.157999063E7,
2026-02-18,ACC0000002134,CUST0001072,0.0,4.26523964E7
2026-02-18,ACC0000002135,CUST0001072,0.0,
2026-02-18,ACC0000002136,CUST0001073,1.769847205E7,
2026-02-18,ACC0000002137,CUST0001074,0.0,4.917261166E7
2026-02-18,ACC0000002138,CUST0001075,3.678257393E7,
2026-02-18,ACC0000002139,CUST0001075,0.0,
2026-02-18,ACC0000002140,CUST0001076,4.749176291E7,
2026-02-18,ACC0000002141,CUST0001077,0.0,
2026-02-18,ACC0000002142,CUST0001078,0.0,
2026-02-18,ACC0000002143,CUST0001079,3.888269222E7,
2026-02-18,ACC0000002144,CUST0001079,0.0,3.08373198E7
2026-02-18,ACC0000002145,CUST0001080,0.0,1.231156771E7
2026-02-18,ACC0000002146,CUST0001080,0.0,
2026-02-18,ACC0000002147,CUST0001080,0.0,2.899946608E7
2026-02-18,ACC0000002148,CUST0001081,0.0,4.784468602E7
2026-02-18,ACC0000002149,CUST0001081,0.0,8258950.94
2026-02-18,ACC0000002150,CUST0001082,0.0,
2026-02-18,ACC0000002151,CUST0001082,2.213578608E7,
2026-02-18,ACC0000002152,CUST0001083,1.165130957E7,
2026-02-18,ACC0000002153,CUST0001083,0.0,3.607575955E7
2026-02-18,ACC0000002154,CUST0001084,0.0,
2026-02-18,ACC0000002155,CUST0001085,0.0,
2026-02-18,ACC0000002156,CUST0001086,0.0,
2026-02-18,ACC0000002157,CUST0001086,0.0,7507886.55
2026-02-18,ACC0000002158,CUST0001086,0.0,
2026-02-18,ACC0000002159,CUST0001087,0.0,4.994277297E7
2026-02-18,ACC0000002160,CUST0001087,0.0,
2026-02-18,ACC0000002161,CUST0001087,0.0,3.498574434E7
2026-02-18,ACC0000002162,CUST0001088,3.991786857E7,
2026-02-18,ACC0000002163,CUST0001089,4.891049968E7,
2026-02-18,ACC0000002164,CUST0001089,0.0,
2026-02-18,ACC0000002165,CUST0001089,0.0,
2026-02-18,ACC0000002166,CUST0001090,0.0,
2026-02-18,ACC0000002167,CUST0001090,0.0,9186507.49
2026-02-18,ACC0000002168,CUST0001090,1.567551035E7,
2026-02-18,ACC0000002169,CUST0001091,0.0,
2026-02-18,ACC0000002170,CUST0001091,1.366010936E7,
2026-02-18,ACC0000002171,CUST0001091,8470019.65,
2026-02-18,ACC0000002172,CUST0001092,3.435893995E7,
2026-02-18,ACC0000002173,CUST0001092,3.534228592E7,
2026-02-18,ACC0000002174,CUST0001093,0.0,
2026-02-18,ACC0000002175,CUST0001093,0.0,
2026-02-18,ACC0000002176,CUST0001094,0.0,
2026-02-18,ACC0000002177,CUST0001095,0.0,
2026-02-18,ACC0000002178,CUST0001096,0.0,2.501366206E7
2026-02-18,ACC0000002179,CUST0001096,0.0,
2026-02-18,ACC0000002180,CUST0001096,0.0,2.04477467E7
2026-02-18,ACC0000002181,CUST0001097,0.0,
2026-02-18,ACC0000002182,CUST0001098,4.238624131E7,
2026-02-18,ACC0000002183,CUST0001098,0.0,
2026-02-18,ACC0000002184,CUST0001098,0.0,4.958648897E7
2026-02-18,ACC0000002185,CUST0001099,0.0,
2026-02-18,ACC0000002186,CUST0001099,5537963.41,
2026-02-18,ACC0000002187,CUST0001099,4.523657952E7,
2026-02-18,ACC0000002188,CUST0001100,0.0,3.41222095E7
2026-02-18,ACC0000002189,CUST0001100,0.0,
2026-02-18,ACC0000002190,CUST0001100,0.0,
2026-02-18,ACC0000002191,CUST0001101,0.0,
2026-02-18,ACC0000002192,CUST0001101,0.0,
2026-02-18,ACC0000002193,CUST0001101,1.700339335E7,
2026-02-18,ACC0000002194,CUST0001102,0.0,
2026-02-18,ACC0000002195,CUST0001102,4429436.89,
2026-02-18,ACC0000002196,CUST0001103,0.0,
2026-02-18,ACC0000002197,CUST0001103,2.344688837E7,
2026-02-18,ACC0000002198,CUST0001103,0.0,1.810522374E7
2026-02-18,ACC0000002199,CUST0001104,0.0,2.577560249E7
2026-02-18,ACC0000002200,CUST0001104,0.0,1.943276274E7
2026-02-18,ACC0000002201,CUST0001104,0.0,3.780125844E7
2026-02-18,ACC0000002202,CUST0001105,0.0,
2026-02-18,ACC0000002203,CUST0001105,0.0,1.887255903E7
2026-02-18,ACC0000002204,CUST0001106,0.0,4.689062005E7
2026-02-18,ACC0000002205,CUST0001107,0.0,
2026-02-18,ACC0000002206,CUST0001107,2244768.43,
2026-02-18,ACC0000002207,CUST0001108,0.0,2.584970575E7
2026-02-18,ACC0000002208,CUST0001108,0.0,
2026-02-18,ACC0000002209,CUST0001109,0.0,
2026-02-18,ACC0000002210,CUST0001109,0.0,4.782222288E7
2026-02-18,ACC0000002211,CUST0001109,1.575976897E7,
2026-02-18,ACC0000002212,CUST0001110,0.0,
2026-02-18,ACC0000002213,CUST0001110,0.0,
2026-02-18,ACC0000002214,CUST0001111,0.0,
2026-02-18,ACC0000002215,CUST0001111,0.0,2.341403962E7
2026-02-18,ACC0000002216,CUST0001111,0.0,3.962697683E7
2026-02-18,ACC0000002217,CUST0001112,0.0,
2026-02-18,ACC0000002218,CUST0001112,0.0,4.681393478E7
2026-02-18,ACC0000002219,CUST0001112,0.0,4.472906988E7
2026-02-18,ACC0000002220,CUST0001113,0.0,2.227960959E7
2026-02-18,ACC0000002221,CUST0001113,0.0,
2026-02-18,ACC0000002222,CUST0001113,8712195.99,
2026-02-18,ACC0000002223,CUST0001114,0.0,
2026-02-18,ACC0000002224,CUST0001114,0.0,
2026-02-18,ACC0000002225,CUST0001114,0.0,1.127910661E7
2026-02-18,ACC0000002226,CUST0001115,2.506221142E7,
2026-02-18,ACC0000002227,CUST0001115,4651933.36,
2026-02-18,ACC0000002228,CUST0001115,0.0,
2026-02-18,ACC0000002229,CUST0001116,0.0,
2026-02-18,ACC0000002230,CUST0001117,2.694987798E7,
2026-02-18,ACC0000002231,CUST0001117,8947491.96,
2026-02-18,ACC0000002232,CUST0001118,0.0,1.279747429E7
2026-02-18,ACC0000002233,CUST0001119,0.0,
2026-02-18,ACC0000002234,CUST0001120,0.0,2.452513564E7
2026-02-18,ACC0000002235,CUST0001120,0.0,4.209058897E7
2026-02-18,ACC0000002236,CUST0001120,0.0,3.157784353E7
2026-02-18,ACC0000002237,CUST0001121,0.0,3.452353835E7
2026-02-18,ACC0000002238,CUST0001121,2.484505781E7,
2026-02-18,ACC0000002239,CUST0001121,0.0,
2026-02-18,ACC0000002240,CUST0001122,0.0,3.623435599E7
2026-02-18,ACC0000002241,CUST0001123,0.0,
2026-02-18,ACC0000002242,CUST0001124,0.0,
2026-02-18,ACC0000002243,CUST0001125,3.47942986E7,
2026-02-18,ACC0000002244,CUST0001125,0.0,2.849133484E7
2026-02-18,ACC0000002245,CUST0001126,0.0,3.95211235E7
2026-02-18,ACC0000002246,CUST0001127,0.0,3.621171383E7
2026-02-18,ACC0000002247,CUST0001127,0.0,
2026-02-18,ACC0000002248,CUST0001127,0.0,2.216511025E7
2026-02-18,ACC0000002249,CUST0001128,0.0,
2026-02-18,ACC0000002250,CUST0001128,2.475006279E7,
2026-02-18,ACC0000002251,CUST0001129,3614995.16,
2026-02-18,ACC0000002252,CUST0001130,3.031787066E7,
2026-02-18,ACC0000002253,CUST0001130,0.0,
2026-02-18,ACC0000002254,CUST0001130,0.0,
2026-02-18,ACC0000002255,CUST0001131,0.0,3.370301737E7
2026-02-18,ACC0000002256,CUST0001131,0.0,
2026-02-18,ACC0000002257,CUST0001132,0.0,
2026-02-18,ACC0000002258,CUST0001132,0.0,
2026-02-18,ACC0000002259,CUST0001132,4.215363635E7,
2026-02-18,ACC0000002260,CUST0001133,0.0,2.347657265E7
2026-02-18,ACC0000002261,CUST0001133,0.0,
2026-02-18,ACC0000002262,CUST0001134,4.893142139E7,
2026-02-18,ACC0000002263,CUST0001134,0.0,2.922928098E7
2026-02-18,ACC0000002264,CUST0001134,0.0,3.613468223E7
2026-02-18,ACC0000002265,CUST0001135,1.723368857E7,
2026-02-18,ACC0000002266,CUST0001135,0.0,
2026-02-18,ACC0000002267,CUST0001135,0.0,
2026-02-18,ACC0000002268,CUST0001136,0.0,4.201075041E7
2026-02-18,ACC0000002269,CUST0001137,0.0,
2026-02-18,ACC0000002270,CUST0001138,0.0,
2026-02-18,ACC0000002271,CUST0001139,0.0,9912893.61
2026-02-18,ACC0000002272,CUST0001139,0.0,
2026-02-18,ACC0000002273,CUST0001139,0.0,
2026-02-18,ACC0000002274,CUST0001140,0.0,
2026-02-18,ACC0000002275,CUST0001140,0.0,
2026-02-18,ACC0000002276,CUST0001141,0.0,
2026-02-18,ACC0000002277,CUST0001141,0.0,
2026-02-18,ACC0000002278,CUST0001142,1.800728844E7,
2026-02-18,ACC0000002279,CUST0001142,0.0,3.001510476E7
2026-02-18,ACC0000002280,CUST0001143,0.0,2.473042609E7
2026-02-18,ACC0000002281,CUST0001143,0.0,2.33166804E7
2026-02-18,ACC0000002282,CUST0001143,3.647551338E7,
2026-02-18,ACC0000002283,CUST0001144,0.0,5049042.29
2026-02-18,ACC0000002284,CUST0001144,4.427757908E7,
2026-02-18,ACC0000002285,CUST0001145,0.0,
2026-02-18,ACC0000002286,CUST0001145,0.0,
2026-02-18,ACC0000002287,CUST0001146,0.0,3.287835586E7
2026-02-18,ACC0000002288,CUST0001146,2.640003242E7,
2026-02-18,ACC0000002289,CUST0001146,0.0,3.686164234E7
2026-02-18,ACC0000002290,CUST0001147,0.0,1.457103633E7
2026-02-18,ACC0000002291,CUST0001148,0.0,1.320866342E7
2026-02-18,ACC0000002292,CUST0001148,0.0,2.974987714E7
2026-02-18,ACC0000002293,CUST0001149,0.0,8484388.64
2026-02-18,ACC0000002294,CUST0001149,6528723.74,
2026-02-18,ACC0000002295,CUST0001149,0.0,2.581903731E7
2026-02-18,ACC0000002296,CUST0001150,0.0,
2026-02-18,ACC0000002297,CUST0001150,0.0,3.69854242E7
2026-02-18,ACC0000002298,CUST0001151,6742262.83,
2026-02-18,ACC0000002299,CUST0001151,0.0,
2026-02-18,ACC0000002300,CUST0001152,4.514930661E7,
2026-02-18,ACC0000002301,CUST0001153,4.331645878E7,
2026-02-18,ACC0000002302,CUST0001153,2.887484836E7,
2026-02-18,ACC0000002303,CUST0001153,4.341027873E7,
2026-02-18,ACC0000002304,CUST0001154,0.0,
2026-02-18,ACC0000002305,CUST0001154,0.0,1.959960592E7
2026-02-18,ACC0000002306,CUST0001155,1.673651787E7,
2026-02-18,ACC0000002307,CUST0001155,0.0,
2026-02-18,ACC0000002308,CUST0001155,0.0,
2026-02-18,ACC0000002309,CUST0001156,0.0,1.466902445E7
2026-02-18,ACC0000002310,CUST0001156,4.391865528E7,
2026-02-18,ACC0000002311,CUST0001157,0.0,
2026-02-18,ACC0000002312,CUST0001157,0.0,
2026-02-18,ACC0000002313,CUST0001157,0.0,
2026-02-18,ACC0000002314,CUST0001158,0.0,
2026-02-18,ACC0000002315,CUST0001158,3.467820738E7,
2026-02-18,ACC0000002316,CUST0001159,0.0,
2026-02-18,ACC0000002317,CUST0001159,0.0,
2026-02-18,ACC0000002318,CUST0001160,0.0,
2026-02-18,ACC0000002319,CUST0001160,0.0,1.785111291E7
2026-02-18,ACC0000002320,CUST0001161,0.0,
2026-02-18,ACC0000002321,CUST0001161,0.0,
2026-02-18,ACC0000002322,CUST0001162,0.0,
2026-02-18,ACC0000002323,CUST0001163,0.0,8120808.55
2026-02-18,ACC0000002324,CUST0001164,0.0,
2026-02-18,ACC0000002325,CUST0001164,0.0,2.201969702E7
2026-02-18,ACC0000002326,CUST0001165,0.0,
2026-02-18,ACC0000002327,CUST0001165,3.620408288E7,
2026-02-18,ACC0000002328,CUST0001166,0.0,
2026-02-18,ACC0000002329,CUST0001167,0.0,
2026-02-18,ACC0000002330,CUST0001168,3.810822801E7,
2026-02-18,ACC0000002331,CUST0001169,1.840034485E7,
2026-02-18,ACC0000002332,CUST0001169,0.0,
2026-02-18,ACC0000002333,CUST0001169,0.0,6555038.99
2026-02-18,ACC0000002334,CUST0001170,1.076534425E7,
2026-02-18,ACC0000002335,CUST0001170,6174144.31,
2026-02-18,ACC0000002336,CUST0001170,3.728235239E7,
2026-02-18,ACC0000002337,CUST0001171,0.0,
2026-02-18,ACC0000002338,CUST0001172,0.0,
2026-02-18,ACC0000002339,CUST0001172,0.0,2.324702336E7
2026-02-18,ACC0000002340,CUST0001172,1.919095658E7,
2026-02-18,ACC0000002341,CUST0001173,0.0,
2026-02-18,ACC0000002342,CUST0001173,0.0,
2026-02-18,ACC0000002343,CUST0001174,0.0,
2026-02-18,ACC0000002344,CUST0001175,0.0,
2026-02-18,ACC0000002345,CUST0001175,0.0,
2026-02-18,ACC0000002346,CUST0001175,0.0,
2026-02-18,ACC0000002347,CUST0001176,0.0,6863001.07
2026-02-18,ACC0000002348,CUST0001176,0.0,
2026-02-18,ACC0000002349,CUST0001176,0.0,
2026-02-18,ACC0000002350,CUST0001177,2.0962761E7,
2026-02-18,ACC0000002351,CUST0001177,0.0,
2026-02-18,ACC0000002352,CUST0001177,0.0,
2026-02-18,ACC0000002353,CUST0001178,0.0,
2026-02-18,ACC0000002354,CUST0001179,0.0,
2026-02-18,ACC0000002355,CUST0001179,0.0,4.150377109E7
2026-02-18,ACC0000002356,CUST0001179,0.0,
2026-02-18,ACC0000002357,CUST0001180,2.580569984E7,
2026-02-18,ACC0000002358,CUST0001180,0.0,
2026-02-18,ACC0000002359,CUST0001181,0.0,
2026-02-18,ACC0000002360,CUST0001181,0.0,
2026-02-18,ACC0000002361,CUST0001182,0.0,4.018095256E7
2026-02-18,ACC0000002362,CUST0001182,0.0,2.695492094E7
2026-02-18,ACC0000002363,CUST0001183,3.558498412E7,
2026-02-18,ACC0000002364,CUST0001183,1710977.04,
2026-02-18,ACC0000002365,CUST0001184,0.0,1.019765015E7
2026-02-18,ACC0000002366,CUST0001185,0.0,4.408084252E7
2026-02-18,ACC0000002367,CUST0001185,0.0,
2026-02-18,ACC0000002368,CUST0001186,0.0,
2026-02-18,ACC0000002369,CUST0001187,0.0,
2026-02-18,ACC0000002370,CUST0001187,3.376467696E7,
2026-02-18,ACC0000002371,CUST0001187,2.555607405E7,
2026-02-18,ACC0000002372,CUST0001188,1.817788212E7,
2026-02-18,ACC0000002373,CUST0001188,0.0,1.761607088E7
2026-02-18,ACC0000002374,CUST0001189,0.0,
2026-02-18,ACC0000002375,CUST0001189,0.0,6950344.11
2026-02-18,ACC0000002376,CUST0001189,0.0,
2026-02-18,ACC0000002377,CUST0001190,0.0,
2026-02-18,ACC0000002378,CUST0001191,1.178879662E7,
2026-02-18,ACC0000002379,CUST0001191,0.0,
2026-02-18,ACC0000002380,CUST0001192,224992.59,
2026-02-18,ACC0000002381,CUST0001192,4381930.17,
2026-02-18,ACC0000002382,CUST0001193,0.0,
2026-02-18,ACC0000002383,CUST0001194,0.0,
2026-02-18,ACC0000002384,CUST0001194,0.0,1.209328592E7
2026-02-18,ACC0000002385,CUST0001195,0.0,
2026-02-18,ACC0000002386,CUST0001195,0.0,
2026-02-18,ACC0000002387,CUST0001195,0.0,
2026-02-18,ACC0000002388,CUST0001196,0.0,1.573772164E7
2026-02-18,ACC0000002389,CUST0001196,0.0,7115541.31
2026-02-18,ACC0000002390,CUST0001197,4.383965002E7,
2026-02-18,ACC0000002391,CUST0001197,0.0,2.189854579E7
2026-02-18,ACC0000002392,CUST0001198,0.0,2.912278282E7
2026-02-18,ACC0000002393,CUST0001199,0.0,
2026-02-18,ACC0000002394,CUST0001200,2.446672014E7,
2026-02-18,ACC0000002395,CUST0001200,0.0,
2026-02-18,ACC0000002396,CUST0001200,0.0,
2026-02-18,ACC0000002397,CUST0001201,0.0,4.422880473E7
2026-02-18,ACC0000002398,CUST0001201,4.948412508E7,
2026-02-18,ACC0000002399,CUST0001201,0.0,
2026-02-18,ACC0000002400,CUST0001202,0.0,3.524005483E7
2026-02-18,ACC0000002401,CUST0001203,3.932276602E7,
2026-02-18,ACC0000002402,CUST0001203,0.0,
2026-02-18,ACC0000002403,CUST0001203,0.0,7210145.31
2026-02-18,ACC0000002404,CUST0001204,2176496.73,
2026-02-18,ACC0000002405,CUST0001205,4.509703953E7,
2026-02-18,ACC0000002406,CUST0001206,0.0,
2026-02-18,ACC0000002407,CUST0001207,0.0,
2026-02-18,ACC0000002408,CUST0001207,0.0,1.460088861E7
2026-02-18,ACC0000002409,CUST0001208,0.0,
2026-02-18,ACC0000002410,CUST0001209,0.0,
2026-02-18,ACC0000002411,CUST0001209,0.0,
2026-02-18,ACC0000002412,CUST0001210,0.0,4.601505906E7
2026-02-18,ACC0000002413,CUST0001210,0.0,
2026-02-18,ACC0000002414,CUST0001211,0.0,2.007863879E7
2026-02-18,ACC0000002415,CUST0001211,0.0,1.769054976E7
2026-02-18,ACC0000002416,CUST0001211,0.0,
2026-02-18,ACC0000002417,CUST0001212,1387222.28,
2026-02-18,ACC0000002418,CUST0001212,0.0,1.560655319E7
2026-02-18,ACC0000002419,CUST0001213,0.0,4.229132108E7
2026-02-18,ACC0000002420,CUST0001213,0.0,1.965033568E7
2026-02-18,ACC0000002421,CUST0001213,3956722.56,
2026-02-18,ACC0000002422,CUST0001214,9372316.19,
2026-02-18,ACC0000002423,CUST0001214,0.0,2.566776787E7
2026-02-18,ACC0000002424,CUST0001215,0.0,
2026-02-18,ACC0000002425,CUST0001216,0.0,
2026-02-18,ACC0000002426,CUST0001217,2.864494555E7,
2026-02-18,ACC0000002427,CUST0001217,0.0,4.222577103E7
2026-02-18,ACC0000002428,CUST0001217,0.0,7498295.11
2026-02-18,ACC0000002429,CUST0001218,0.0,4.51247711E7
2026-02-18,ACC0000002430,CUST0001219,0.0,1.898909188E7
2026-02-18,ACC0000002431,CUST0001219,3.494247336E7,
2026-02-18,ACC0000002432,CUST0001220,0.0,2.191750974E7
2026-02-18,ACC0000002433,CUST0001220,0.0,
2026-02-18,ACC0000002434,CUST0001220,0.0,
2026-02-18,ACC0000002435,CUST0001221,0.0,
2026-02-18,ACC0000002436,CUST0001221,0.0,
2026-02-18,ACC0000002437,CUST0001222,4.172019352E7,
2026-02-18,ACC0000002438,CUST0001222,0.0,4.339743895E7
2026-02-18,ACC0000002439,CUST0001223,1.138309752E7,
2026-02-18,ACC0000002440,CUST0001224,0.0,2.327968979E7
2026-02-18,ACC0000002441,CUST0001225,0.0,
2026-02-18,ACC0000002442,CUST0001226,0.0,
2026-02-18,ACC0000002443,CUST0001226,0.0,
2026-02-18,ACC0000002444,CUST0001226,1.063953009E7,
2026-02-18,ACC0000002445,CUST0001227,0.0,
2026-02-18,ACC0000002446,CUST0001227,0.0,3.764311379E7
2026-02-18,ACC0000002447,CUST0001228,0.0,
2026-02-18,ACC0000002448,CUST0001228,0.0,
2026-02-18,ACC0000002449,CUST0001229,0.0,
2026-02-18,ACC0000002450,CUST0001230,0.0,
2026-02-18,ACC0000002451,CUST0001230,2.241087493E7,
2026-02-18,ACC0000002452,CUST0001231,0.0,1.557237043E7
2026-02-18,ACC0000002453,CUST0001232,0.0,
2026-02-18,ACC0000002454,CUST0001232,0.0,
2026-02-18,ACC0000002455,CUST0001233,0.0,
2026-02-18,ACC0000002456,CUST0001233,4.684041586E7,
2026-02-18,ACC0000002457,CUST0001233,0.0,
2026-02-18,ACC0000002458,CUST0001234,0.0,
2026-02-18,ACC0000002459,CUST0001235,2.056455824E7,
2026-02-18,ACC0000002460,CUST0001236,1.372424094E7,
2026-02-18,ACC0000002461,CUST0001236,0.0,
2026-02-18,ACC0000002462,CUST0001237,2.041679079E7,
2026-02-18,ACC0000002463,CUST0001237,0.0,
2026-02-18,ACC0000002464,CUST0001237,0.0,6285898.18
2026-02-18,ACC0000002465,CUST0001238,1591760.81,
2026-02-18,ACC0000002466,CUST0001238,3.534665019E7,
2026-02-18,ACC0000002467,CUST0001239,0.0,
2026-02-18,ACC0000002468,CUST0001240,0.0,
2026-02-18,ACC0000002469,CUST0001240,0.0,4.19264637E7
2026-02-18,ACC0000002470,CUST0001241,0.0,
2026-02-18,ACC0000002471,CUST0001241,0.0,3.744894144E7
2026-02-18,ACC0000002472,CUST0001241,0.0,3.358275707E7
2026-02-18,ACC0000002473,CUST0001242,0.0,
2026-02-18,ACC0000002474,CUST0001242,0.0,
2026-02-18,ACC0000002475,CUST0001243,2.216607068E7,
2026-02-18,ACC0000002476,CUST0001243,9213836.36,
2026-02-18,ACC0000002477,CUST0001243,0.0,2.744636988E7
2026-02-18,ACC0000002478,CUST0001244,0.0,
2026-02-18,ACC0000002479,CUST0001244,0.0,
2026-02-18,ACC0000002480,CUST0001245,0.0,4.518510379E7
2026-02-18,ACC0000002481,CUST0001245,0.0,4.849774865E7
2026-02-18,ACC0000002482,CUST0001246,0.0,
2026-02-18,ACC0000002483,CUST0001246,0.0,1.723106535E7
2026-02-18,ACC0000002484,CUST0001247,4.61574934E7,
2026-02-18,ACC0000002485,CUST0001248,0.0,5332960.15
2026-02-18,ACC0000002486,CUST0001248,0.0,
2026-02-18,ACC0000002487,CUST0001249,1810348.0,
2026-02-18,ACC0000002488,CUST0001249,0.0,
2026-02-18,ACC0000002489,CUST0001249,0.0,2.625063026E7
2026-02-18,ACC0000002490,CUST0001250,0.0,4.613225539E7
2026-02-18,ACC0000002491,CUST0001251,0.0,
2026-02-18,ACC0000002492,CUST0001251,0.0,
2026-02-18,ACC0000002493,CUST0001252,3376425.97,
2026-02-18,ACC0000002494,CUST0001252,0.0,1.516558772E7
2026-02-18,ACC0000002495,CUST0001253,0.0,3.537674294E7
2026-02-18,ACC0000002496,CUST0001254,0.0,
2026-02-18,ACC0000002497,CUST0001254,1.631254118E7,
2026-02-18,ACC0000002498,CUST0001255,0.0,
2026-02-18,ACC0000002499,CUST0001255,0.0,4.276884915E7
2026-02-18,ACC0000002500,CUST0001255,4.841273764E7,
2026-02-18,ACC0000002501,CUST0001256,0.0,
2026-02-18,ACC0000002502,CUST0001257,0.0,
2026-02-18,ACC0000002503,CUST0001257,0.0,
2026-02-18,ACC0000002504,CUST0001257,0.0,
2026-02-18,ACC0000002505,CUST0001258,9662572.3,
2026-02-18,ACC0000002506,CUST0001258,0.0,4.59801501E7
2026-02-18,ACC0000002507,CUST0001258,0.0,2.461032597E7
2026-02-18,ACC0000002508,CUST0001259,2.809650609E7,
2026-02-18,ACC0000002509,CUST0001260,0.0,
2026-02-18,ACC0000002510,CUST0001261,0.0,
2026-02-18,ACC0000002511,CUST0001261,4111513.56,
2026-02-18,ACC0000002512,CUST0001261,3716362.15,
2026-02-18,ACC0000002513,CUST0001262,1.515090252E7,
2026-02-18,ACC0000002514,CUST0001262,0.0,4.565319484E7
2026-02-18,ACC0000002515,CUST0001262,0.0,
2026-02-18,ACC0000002516,CUST0001263,0.0,
2026-02-18,ACC0000002517,CUST0001263,0.0,
2026-02-18,ACC0000002518,CUST0001264,0.0,3.264927769E7
2026-02-18,ACC0000002519,CUST0001264,0.0,
2026-02-18,ACC0000002520,CUST0001264,0.0,
2026-02-18,ACC0000002521,CUST0001265,0.0,1.025212088E7
2026-02-18,ACC0000002522,CUST0001266,0.0,
2026-02-18,ACC0000002523,CUST0001266,0.0,
2026-02-18,ACC0000002524,CUST0001267,0.0,
2026-02-18,ACC0000002525,CUST0001267,0.0,
2026-02-18,ACC0000002526,CUST0001268,3517510.7,
2026-02-18,ACC0000002527,CUST0001269,0.0,
2026-02-18,ACC0000002528,CUST0001270,0.0,
2026-02-18,ACC0000002529,CUST0001271,2.418475559E7,
2026-02-18,ACC0000002530,CUST0001271,2.66355381E7,
2026-02-18,ACC0000002531,CUST0001272,3.821049671E7,
2026-02-18,ACC0000002532,CUST0001273,0.0,1.336562429E7
2026-02-18,ACC0000002533,CUST0001274,4.097496431E7,
2026-02-18,ACC0000002534,CUST0001274,0.0,
2026-02-18,ACC0000002535,CUST0001274,0.0,1.944114891E7
2026-02-18,ACC0000002536,CUST0001275,1605915.3,
2026-02-18,ACC0000002537,CUST0001275,4.897045158E7,
2026-02-18,ACC0000002538,CUST0001275,0.0,4.15563324E7
2026-02-18,ACC0000002539,CUST0001276,0.0,
2026-02-18,ACC0000002540,CUST0001276,1.044636052E7,
2026-02-18,ACC0000002541,CUST0001276,0.0,
2026-02-18,ACC0000002542,CUST0001277,0.0,
2026-02-18,ACC0000002543,CUST0001277,1.405434436E7,
2026-02-18,ACC0000002544,CUST0001277,0.0,1.710922697E7
2026-02-18,ACC0000002545,CUST0001278,0.0,
2026-02-18,ACC0000002546,CUST0001279,0.0,
2026-02-18,ACC0000002547,CUST0001280,0.0,
2026-02-18,ACC0000002548,CUST0001281,0.0,
2026-02-18,ACC0000002549,CUST0001282,0.0,4.478963426E7
2026-02-18,ACC0000002550,CUST0001282,0.0,
2026-02-18,ACC0000002551,CUST0001282,2.942742876E7,
2026-02-18,ACC0000002552,CUST0001283,0.0,
2026-02-18,ACC0000002553,CUST0001284,0.0,
2026-02-18,ACC0000002554,CUST0001284,0.0,
2026-02-18,ACC0000002555,CUST0001284,1.791648932E7,
2026-02-18,ACC0000002556,CUST0001285,0.0,
2026-02-18,ACC0000002557,CUST0001285,0.0,2.47260488E7
2026-02-18,ACC0000002558,CUST0001285,1.170886282E7,
2026-02-18,ACC0000002559,CUST0001286,2.70948078E7,
2026-02-18,ACC0000002560,CUST0001286,0.0,
2026-02-18,ACC0000002561,CUST0001287,0.0,1.826150725E7
2026-02-18,ACC0000002562,CUST0001287,0.0,2.011178879E7
2026-02-18,ACC0000002563,CUST0001287,0.0,1.769906853E7
2026-02-18,ACC0000002564,CUST0001288,0.0,
2026-02-18,ACC0000002565,CUST0001288,0.0,
2026-02-18,ACC0000002566,CUST0001288,0.0,3.414160534E7
2026-02-18,ACC0000002567,CUST0001289,0.0,
2026-02-18,ACC0000002568,CUST0001289,1.37704406E7,
2026-02-18,ACC0000002569,CUST0001290,0.0,
2026-02-18,ACC0000002570,CUST0001290,0.0,
2026-02-18,ACC0000002571,CUST0001290,0.0,
2026-02-18,ACC0000002572,CUST0001291,1758360.97,
2026-02-18,ACC0000002573,CUST0001291,0.0,
2026-02-18,ACC0000002574,CUST0001292,0.0,
2026-02-18,ACC0000002575,CUST0001292,0.0,1.104309761E7
2026-02-18,ACC0000002576,CUST0001292,7340246.35,
2026-02-18,ACC0000002577,CUST0001293,0.0,
2026-02-18,ACC0000002578,CUST0001294,1.202461848E7,
2026-02-18,ACC0000002579,CUST0001294,3.413287987E7,
2026-02-18,ACC0000002580,CUST0001294,3.545292938E7,
2026-02-18,ACC0000002581,CUST0001295,0.0,
2026-02-18,ACC0000002582,CUST0001296,0.0,
2026-02-18,ACC0000002583,CUST0001297,0.0,
2026-02-18,ACC0000002584,CUST0001298,3.720834647E7,
2026-02-18,ACC0000002585,CUST0001299,3.96195243E7,
2026-02-18,ACC0000002586,CUST0001299,1.327285984E7,
2026-02-18,ACC0000002587,CUST0001300,4.0881201E7,
2026-02-18,ACC0000002588,CUST0001300,0.0,
2026-02-18,ACC0000002589,CUST0001301,3.25846968E7,
2026-02-18,ACC0000002590,CUST0001301,0.0,1.6752996E7
2026-02-18,ACC0000002591,CUST0001302,9693425.03,
2026-02-18,ACC0000002592,CUST0001303,0.0,
2026-02-18,ACC0000002593,CUST0001303,6154801.41,
2026-02-18,ACC0000002594,CUST0001304,0.0,
2026-02-18,ACC0000002595,CUST0001305,6306841.44,
2026-02-18,ACC0000002596,CUST0001305,0.0,
2026-02-18,ACC0000002597,CUST0001306,2.733746763E7,
2026-02-18,ACC0000002598,CUST0001306,0.0,
2026-02-18,ACC0000002599,CUST0001307,0.0,
2026-02-18,ACC0000002600,CUST0001307,1.326684035E7,
2026-02-18,ACC0000002601,CUST0001308,0.0,4.30881694E7
2026-02-18,ACC0000002602,CUST0001309,0.0,4.516533571E7
2026-02-18,ACC0000002603,CUST0001309,1912910.73,
2026-02-18,ACC0000002604,CUST0001310,4.433389767E7,
2026-02-18,ACC0000002605,CUST0001311,0.0,
2026-02-18,ACC0000002606,CUST0001311,0.0,4.108128921E7
2026-02-18,ACC0000002607,CUST0001312,0.0,
2026-02-18,ACC0000002608,CUST0001312,1.672733642E7,
2026-02-18,ACC0000002609,CUST0001312,0.0,
2026-02-18,ACC0000002610,CUST0001313,0.0,1.120711288E7
2026-02-18,ACC0000002611,CUST0001314,0.0,
2026-02-18,ACC0000002612,CUST0001314,0.0,4.335027058E7
2026-02-18,ACC0000002613,CUST0001314,0.0,3.45700234E7
2026-02-18,ACC0000002614,CUST0001315,0.0,
2026-02-18,ACC0000002615,CUST0001316,4.746533708E7,
2026-02-18,ACC0000002616,CUST0001316,0.0,
2026-02-18,ACC0000002617,CUST0001316,1.665589423E7,
2026-02-18,ACC0000002618,CUST0001317,0.0,
2026-02-18,ACC0000002619,CUST0001317,0.0,
2026-02-18,ACC0000002620,CUST0001318,4.560452169E7,
2026-02-18,ACC0000002621,CUST0001319,0.0,
2026-02-18,ACC0000002622,CUST0001320,0.0,
2026-02-18,ACC0000002623,CUST0001321,4053486.92,
2026-02-18,ACC0000002624,CUST0001321,0.0,
2026-02-18,ACC0000002625,CUST0001321,3358645.08,
2026-02-18,ACC0000002626,CUST0001322,0.0,
2026-02-18,ACC0000002627,CUST0001323,0.0,
2026-02-18,ACC0000002628,CUST0001324,1.681706502E7,
2026-02-18,ACC0000002629,CUST0001325,0.0,
2026-02-18,ACC0000002630,CUST0001326,0.0,
2026-02-18,ACC0000002631,CUST0001327,0.0,
2026-02-18,ACC0000002632,CUST0001327,0.0,
2026-02-18,ACC0000002633,CUST0001327,0.0,1.637274139E7
2026-02-18,ACC0000002634,CUST0001328,0.0,2.271470299E7
2026-02-18,ACC0000002635,CUST0001328,0.0,
2026-02-18,ACC0000002636,CUST0001328,0.0,
2026-02-18,ACC0000002637,CUST0001329,0.0,1.674338816E7
2026-02-18,ACC0000002638,CUST0001329,0.0,
2026-02-18,ACC0000002639,CUST0001329,0.0,2.341693014E7
2026-02-18,ACC0000002640,CUST0001330,0.0,4.711682539E7
2026-02-18,ACC0000002641,CUST0001331,0.0,
2026-02-18,ACC0000002642,CUST0001332,4.393114154E7,
2026-02-18,ACC0000002643,CUST0001332,0.0,
2026-02-18,ACC0000002644,CUST0001332,0.0,
2026-02-18,ACC0000002645,CUST0001333,0.0,
2026-02-18,ACC0000002646,CUST0001334,0.0,2.949419047E7
2026-02-18,ACC0000002647,CUST0001334,4.472035478E7,
2026-02-18,ACC0000002648,CUST0001334,0.0,4.16550931E7
2026-02-18,ACC0000002649,CUST0001335,0.0,
2026-02-18,ACC0000002650,CUST0001335,0.0,
2026-02-18,ACC0000002651,CUST0001335,0.0,
2026-02-18,ACC0000002652,CUST0001336,0.0,
2026-02-18,ACC0000002653,CUST0001336,3493720.73,
2026-02-18,ACC0000002654,CUST0001337,0.0,
2026-02-18,ACC0000002655,CUST0001337,0.0,
2026-02-18,ACC0000002656,CUST0001337,0.0,
2026-02-18,ACC0000002657,CUST0001338,1.563209393E7,
2026-02-18,ACC0000002658,CUST0001338,0.0,9127040.6
2026-02-18,ACC0000002659,CUST0001339,0.0,
2026-02-18,ACC0000002660,CUST0001340,4.057263448E7,
2026-02-18,ACC0000002661,CUST0001341,0.0,
2026-02-18,ACC0000002662,CUST0001341,0.0,
2026-02-18,ACC0000002663,CUST0001342,0.0,
2026-02-18,ACC0000002664,CUST0001342,0.0,4.90758199E7
2026-02-18,ACC0000002665,CUST0001343,2.525954817E7,
2026-02-18,ACC0000002666,CUST0001343,0.0,
2026-02-18,ACC0000002667,CUST0001344,0.0,
2026-02-18,ACC0000002668,CUST0001345,2.255038282E7,
2026-02-18,ACC0000002669,CUST0001345,0.0,
2026-02-18,ACC0000002670,CUST0001346,0.0,
2026-02-18,ACC0000002671,CUST0001347,0.0,
2026-02-18,ACC0000002672,CUST0001347,0.0,
2026-02-18,ACC0000002673,CUST0001348,0.0,
2026-02-18,ACC0000002674,CUST0001349,0.0,
2026-02-18,ACC0000002675,CUST0001350,2.740664995E7,
2026-02-18,ACC0000002676,CUST0001351,0.0,
2026-02-18,ACC0000002677,CUST0001351,0.0,
2026-02-18,ACC0000002678,CUST0001351,0.0,
2026-02-18,ACC0000002679,CUST0001352,0.0,2.715279605E7
2026-02-18,ACC0000002680,CUST0001353,0.0,
2026-02-18,ACC0000002681,CUST0001353,0.0,
2026-02-18,ACC0000002682,CUST0001354,0.0,2.805045155E7
2026-02-18,ACC0000002683,CUST0001354,0.0,
2026-02-18,ACC0000002684,CUST0001354,0.0,3.669802067E7
2026-02-18,ACC0000002685,CUST0001355,2.187273496E7,
2026-02-18,ACC0000002686,CUST0001356,0.0,2.115529325E7
2026-02-18,ACC0000002687,CUST0001356,0.0,
2026-02-18,ACC0000002688,CUST0001357,0.0,
2026-02-18,ACC0000002689,CUST0001358,4.219871399E7,
2026-02-18,ACC0000002690,CUST0001358,1.351178455E7,
2026-02-18,ACC0000002691,CUST0001358,3.763143127E7,
2026-02-18,ACC0000002692,CUST0001359,0.0,
2026-02-18,ACC0000002693,CUST0001359,0.0,
2026-02-18,ACC0000002694,CUST0001360,0.0,1.037285603E7
2026-02-18,ACC0000002695,CUST0001360,0.0,
2026-02-18,ACC0000002696,CUST0001360,3.632659087E7,
2026-02-18,ACC0000002697,CUST0001361,0.0,3.896523674E7
2026-02-18,ACC0000002698,CUST0001361,2.953822024E7,
2026-02-18,ACC0000002699,CUST0001361,0.0,
2026-02-18,ACC0000002700,CUST0001362,0.0,
2026-02-18,ACC0000002701,CUST0001363,0.0,
2026-02-18,ACC0000002702,CUST0001363,3.957307998E7,
2026-02-18,ACC0000002703,CUST0001364,0.0,
2026-02-18,ACC0000002704,CUST0001365,2.607714282E7,
2026-02-18,ACC0000002705,CUST0001365,0.0,4.403484239E7
2026-02-18,ACC0000002706,CUST0001366,4.44974744E7,
2026-02-18,ACC0000002707,CUST0001366,0.0,
2026-02-18,ACC0000002708,CUST0001367,0.0,
2026-02-18,ACC0000002709,CUST0001367,0.0,
2026-02-18,ACC0000002710,CUST0001367,0.0,
2026-02-18,ACC0000002711,CUST0001368,0.0,
2026-02-18,ACC0000002712,CUST0001369,0.0,
2026-02-18,ACC0000002713,CUST0001370,0.0,
2026-02-18,ACC0000002714,CUST0001370,0.0,
2026-02-18,ACC0000002715,CUST0001371,0.0,
2026-02-18,ACC0000002716,CUST0001372,2.483773141E7,
2026-02-18,ACC0000002717,CUST0001373,0.0,
2026-02-18,ACC0000002718,CUST0001373,474184.82,
2026-02-18,ACC0000002719,CUST0001374,0.0,3.570912664E7
2026-02-18,ACC0000002720,CUST0001375,0.0,
2026-02-18,ACC0000002721,CUST0001375,4.357471937E7,
2026-02-18,ACC0000002722,CUST0001376,0.0,
2026-02-18,ACC0000002723,CUST0001376,0.0,
2026-02-18,ACC0000002724,CUST0001376,3017033.92,
2026-02-18,ACC0000002725,CUST0001377,0.0,1.184550459E7
2026-02-18,ACC0000002726,CUST0001378,0.0,
2026-02-18,ACC0000002727,CUST0001378,0.0,
2026-02-18,ACC0000002728,CUST0001378,4.13840974E7,
2026-02-18,ACC0000002729,CUST0001379,0.0,6018960.17
2026-02-18,ACC0000002730,CUST0001379,0.0,4.040702156E7
2026-02-18,ACC0000002731,CUST0001380,0.0,2.882599384E7
2026-02-18,ACC0000002732,CUST0001381,3.660229136E7,
2026-02-18,ACC0000002733,CUST0001381,0.0,6110631.57
2026-02-18,ACC0000002734,CUST0001382,0.0,2.291796095E7
2026-02-18,ACC0000002735,CUST0001382,0.0,
2026-02-18,ACC0000002736,CUST0001382,1.729776078E7,
2026-02-18,ACC0000002737,CUST0001383,0.0,
2026-02-18,ACC0000002738,CUST0001383,0.0,
2026-02-18,ACC0000002739,CUST0001384,0.0,1.037341383E7
2026-02-18,ACC0000002740,CUST0001384,0.0,
2026-02-18,ACC0000002741,CUST0001385,3091404.92,
2026-02-18,ACC0000002742,CUST0001385,0.0,4.778659934E7
2026-02-18,ACC0000002743,CUST0001386,0.0,
2026-02-18,ACC0000002744,CUST0001386,1.559480635E7,
2026-02-18,ACC0000002745,CUST0001387,0.0,
2026-02-18,ACC0000002746,CUST0001387,0.0,
2026-02-18,ACC0000002747,CUST0001387,0.0,
2026-02-18,ACC0000002748,CUST0001388,0.0,
2026-02-18,ACC0000002749,CUST0001388,1212969.08,
2026-02-18,ACC0000002750,CUST0001389,3.813763839E7,
2026-02-18,ACC0000002751,CUST0001389,0.0,7666100.39
2026-02-18,ACC0000002752,CUST0001390,0.0,3.778920507E7
2026-02-18,ACC0000002753,CUST0001391,0.0,2.3866259E7
2026-02-18,ACC0000002754,CUST0001392,0.0,
2026-02-18,ACC0000002755,CUST0001392,0.0,2.604994427E7
2026-02-18,ACC0000002756,CUST0001393,0.0,1.360366461E7
2026-02-18,ACC0000002757,CUST0001393,0.0,
2026-02-18,ACC0000002758,CUST0001394,0.0,
2026-02-18,ACC0000002759,CUST0001394,0.0,1.082443499E7
2026-02-18,ACC0000002760,CUST0001395,0.0,
2026-02-18,ACC0000002761,CUST0001395,0.0,
2026-02-18,ACC0000002762,CUST0001396,3.01481195E7,
2026-02-18,ACC0000002763,CUST0001396,0.0,4.178310773E7
2026-02-18,ACC0000002764,CUST0001397,1.154078234E7,
2026-02-18,ACC0000002765,CUST0001397,0.0,
2026-02-18,ACC0000002766,CUST0001398,0.0,
2026-02-18,ACC0000002767,CUST0001398,8970210.21,
2026-02-18,ACC0000002768,CUST0001399,0.0,2.41087088E7
2026-02-18,ACC0000002769,CUST0001399,0.0,1.079512873E7
2026-02-18,ACC0000002770,CUST0001399,1.533912641E7,
2026-02-18,ACC0000002771,CUST0001400,0.0,3.117570319E7
2026-02-18,ACC0000002772,CUST0001401,0.0,
2026-02-18,ACC0000002773,CUST0001402,0.0,
2026-02-18,ACC0000002774,CUST0001402,0.0,
2026-02-18,ACC0000002775,CUST0001403,1.533234505E7,
2026-02-18,ACC0000002776,CUST0001403,0.0,
2026-02-18,ACC0000002777,CUST0001403,3.022423767E7,
2026-02-18,ACC0000002778,CUST0001404,0.0,4.013800033E7
2026-02-18,ACC0000002779,CUST0001405,0.0,
2026-02-18,ACC0000002780,CUST0001405,1.616463256E7,
2026-02-18,ACC0000002781,CUST0001405,0.0,
2026-02-18,ACC0000002782,CUST0001406,0.0,
2026-02-18,ACC0000002783,CUST0001406,0.0,
2026-02-18,ACC0000002784,CUST0001406,0.0,
2026-02-18,ACC0000002785,CUST0001407,2337845.1,
2026-02-18,ACC0000002786,CUST0001407,1.28464913E7,
2026-02-18,ACC0000002787,CUST0001407,0.0,
2026-02-18,ACC0000002788,CUST0001408,0.0,
2026-02-18,ACC0000002789,CUST0001408,6824051.33,
2026-02-18,ACC0000002790,CUST0001408,0.0,
2026-02-18,ACC0000002791,CUST0001409,0.0,
2026-02-18,ACC0000002792,CUST0001409,3.357486322E7,
2026-02-18,ACC0000002793,CUST0001409,1.929434478E7,
2026-02-18,ACC0000002794,CUST0001410,0.0,6959658.55
2026-02-18,ACC0000002795,CUST0001410,0.0,1.860836315E7
2026-02-18,ACC0000002796,CUST0001410,0.0,
2026-02-18,ACC0000002797,CUST0001411,0.0,
2026-02-18,ACC0000002798,CUST0001412,1.76380125E7,
2026-02-18,ACC0000002799,CUST0001412,0.0,
2026-02-18,ACC0000002800,CUST0001413,4.393741606E7,
2026-02-18,ACC0000002801,CUST0001414,4.596681202E7,
2026-02-18,ACC0000002802,CUST0001415,3.635622679E7,
2026-02-18,ACC0000002803,CUST0001415,0.0,2.01288164E7
2026-02-18,ACC0000002804,CUST0001415,0.0,
2026-02-18,ACC0000002805,CUST0001416,2.050661604E7,
2026-02-18,ACC0000002806,CUST0001416,0.0,
2026-02-18,ACC0000002807,CUST0001417,0.0,
2026-02-18,ACC0000002808,CUST0001418,4.481633438E7,
2026-02-18,ACC0000002809,CUST0001419,0.0,
2026-02-18,ACC0000002810,CUST0001419,0.0,
2026-02-18,ACC0000002811,CUST0001419,0.0,1.977683164E7
2026-02-18,ACC0000002812,CUST0001420,0.0,
2026-02-18,ACC0000002813,CUST0001421,0.0,4.926435276E7
2026-02-18,ACC0000002814,CUST0001422,0.0,3.595181515E7
2026-02-18,ACC0000002815,CUST0001422,0.0,
2026-02-18,ACC0000002816,CUST0001422,4.909033396E7,
2026-02-18,ACC0000002817,CUST0001423,0.0,3.193635353E7
2026-02-18,ACC0000002818,CUST0001423,2.006845317E7,
2026-02-18,ACC0000002819,CUST0001424,0.0,
2026-02-18,ACC0000002820,CUST0001424,3.081846025E7,
2026-02-18,ACC0000002821,CUST0001424,0.0,3.685578855E7
2026-02-18,ACC0000002822,CUST0001425,0.0,
2026-02-18,ACC0000002823,CUST0001425,1.194949995E7,
2026-02-18,ACC0000002824,CUST0001425,0.0,4.991826302E7
2026-02-18,ACC0000002825,CUST0001426,0.0,
2026-02-18,ACC0000002826,CUST0001426,0.0,
2026-02-18,ACC0000002827,CUST0001426,0.0,4.986130348E7
2026-02-18,ACC0000002828,CUST0001427,4.550077012E7,
2026-02-18,ACC0000002829,CUST0001428,0.0,
2026-02-18,ACC0000002830,CUST0001428,0.0,
2026-02-18,ACC0000002831,CUST0001429,0.0,
2026-02-18,ACC0000002832,CUST0001430,0.0,
2026-02-18,ACC0000002833,CUST0001431,0.0,1.117690179E7
2026-02-18,ACC0000002834,CUST0001431,0.0,
2026-02-18,ACC0000002835,CUST0001432,2.3728022E7,
2026-02-18,ACC0000002836,CUST0001433,751670.98,
2026-02-18,ACC0000002837,CUST0001433,0.0,
2026-02-18,ACC0000002838,CUST0001433,0.0,
2026-02-18,ACC0000002839,CUST0001434,0.0,
2026-02-18,ACC0000002840,CUST0001435,4.633018589E7,
2026-02-18,ACC0000002841,CUST0001435,0.0,3.083935865E7
2026-02-18,ACC0000002842,CUST0001435,3.52427944E7,
2026-02-18,ACC0000002843,CUST0001436,2.439699413E7,
2026-02-18,ACC0000002844,CUST0001436,2.289262853E7,
2026-02-18,ACC0000002845,CUST0001436,9579816.51,
2026-02-18,ACC0000002846,CUST0001437,0.0,
2026-02-18,ACC0000002847,CUST0001437,1.806865717E7,
2026-02-18,ACC0000002848,CUST0001438,4.654770044E7,
2026-02-18,ACC0000002849,CUST0001439,4.99470544E7,
2026-02-18,ACC0000002850,CUST0001440,0.0,
2026-02-18,ACC0000002851,CUST0001440,0.0,6506594.44
2026-02-18,ACC0000002852,CUST0001441,0.0,4.02441703E7
2026-02-18,ACC0000002853,CUST0001441,0.0,
2026-02-18,ACC0000002854,CUST0001442,0.0,2.611885715E7
2026-02-18,ACC0000002855,CUST0001443,0.0,
2026-02-18,ACC0000002856,CUST0001444,0.0,
2026-02-18,ACC0000002857,CUST0001444,0.0,1.487629095E7
2026-02-18,ACC0000002858,CUST0001444,1.100076981E7,
2026-02-18,ACC0000002859,CUST0001445,2.148584105E7,
2026-02-18,ACC0000002860,CUST0001446,4.542478407E7,
2026-02-18,ACC0000002861,CUST0001446,0.0,
2026-02-18,ACC0000002862,CUST0001447,1.587110971E7,
2026-02-18,ACC0000002863,CUST0001447,0.0,
2026-02-18,ACC0000002864,CUST0001448,0.0,
2026-02-18,ACC0000002865,CUST0001448,4.466009486E7,
2026-02-18,ACC0000002866,CUST0001448,4.661739758E7,
2026-02-18,ACC0000002867,CUST0001449,2.174706481E7,
2026-02-18,ACC0000002868,CUST0001449,6643560.63,
2026-02-18,ACC0000002869,CUST0001450,0.0,2.462561648E7
2026-02-18,ACC0000002870,CUST0001451,0.0,7896230.44
2026-02-18,ACC0000002871,CUST0001451,3.877782666E7,
2026-02-18,ACC0000002872,CUST0001452,5512535.66,
2026-02-18,ACC0000002873,CUST0001452,1.945780221E7,
2026-02-18,ACC0000002874,CUST0001453,0.0,
2026-02-18,ACC0000002875,CUST0001453,0.0,1.74130629E7
2026-02-18,ACC0000002876,CUST0001453,3.063653235E7,
2026-02-18,ACC0000002877,CUST0001454,0.0,5532508.66
2026-02-18,ACC0000002878,CUST0001454,0.0,1.460660073E7
2026-02-18,ACC0000002879,CUST0001455,0.0,
2026-02-18,ACC0000002880,CUST0001455,0.0,
2026-02-18,ACC0000002881,CUST0001455,0.0,
2026-02-18,ACC0000002882,CUST0001456,0.0,3.465477179E7
2026-02-18,ACC0000002883,CUST0001456,0.0,
2026-02-18,ACC0000002884,CUST0001457,0.0,4.096512941E7
2026-02-18,ACC0000002885,CUST0001458,0.0,1.36853718E7
2026-02-18,ACC0000002886,CUST0001459,0.0,1.491028593E7
2026-02-18,ACC0000002887,CUST0001459,4.614826886E7,
2026-02-18,ACC0000002888,CUST0001459,0.0,
2026-02-18,ACC0000002889,CUST0001460,0.0,4.041429494E7
2026-02-18,ACC0000002890,CUST0001460,0.0,
2026-02-18,ACC0000002891,CUST0001460,0.0,4.617712678E7
2026-02-18,ACC0000002892,CUST0001461,0.0,
2026-02-18,ACC0000002893,CUST0001461,0.0,
2026-02-18,ACC0000002894,CUST0001461,0.0,3.429444914E7
2026-02-18,ACC0000002895,CUST0001462,0.0,
2026-02-18,ACC0000002896,CUST0001462,0.0,3.50603217E7
2026-02-18,ACC0000002897,CUST0001462,0.0,1.145251556E7
2026-02-18,ACC0000002898,CUST0001463,3.207012084E7,
2026-02-18,ACC0000002899,CUST0001463,0.0,1.304451139E7
2026-02-18,ACC0000002900,CUST0001464,2.42665779E7,
2026-02-18,ACC0000002901,CUST0001464,0.0,
2026-02-18,ACC0000002902,CUST0001465,0.0,2.445979823E7
2026-02-18,ACC0000002903,CUST0001466,0.0,
2026-02-18,ACC0000002904,CUST0001467,0.0,4.087910552E7
2026-02-18,ACC0000002905,CUST0001467,0.0,2.178695037E7
2026-02-18,ACC0000002906,CUST0001468,0.0,4.207472793E7
2026-02-18,ACC0000002907,CUST0001469,4.264822013E7,
2026-02-18,ACC0000002908,CUST0001469,0.0,2.44686477E7
2026-02-18,ACC0000002909,CUST0001469,3.825630248E7,
2026-02-18,ACC0000002910,CUST0001470,1.795975003E7,
2026-02-18,ACC0000002911,CUST0001470,0.0,
2026-02-18,ACC0000002912,CUST0001470,0.0,4.53342479E7
2026-02-18,ACC0000002913,CUST0001471,3.352787133E7,
2026-02-18,ACC0000002914,CUST0001472,0.0,
2026-02-18,ACC0000002915,CUST0001473,0.0,
2026-02-18,ACC0000002916,CUST0001473,0.0,
2026-02-18,ACC0000002917,CUST0001473,0.0,
2026-02-18,ACC0000002918,CUST0001474,0.0,1.418299256E7
2026-02-18,ACC0000002919,CUST0001474,0.0,
2026-02-18,ACC0000002920,CUST0001474,0.0,
2026-02-18,ACC0000002921,CUST0001475,8994506.12,
2026-02-18,ACC0000002922,CUST0001475,3.030282492E7,
2026-02-18,ACC0000002923,CUST0001475,0.0,1.478081293E7
2026-02-18,ACC0000002924,CUST0001476,0.0,
2026-02-18,ACC0000002925,CUST0001476,0.0,
2026-02-18,ACC0000002926,CUST0001476,0.0,4.875614235E7
2026-02-18,ACC0000002927,CUST0001477,2.256593808E7,
2026-02-18,ACC0000002928,CUST0001477,1.082716439E7,
2026-02-18,ACC0000002929,CUST0001478,0.0,4.56267185E7
2026-02-18,ACC0000002930,CUST0001478,0.0,
2026-02-18,ACC0000002931,CUST0001478,0.0,
2026-02-18,ACC0000002932,CUST0001479,0.0,
2026-02-18,ACC0000002933,CUST0001480,0.0,
2026-02-18,ACC0000002934,CUST0001480,2.661400098E7,
2026-02-18,ACC0000002935,CUST0001480,0.0,
2026-02-18,ACC0000002936,CUST0001481,6480422.94,
2026-02-18,ACC0000002937,CUST0001481,7876792.64,
2026-02-18,ACC0000002938,CUST0001482,0.0,
2026-02-18,ACC0000002939,CUST0001482,0.0,
2026-02-18,ACC0000002940,CUST0001482,0.0,
2026-02-18,ACC0000002941,CUST0001483,3.353960805E7,
2026-02-18,ACC0000002942,CUST0001483,0.0,
2026-02-18,ACC0000002943,CUST0001484,5234477.44,
2026-02-18,ACC0000002944,CUST0001484,0.0,
2026-02-18,ACC0000002945,CUST0001484,1.337068091E7,
2026-02-18,ACC0000002946,CUST0001485,0.0,
2026-02-18,ACC0000002947,CUST0001485,0.0,
2026-02-18,ACC0000002948,CUST0001486,0.0,2.846773562E7
2026-02-18,ACC0000002949,CUST0001486,0.0,1.923032771E7
2026-02-18,ACC0000002950,CUST0001487,0.0,4.552604192E7
2026-02-18,ACC0000002951,CUST0001487,0.0,
2026-02-18,ACC0000002952,CUST0001488,1.962632083E7,
2026-02-18,ACC0000002953,CUST0001488,0.0,3.703163779E7
2026-02-18,ACC0000002954,CUST0001488,4.377799843E7,
2026-02-18,ACC0000002955,CUST0001489,0.0,
2026-02-18,ACC0000002956,CUST0001489,3.513772754E7,
2026-02-18,ACC0000002957,CUST0001489,0.0,1.341053966E7
2026-02-18,ACC0000002958,CUST0001490,0.0,
2026-02-18,ACC0000002959,CUST0001490,2122426.78,
2026-02-18,ACC0000002960,CUST0001491,4.297363558E7,
2026-02-18,ACC0000002961,CUST0001491,0.0,
2026-02-18,ACC0000002962,CUST0001491,0.0,
2026-02-18,ACC0000002963,CUST0001492,0.0,
2026-02-18,ACC0000002964,CUST0001493,0.0,
2026-02-18,ACC0000002965,CUST0001493,3.699733316E7,
2026-02-18,ACC0000002966,CUST0001493,3.323502746E7,
2026-02-18,ACC0000002967,CUST0001494,3.651063733E7,
2026-02-18,ACC0000002968,CUST0001495,2.740984202E7,
2026-02-18,ACC0000002969,CUST0001495,1.723413861E7,
2026-02-18,ACC0000002970,CUST0001495,0.0,
2026-02-18,ACC0000002971,CUST0001496,0.0,
2026-02-18,ACC0000002972,CUST0001497,0.0,4.129020332E7
2026-02-18,ACC0000002973,CUST0001497,0.0,
2026-02-18,ACC0000002974,CUST0001498,0.0,
2026-02-18,ACC0000002975,CUST0001499,0.0,3.840777828E7
2026-02-18,ACC0000002976,CUST0001499,0.0,2.35603615E7
2026-02-18,ACC0000002977,CUST0001500,0.0,
2026-02-18,ACC0000002978,CUST0001500,0.0,4.865460783E7
2026-02-18,ACC0000002979,CUST0001501,5807659.77,
2026-02-18,ACC0000002980,CUST0001501,4.69444881E7,
2026-02-18,ACC0000002981,CUST0001501,0.0,2.847668227E7
2026-02-18,ACC0000002982,CUST0001502,0.0,2.499595941E7
2026-02-18,ACC0000002983,CUST0001502,0.0,
2026-02-18,ACC0000002984,CUST0001503,4448319.47,
2026-02-18,ACC0000002985,CUST0001504,0.0,
2026-02-18,ACC0000002986,CUST0001505,3.428305667E7,
2026-02-18,ACC0000002987,CUST0001506,2.047758702E7,
2026-02-18,ACC0000002988,CUST0001506,4.672331395E7,
2026-02-18,ACC0000002989,CUST0001507,0.0,
2026-02-18,ACC0000002990,CUST0001507,0.0,2.952051493E7
2026-02-18,ACC0000002991,CUST0001507,2.763676261E7,
2026-02-18,ACC0000002992,CUST0001508,0.0,
2026-02-18,ACC0000002993,CUST0001508,0.0,
2026-02-18,ACC0000002994,CUST0001509,0.0,
2026-02-18,ACC0000002995,CUST0001509,0.0,
2026-02-18,ACC0000002996,CUST0001510,0.0,
2026-02-18,ACC0000002997,CUST0001510,0.0,
2026-02-18,ACC0000002998,CUST0001511,3.204180488E7,
2026-02-18,ACC0000002999,CUST0001511,4.891633731E7,
2026-02-18,ACC0000003000,CUST0001512,1.005450038E7,
2026-02-18,ACC0000003001,CUST0001512,0.0,
2026-02-18,ACC0000003002,CUST0001512,0.0,
2026-02-18,ACC0000003003,CUST0001513,0.0,9532390.72
2026-02-18,ACC0000003004,CUST0001513,0.0,
2026-02-18,ACC0000003005,CUST0001514,0.0,
2026-02-18,ACC0000003006,CUST0001514,0.0,
2026-02-18,ACC0000003007,CUST0001515,0.0,3.280703927E7
2026-02-18,ACC0000003008,CUST0001516,0.0,2.107122292E7
2026-02-18,ACC0000003009,CUST0001516,6816514.75,
2026-02-18,ACC0000003010,CUST0001516,0.0,3.833949677E7
2026-02-18,ACC0000003011,CUST0001517,0.0,4.151996991E7
2026-02-18,ACC0000003012,CUST0001518,0.0,
2026-02-18,ACC0000003013,CUST0001518,0.0,
2026-02-18,ACC0000003014,CUST0001518,0.0,2.76600783E7
2026-02-18,ACC0000003015,CUST0001519,4.267313837E7,
2026-02-18,ACC0000003016,CUST0001520,0.0,
2026-02-18,ACC0000003017,CUST0001520,0.0,4.591467751E7
2026-02-18,ACC0000003018,CUST0001521,0.0,1.029545992E7
2026-02-18,ACC0000003019,CUST0001521,0.0,
2026-02-18,ACC0000003020,CUST0001522,9766179.6,
2026-02-18,ACC0000003021,CUST0001523,0.0,
2026-02-18,ACC0000003022,CUST0001523,0.0,3.889843178E7
2026-02-18,ACC0000003023,CUST0001523,0.0,
2026-02-18,ACC0000003024,CUST0001524,0.0,
2026-02-18,ACC0000003025,CUST0001524,0.0,
2026-02-18,ACC0000003026,CUST0001525,0.0,
2026-02-18,ACC0000003027,CUST0001526,0.0,2.991995844E7
2026-02-18,ACC0000003028,CUST0001526,0.0,
2026-02-18,ACC0000003029,CUST0001526,0.0,
2026-02-18,ACC0000003030,CUST0001527,0.0,
2026-02-18,ACC0000003031,CUST0001527,0.0,
2026-02-18,ACC0000003032,CUST0001528,0.0,
2026-02-18,ACC0000003033,CUST0001528,1.973197081E7,
2026-02-18,ACC0000003034,CUST0001529,0.0,
2026-02-18,ACC0000003035,CUST0001529,0.0,3.891655223E7
2026-02-18,ACC0000003036,CUST0001529,0.0,
2026-02-18,ACC0000003037,CUST0001530,0.0,
2026-02-18,ACC0000003038,CUST0001530,0.0,2.369439786E7
2026-02-18,ACC0000003039,CUST0001530,0.0,4.52580603E7
2026-02-18,ACC0000003040,CUST0001531,0.0,
2026-02-18,ACC0000003041,CUST0001531,3.440983705E7,
2026-02-18,ACC0000003042,CUST0001531,2.99929094E7,
2026-02-18,ACC0000003043,CUST0001532,0.0,
2026-02-18,ACC0000003044,CUST0001532,0.0,
2026-02-18,ACC0000003045,CUST0001532,0.0,
2026-02-18,ACC0000003046,CUST0001533,0.0,1.793273219E7
2026-02-18,ACC0000003047,CUST0001533,9007703.24,
2026-02-18,ACC0000003048,CUST0001534,0.0,
2026-02-18,ACC0000003049,CUST0001534,0.0,2.376212532E7
2026-02-18,ACC0000003050,CUST0001534,0.0,
2026-02-18,ACC0000003051,CUST0001535,0.0,9351031.07
2026-02-18,ACC0000003052,CUST0001536,0.0,
2026-02-18,ACC0000003053,CUST0001536,2.635799699E7,
2026-02-18,ACC0000003054,CUST0001536,0.0,
2026-02-18,ACC0000003055,CUST0001537,2.949645547E7,
2026-02-18,ACC0000003056,CUST0001538,4845331.3,
2026-02-18,ACC0000003057,CUST0001538,0.0,
2026-02-18,ACC0000003058,CUST0001539,0.0,
2026-02-18,ACC0000003059,CUST0001539,9539270.62,
2026-02-18,ACC0000003060,CUST0001539,0.0,
2026-02-18,ACC0000003061,CUST0001540,3625115.8,
2026-02-18,ACC0000003062,CUST0001540,4.40411853E7,
2026-02-18,ACC0000003063,CUST0001540,8524276.36,
2026-02-18,ACC0000003064,CUST0001541,0.0,2.822139484E7
2026-02-18,ACC0000003065,CUST0001542,0.0,
2026-02-18,ACC0000003066,CUST0001543,0.0,
2026-02-18,ACC0000003067,CUST0001544,4.914469187E7,
2026-02-18,ACC0000003068,CUST0001545,1.787562694E7,
2026-02-18,ACC0000003069,CUST0001545,0.0,4.992590619E7
2026-02-18,ACC0000003070,CUST0001546,2.813368641E7,
2026-02-18,ACC0000003071,CUST0001546,1.603435025E7,
2026-02-18,ACC0000003072,CUST0001547,0.0,2.719478076E7
2026-02-18,ACC0000003073,CUST0001547,0.0,
2026-02-18,ACC0000003074,CUST0001548,0.0,
2026-02-18,ACC0000003075,CUST0001548,2.816053116E7,
2026-02-18,ACC0000003076,CUST0001548,0.0,
2026-02-18,ACC0000003077,CUST0001549,1.2514151E7,
2026-02-18,ACC0000003078,CUST0001549,0.0,3.28435986E7
2026-02-18,ACC0000003079,CUST0001549,0.0,
2026-02-18,ACC0000003080,CUST0001550,0.0,
2026-02-18,ACC0000003081,CUST0001550,0.0,
2026-02-18,ACC0000003082,CUST0001551,0.0,2.852259614E7
2026-02-18,ACC0000003083,CUST0001551,0.0,
2026-02-18,ACC0000003084,CUST0001552,0.0,
2026-02-18,ACC0000003085,CUST0001552,0.0,4.893914622E7
2026-02-18,ACC0000003086,CUST0001553,0.0,
2026-02-18,ACC0000003087,CUST0001554,0.0,
2026-02-18,ACC0000003088,CUST0001554,2.313797739E7,
2026-02-18,ACC0000003089,CUST0001555,0.0,
2026-02-18,ACC0000003090,CUST0001555,0.0,
2026-02-18,ACC0000003091,CUST0001555,3.423144444E7,
2026-02-18,ACC0000003092,CUST0001556,0.0,
2026-02-18,ACC0000003093,CUST0001556,0.0,
2026-02-18,ACC0000003094,CUST0001557,0.0,
2026-02-18,ACC0000003095,CUST0001557,0.0,
2026-02-18,ACC0000003096,CUST0001557,0.0,
2026-02-18,ACC0000003097,CUST0001558,0.0,
2026-02-18,ACC0000003098,CUST0001559,0.0,
2026-02-18,ACC0000003099,CUST0001559,3.354189503E7,
2026-02-18,ACC0000003100,CUST0001560,0.0,
2026-02-18,ACC0000003101,CUST0001561,0.0,
2026-02-18,ACC0000003102,CUST0001562,4.677526384E7,
2026-02-18,ACC0000003103,CUST0001562,2.96485633E7,
2026-02-18,ACC0000003104,CUST0001563,0.0,3.451517512E7
2026-02-18,ACC0000003105,CUST0001563,1.308874936E7,
2026-02-18,ACC0000003106,CUST0001564,0.0,
2026-02-18,ACC0000003107,CUST0001565,2.475936856E7,
2026-02-18,ACC0000003108,CUST0001565,0.0,
2026-02-18,ACC0000003109,CUST0001565,0.0,
2026-02-18,ACC0000003110,CUST0001566,4.222999281E7,
2026-02-18,ACC0000003111,CUST0001566,0.0,
2026-02-18,ACC0000003112,CUST0001567,0.0,
2026-02-18,ACC0000003113,CUST0001568,0.0,
2026-02-18,ACC0000003114,CUST0001569,0.0,
2026-02-18,ACC0000003115,CUST0001570,0.0,
2026-02-18,ACC0000003116,CUST0001571,0.0,
2026-02-18,ACC0000003117,CUST0001571,0.0,3.116359698E7
2026-02-18,ACC0000003118,CUST0001572,0.0,4.872980883E7
2026-02-18,ACC0000003119,CUST0001572,0.0,
2026-02-18,ACC0000003120,CUST0001573,0.0,
2026-02-18,ACC0000003121,CUST0001573,0.0,1.761243413E7
2026-02-18,ACC0000003122,CUST0001573,0.0,
2026-02-18,ACC0000003123,CUST0001574,0.0,
2026-02-18,ACC0000003124,CUST0001575,0.0,
2026-02-18,ACC0000003125,CUST0001575,0.0,1.645398242E7
2026-02-18,ACC0000003126,CUST0001575,0.0,2.103807776E7
2026-02-18,ACC0000003127,CUST0001576,0.0,
2026-02-18,ACC0000003128,CUST0001577,0.0,3.281557315E7
2026-02-18,ACC0000003129,CUST0001577,0.0,1.44327312E7
2026-02-18,ACC0000003130,CUST0001578,7890743.63,
2026-02-18,ACC0000003131,CUST0001578,0.0,
2026-02-18,ACC0000003132,CUST0001578,0.0,
2026-02-18,ACC0000003133,CUST0001579,0.0,
2026-02-18,ACC0000003134,CUST0001579,3.287439591E7,
2026-02-18,ACC0000003135,CUST0001579,5209675.86,
2026-02-18,ACC0000003136,CUST0001580,0.0,
2026-02-18,ACC0000003137,CUST0001580,0.0,2.632991837E7
2026-02-18,ACC0000003138,CUST0001581,0.0,
2026-02-18,ACC0000003139,CUST0001581,0.0,3.709012125E7
2026-02-18,ACC0000003140,CUST0001581,0.0,4.293479113E7
2026-02-18,ACC0000003141,CUST0001582,0.0,
2026-02-18,ACC0000003142,CUST0001582,9729655.25,
2026-02-18,ACC0000003143,CUST0001582,0.0,
2026-02-18,ACC0000003144,CUST0001583,8417290.27,
2026-02-18,ACC0000003145,CUST0001583,0.0,
2026-02-18,ACC0000003146,CUST0001584,0.0,
2026-02-18,ACC0000003147,CUST0001584,4.525942408E7,
2026-02-18,ACC0000003148,CUST0001585,0.0,
2026-02-18,ACC0000003149,CUST0001586,0.0,
2026-02-18,ACC0000003150,CUST0001586,0.0,1.163155474E7
2026-02-18,ACC0000003151,CUST0001587,0.0,1.79796003E7
2026-02-18,ACC0000003152,CUST0001588,0.0,3.956580499E7
2026-02-18,ACC0000003153,CUST0001588,1.361375088E7,
2026-02-18,ACC0000003154,CUST0001588,0.0,3.167343208E7
2026-02-18,ACC0000003155,CUST0001589,0.0,4.828964881E7
2026-02-18,ACC0000003156,CUST0001589,2.925861856E7,
2026-02-18,ACC0000003157,CUST0001590,0.0,1.532781435E7
2026-02-18,ACC0000003158,CUST0001591,1.777163155E7,
2026-02-18,ACC0000003159,CUST0001592,0.0,
2026-02-18,ACC0000003160,CUST0001592,0.0,
2026-02-18,ACC0000003161,CUST0001593,0.0,
2026-02-18,ACC0000003162,CUST0001593,4.086642161E7,
2026-02-18,ACC0000003163,CUST0001593,0.0,3.627536158E7
2026-02-18,ACC0000003164,CUST0001594,4.056249198E7,
2026-02-18,ACC0000003165,CUST0001594,0.0,
2026-02-18,ACC0000003166,CUST0001594,0.0,3.94363395E7
2026-02-18,ACC0000003167,CUST0001595,0.0,
2026-02-18,ACC0000003168,CUST0001596,4775350.56,
2026-02-18,ACC0000003169,CUST0001596,0.0,2.249673971E7
2026-02-18,ACC0000003170,CUST0001596,2010735.91,
2026-02-18,ACC0000003171,CUST0001597,0.0,
2026-02-18,ACC0000003172,CUST0001597,0.0,
2026-02-18,ACC0000003173,CUST0001598,0.0,
2026-02-18,ACC0000003174,CUST0001598,0.0,
2026-02-18,ACC0000003175,CUST0001599,2.042555672E7,
2026-02-18,ACC0000003176,CUST0001599,0.0,
2026-02-18,ACC0000003177,CUST0001599,0.0,
2026-02-18,ACC0000003178,CUST0001600,3.744517013E7,
2026-02-18,ACC0000003179,CUST0001600,4.868341009E7,
2026-02-18,ACC0000003180,CUST0001601,0.0,1.04655688E7
2026-02-18,ACC0000003181,CUST0001601,0.0,
2026-02-18,ACC0000003182,CUST0001602,0.0,
2026-02-18,ACC0000003183,CUST0001602,0.0,3.052743194E7
2026-02-18,ACC0000003184,CUST0001603,0.0,2.47262009E7
2026-02-18,ACC0000003185,CUST0001603,8458159.2,
2026-02-18,ACC0000003186,CUST0001604,0.0,2.983648788E7
2026-02-18,ACC0000003187,CUST0001605,1.948046434E7,
2026-02-18,ACC0000003188,CUST0001606,0.0,
2026-02-18,ACC0000003189,CUST0001606,0.0,1.903121606E7
2026-02-18,ACC0000003190,CUST0001606,0.0,1.895600017E7
2026-02-18,ACC0000003191,CUST0001607,0.0,2.232671382E7
2026-02-18,ACC0000003192,CUST0001607,4.766216275E7,
2026-02-18,ACC0000003193,CUST0001607,0.0,
2026-02-18,ACC0000003194,CUST0001608,0.0,
2026-02-18,ACC0000003195,CUST0001609,0.0,
2026-02-18,ACC0000003196,CUST0001610,0.0,4.26805913E7
2026-02-18,ACC0000003197,CUST0001611,760221.46,
2026-02-18,ACC0000003198,CUST0001612,0.0,4.381346056E7
2026-02-18,ACC0000003199,CUST0001612,0.0,1.557411877E7
2026-02-18,ACC0000003200,CUST0001613,0.0,4.817704886E7
2026-02-18,ACC0000003201,CUST0001613,0.0,1.348962785E7
2026-02-18,ACC0000003202,CUST0001614,0.0,
2026-02-18,ACC0000003203,CUST0001615,0.0,
2026-02-18,ACC0000003204,CUST0001615,0.0,3.632037521E7
2026-02-18,ACC0000003205,CUST0001615,0.0,
2026-02-18,ACC0000003206,CUST0001616,8765446.07,
2026-02-18,ACC0000003207,CUST0001616,0.0,
2026-02-18,ACC0000003208,CUST0001617,0.0,
2026-02-18,ACC0000003209,CUST0001618,0.0,
2026-02-18,ACC0000003210,CUST0001619,0.0,3.134344151E7
2026-02-18,ACC0000003211,CUST0001620,0.0,2.037914261E7
2026-02-18,ACC0000003212,CUST0001621,0.0,1.92201899E7
2026-02-18,ACC0000003213,CUST0001621,2.1826195E7,
2026-02-18,ACC0000003214,CUST0001622,1.719174374E7,
2026-02-18,ACC0000003215,CUST0001623,0.0,
2026-02-18,ACC0000003216,CUST0001623,0.0,
2026-02-18,ACC0000003217,CUST0001624,0.0,
2026-02-18,ACC0000003218,CUST0001624,1.853040853E7,
2026-02-18,ACC0000003219,CUST0001624,0.0,
2026-02-18,ACC0000003220,CUST0001625,0.0,
2026-02-18,ACC0000003221,CUST0001625,0.0,
2026-02-18,ACC0000003222,CUST0001626,0.0,
2026-02-18,ACC0000003223,CUST0001626,0.0,2.220424657E7
2026-02-18,ACC0000003224,CUST0001627,0.0,
2026-02-18,ACC0000003225,CUST0001627,2.721204004E7,
2026-02-18,ACC0000003226,CUST0001627,0.0,
2026-02-18,ACC0000003227,CUST0001628,0.0,
2026-02-18,ACC0000003228,CUST0001628,0.0,3.616822275E7
2026-02-18,ACC0000003229,CUST0001629,1354701.94,
2026-02-18,ACC0000003230,CUST0001629,0.0,
2026-02-18,ACC0000003231,CUST0001629,0.0,
2026-02-18,ACC0000003232,CUST0001630,0.0,
2026-02-18,ACC0000003233,CUST0001631,1.254316252E7,
2026-02-18,ACC0000003234,CUST0001631,0.0,
2026-02-18,ACC0000003235,CUST0001632,0.0,
2026-02-18,ACC0000003236,CUST0001633,0.0,1.805497334E7
2026-02-18,ACC0000003237,CUST0001633,0.0,
2026-02-18,ACC0000003238,CUST0001634,0.0,
2026-02-18,ACC0000003239,CUST0001634,0.0,3.47231109E7
2026-02-18,ACC0000003240,CUST0001634,0.0,8913632.1
2026-02-18,ACC0000003241,CUST0001635,0.0,
2026-02-18,ACC0000003242,CUST0001635,0.0,8684469.36
2026-02-18,ACC0000003243,CUST0001636,2.297267499E7,
2026-02-18,ACC0000003244,CUST0001636,0.0,
2026-02-18,ACC0000003245,CUST0001637,0.0,3.930717461E7
2026-02-18,ACC0000003246,CUST0001637,0.0,
2026-02-18,ACC0000003247,CUST0001637,0.0,
2026-02-18,ACC0000003248,CUST0001638,8980761.96,
2026-02-18,ACC0000003249,CUST0001639,0.0,
2026-02-18,ACC0000003250,CUST0001639,7621907.82,
2026-02-18,ACC0000003251,CUST0001639,0.0,3.204098443E7
2026-02-18,ACC0000003252,CUST0001640,0.0,4.472849594E7
2026-02-18,ACC0000003253,CUST0001641,0.0,
2026-02-18,ACC0000003254,CUST0001641,0.0,3.677651203E7
2026-02-18,ACC0000003255,CUST0001641,0.0,
2026-02-18,ACC0000003256,CUST0001642,0.0,2.326443989E7
2026-02-18,ACC0000003257,CUST0001642,0.0,
2026-02-18,ACC0000003258,CUST0001642,0.0,
2026-02-18,ACC0000003259,CUST0001643,4.02270465E7,
2026-02-18,ACC0000003260,CUST0001643,0.0,
2026-02-18,ACC0000003261,CUST0001644,0.0,1.472951487E7
2026-02-18,ACC0000003262,CUST0001644,4.891441836E7,
2026-02-18,ACC0000003263,CUST0001645,0.0,1.816244176E7
2026-02-18,ACC0000003264,CUST0001646,0.0,4.124013185E7
2026-02-18,ACC0000003265,CUST0001646,4133534.28,
2026-02-18,ACC0000003266,CUST0001646,0.0,1.289059659E7
2026-02-18,ACC0000003267,CUST0001647,0.0,1.913739813E7
2026-02-18,ACC0000003268,CUST0001647,0.0,
2026-02-18,ACC0000003269,CUST0001647,0.0,
2026-02-18,ACC0000003270,CUST0001648,0.0,4.886513011E7
2026-02-18,ACC0000003271,CUST0001649,0.0,
2026-02-18,ACC0000003272,CUST0001650,4.726335801E7,
2026-02-18,ACC0000003273,CUST0001650,0.0,
2026-02-18,ACC0000003274,CUST0001650,0.0,
2026-02-18,ACC0000003275,CUST0001651,0.0,2.395101995E7
2026-02-18,ACC0000003276,CUST0001651,0.0,
2026-02-18,ACC0000003277,CUST0001652,0.0,
2026-02-18,ACC0000003278,CUST0001652,0.0,
2026-02-18,ACC0000003279,CUST0001652,8592685.34,
2026-02-18,ACC0000003280,CUST0001653,1.515300335E7,
2026-02-18,ACC0000003281,CUST0001654,0.0,
2026-02-18,ACC0000003282,CUST0001655,4.085730472E7,
2026-02-18,ACC0000003283,CUST0001655,0.0,
2026-02-18,ACC0000003284,CUST0001655,3.206958232E7,
2026-02-18,ACC0000003285,CUST0001656,0.0,
2026-02-18,ACC0000003286,CUST0001656,0.0,2.769105315E7
2026-02-18,ACC0000003287,CUST0001657,1.321170529E7,
2026-02-18,ACC0000003288,CUST0001657,4.702764345E7,
2026-02-18,ACC0000003289,CUST0001657,0.0,1.242430384E7
2026-02-18,ACC0000003290,CUST0001658,0.0,
2026-02-18,ACC0000003291,CUST0001658,0.0,
2026-02-18,ACC0000003292,CUST0001658,0.0,
2026-02-18,ACC0000003293,CUST0001659,0.0,4.005200755E7
2026-02-18,ACC0000003294,CUST0001659,0.0,
2026-02-18,ACC0000003295,CUST0001659,0.0,2.201726391E7
2026-02-18,ACC0000003296,CUST0001660,4.459543942E7,
2026-02-18,ACC0000003297,CUST0001660,0.0,
2026-02-18,ACC0000003298,CUST0001660,2.807465497E7,
2026-02-18,ACC0000003299,CUST0001661,0.0,
2026-02-18,ACC0000003300,CUST0001661,0.0,
2026-02-18,ACC0000003301,CUST0001662,3.010997612E7,
2026-02-18,ACC0000003302,CUST0001662,3.650840451E7,
2026-02-18,ACC0000003303,CUST0001662,0.0,
2026-02-18,ACC0000003304,CUST0001663,0.0,
2026-02-18,ACC0000003305,CUST0001664,0.0,
2026-02-18,ACC0000003306,CUST0001664,0.0,
2026-02-18,ACC0000003307,CUST0001664,1.222958224E7,
2026-02-18,ACC0000003308,CUST0001665,0.0,
2026-02-18,ACC0000003309,CUST0001665,2.816695466E7,
2026-02-18,ACC0000003310,CUST0001665,0.0,
2026-02-18,ACC0000003311,CUST0001666,1.09192882E7,
2026-02-18,ACC0000003312,CUST0001666,1.271470841E7,
2026-02-18,ACC0000003313,CUST0001666,0.0,1.464656861E7
2026-02-18,ACC0000003314,CUST0001667,0.0,1.124225114E7
2026-02-18,ACC0000003315,CUST0001667,0.0,
2026-02-18,ACC0000003316,CUST0001668,0.0,
2026-02-18,ACC0000003317,CUST0001668,0.0,
2026-02-18,ACC0000003318,CUST0001668,1.139591621E7,
2026-02-18,ACC0000003319,CUST0001669,7215387.49,
2026-02-18,ACC0000003320,CUST0001669,0.0,4.882116559E7
2026-02-18,ACC0000003321,CUST0001670,0.0,
2026-02-18,ACC0000003322,CUST0001670,0.0,3.072760118E7
2026-02-18,ACC0000003323,CUST0001670,2.21697434E7,
2026-02-18,ACC0000003324,CUST0001671,0.0,
2026-02-18,ACC0000003325,CUST0001671,0.0,
2026-02-18,ACC0000003326,CUST0001672,0.0,
2026-02-18,ACC0000003327,CUST0001672,0.0,4.447113022E7
2026-02-18,ACC0000003328,CUST0001673,0.0,
2026-02-18,ACC0000003329,CUST0001674,0.0,2.747493753E7
2026-02-18,ACC0000003330,CUST0001675,0.0,
2026-02-18,ACC0000003331,CUST0001675,0.0,3.812895692E7
2026-02-18,ACC0000003332,CUST0001676,0.0,
2026-02-18,ACC0000003333,CUST0001677,0.0,
2026-02-18,ACC0000003334,CUST0001678,0.0,
2026-02-18,ACC0000003335,CUST0001678,0.0,2.008336185E7
2026-02-18,ACC0000003336,CUST0001678,0.0,
2026-02-18,ACC0000003337,CUST0001679,4.396049829E7,
2026-02-18,ACC0000003338,CUST0001679,0.0,
2026-02-18,ACC0000003339,CUST0001680,0.0,1.711306445E7
2026-02-18,ACC0000003340,CUST0001680,0.0,
2026-02-18,ACC0000003341,CUST0001681,4.082839566E7,
2026-02-18,ACC0000003342,CUST0001681,8935351.76,
2026-02-18,ACC0000003343,CUST0001681,2.405062489E7,
2026-02-18,ACC0000003344,CUST0001682,0.0,2.906167429E7
2026-02-18,ACC0000003345,CUST0001683,0.0,
2026-02-18,ACC0000003346,CUST0001683,0.0,
2026-02-18,ACC0000003347,CUST0001684,0.0,
2026-02-18,ACC0000003348,CUST0001684,4.252338651E7,
2026-02-18,ACC0000003349,CUST0001685,0.0,
2026-02-18,ACC0000003350,CUST0001686,1.294893323E7,
2026-02-18,ACC0000003351,CUST0001686,0.0,
2026-02-18,ACC0000003352,CUST0001687,0.0,1.803021469E7
2026-02-18,ACC0000003353,CUST0001688,0.0,
2026-02-18,ACC0000003354,CUST0001688,0.0,
2026-02-18,ACC0000003355,CUST0001688,0.0,4.990189976E7
2026-02-18,ACC0000003356,CUST0001689,0.0,
2026-02-18,ACC0000003357,CUST0001689,0.0,2.728255964E7
2026-02-18,ACC0000003358,CUST0001690,2.617013943E7,
2026-02-18,ACC0000003359,CUST0001691,0.0,4.611003291E7
2026-02-18,ACC0000003360,CUST0001691,0.0,
2026-02-18,ACC0000003361,CUST0001691,0.0,
2026-02-18,ACC0000003362,CUST0001692,0.0,
2026-02-18,ACC0000003363,CUST0001692,2.826388015E7,
2026-02-18,ACC0000003364,CUST0001692,0.0,
2026-02-18,ACC0000003365,CUST0001693,0.0,
2026-02-18,ACC0000003366,CUST0001693,0.0,2.137134466E7
2026-02-18,ACC0000003367,CUST0001693,0.0,
2026-02-18,ACC0000003368,CUST0001694,0.0,
2026-02-18,ACC0000003369,CUST0001694,0.0,3.77521862E7
2026-02-18,ACC0000003370,CUST0001694,0.0,5025723.62
2026-02-18,ACC0000003371,CUST0001695,0.0,
2026-02-18,ACC0000003372,CUST0001696,0.0,
2026-02-18,ACC0000003373,CUST0001696,0.0,
2026-02-18,ACC0000003374,CUST0001697,0.0,4.325283542E7
2026-02-18,ACC0000003375,CUST0001697,0.0,
2026-02-18,ACC0000003376,CUST0001698,0.0,
2026-02-18,ACC0000003377,CUST0001698,0.0,
2026-02-18,ACC0000003378,CUST0001699,0.0,
2026-02-18,ACC0000003379,CUST0001699,0.0,4.900335779E7
2026-02-18,ACC0000003380,CUST0001700,0.0,
2026-02-18,ACC0000003381,CUST0001700,1.214749999E7,
2026-02-18,ACC0000003382,CUST0001701,0.0,1.878407464E7
2026-02-18,ACC0000003383,CUST0001701,0.0,3.660096686E7
2026-02-18,ACC0000003384,CUST0001702,0.0,2.696564959E7
2026-02-18,ACC0000003385,CUST0001702,0.0,
2026-02-18,ACC0000003386,CUST0001702,0.0,
2026-02-18,ACC0000003387,CUST0001703,0.0,
2026-02-18,ACC0000003388,CUST0001704,6211265.61,
2026-02-18,ACC0000003389,CUST0001704,0.0,
2026-02-18,ACC0000003390,CUST0001705,0.0,
2026-02-18,ACC0000003391,CUST0001705,0.0,5182894.11
2026-02-18,ACC0000003392,CUST0001706,0.0,
2026-02-18,ACC0000003393,CUST0001706,0.0,
2026-02-18,ACC0000003394,CUST0001707,0.0,
2026-02-18,ACC0000003395,CUST0001707,0.0,
2026-02-18,ACC0000003396,CUST0001708,0.0,2.46910299E7
2026-02-18,ACC0000003397,CUST0001709,0.0,
2026-02-18,ACC0000003398,CUST0001709,0.0,
2026-02-18,ACC0000003399,CUST0001709,4.290659629E7,
2026-02-18,ACC0000003400,CUST0001710,0.0,5343041.02
2026-02-18,ACC0000003401,CUST0001711,0.0,
2026-02-18,ACC0000003402,CUST0001712,0.0,8215338.17
2026-02-18,ACC0000003403,CUST0001712,0.0,
2026-02-18,ACC0000003404,CUST0001712,0.0,
2026-02-18,ACC0000003405,CUST0001713,0.0,
2026-02-18,ACC0000003406,CUST0001713,0.0,2.646814296E7
2026-02-18,ACC0000003407,CUST0001713,3728237.47,
2026-02-18,ACC0000003408,CUST0001714,0.0,1.188237348E7
2026-02-18,ACC0000003409,CUST0001714,0.0,
2026-02-18,ACC0000003410,CUST0001714,0.0,
2026-02-18,ACC0000003411,CUST0001715,0.0,
2026-02-18,ACC0000003412,CUST0001715,0.0,4.275456665E7
2026-02-18,ACC0000003413,CUST0001716,424259.29,
2026-02-18,ACC0000003414,CUST0001716,4.217622936E7,
2026-02-18,ACC0000003415,CUST0001717,0.0,
2026-02-18,ACC0000003416,CUST0001717,3.884520784E7,
2026-02-18,ACC0000003417,CUST0001718,4700180.49,
2026-02-18,ACC0000003418,CUST0001718,0.0,
2026-02-18,ACC0000003419,CUST0001719,0.0,
2026-02-18,ACC0000003420,CUST0001719,0.0,6850265.09
2026-02-18,ACC0000003421,CUST0001719,0.0,
2026-02-18,ACC0000003422,CUST0001720,0.0,
2026-02-18,ACC0000003423,CUST0001720,0.0,
2026-02-18,ACC0000003424,CUST0001720,0.0,
2026-02-18,ACC0000003425,CUST0001721,0.0,4.715991865E7
2026-02-18,ACC0000003426,CUST0001721,0.0,3.367334448E7
2026-02-18,ACC0000003427,CUST0001721,0.0,
2026-02-18,ACC0000003428,CUST0001722,4.361020213E7,
2026-02-18,ACC0000003429,CUST0001723,3.284401972E7,
2026-02-18,ACC0000003430,CUST0001724,0.0,
2026-02-18,ACC0000003431,CUST0001724,0.0,9554643.1
2026-02-18,ACC0000003432,CUST0001725,2.633068212E7,
2026-02-18,ACC0000003433,CUST0001725,0.0,
2026-02-18,ACC0000003434,CUST0001726,0.0,2.942568414E7
2026-02-18,ACC0000003435,CUST0001726,0.0,2.51382299E7
2026-02-18,ACC0000003436,CUST0001727,2.705124472E7,
2026-02-18,ACC0000003437,CUST0001727,0.0,4.470985586E7
2026-02-18,ACC0000003438,CUST0001727,1.46637493E7,
2026-02-18,ACC0000003439,CUST0001728,3.87112967E7,
2026-02-18,ACC0000003440,CUST0001728,9380370.1,
2026-02-18,ACC0000003441,CUST0001729,0.0,3.258493771E7
2026-02-18,ACC0000003442,CUST0001729,2.562233666E7,
2026-02-18,ACC0000003443,CUST0001730,3052560.37,
2026-02-18,ACC0000003444,CUST0001730,0.0,4.620096717E7
2026-02-18,ACC0000003445,CUST0001731,2.386126129E7,
2026-02-18,ACC0000003446,CUST0001731,0.0,4.585026296E7
2026-02-18,ACC0000003447,CUST0001732,0.0,
2026-02-18,ACC0000003448,CUST0001732,0.0,3.347824174E7
2026-02-18,ACC0000003449,CUST0001732,0.0,
2026-02-18,ACC0000003450,CUST0001733,2.19522802E7,
2026-02-18,ACC0000003451,CUST0001734,0.0,
2026-02-18,ACC0000003452,CUST0001735,3459696.19,
2026-02-18,ACC0000003453,CUST0001735,0.0,
2026-02-18,ACC0000003454,CUST0001736,0.0,
2026-02-18,ACC0000003455,CUST0001737,0.0,
2026-02-18,ACC0000003456,CUST0001738,0.0,
2026-02-18,ACC0000003457,CUST0001739,0.0,1.006929866E7
2026-02-18,ACC0000003458,CUST0001739,0.0,
2026-02-18,ACC0000003459,CUST0001739,0.0,
2026-02-18,ACC0000003460,CUST0001740,0.0,
2026-02-18,ACC0000003461,CUST0001740,0.0,
2026-02-18,ACC0000003462,CUST0001740,2.532546631E7,
2026-02-18,ACC0000003463,CUST0001741,0.0,
2026-02-18,ACC0000003464,CUST0001742,0.0,
2026-02-18,ACC0000003465,CUST0001742,3.708291487E7,
2026-02-18,ACC0000003466,CUST0001742,1.752717322E7,
2026-02-18,ACC0000003467,CUST0001743,0.0,
2026-02-18,ACC0000003468,CUST0001743,3.619639117E7,
2026-02-18,ACC0000003469,CUST0001743,0.0,1.378723348E7
2026-02-18,ACC0000003470,CUST0001744,3.796835164E7,
2026-02-18,ACC0000003471,CUST0001744,3.987107747E7,
2026-02-18,ACC0000003472,CUST0001745,1.50170498E7,
2026-02-18,ACC0000003473,CUST0001745,0.0,
2026-02-18,ACC0000003474,CUST0001746,0.0,
2026-02-18,ACC0000003475,CUST0001746,0.0,1.943779779E7
2026-02-18,ACC0000003476,CUST0001746,0.0,
2026-02-18,ACC0000003477,CUST0001747,0.0,3.009497022E7
2026-02-18,ACC0000003478,CUST0001747,0.0,
2026-02-18,ACC0000003479,CUST0001748,3.858991274E7,
2026-02-18,ACC0000003480,CUST0001749,0.0,2.471011421E7
2026-02-18,ACC0000003481,CUST0001749,0.0,3.077263459E7
2026-02-18,ACC0000003482,CUST0001750,0.0,
2026-02-18,ACC0000003483,CUST0001751,0.0,1.871682654E7
2026-02-18,ACC0000003484,CUST0001751,0.0,4.26847354E7
2026-02-18,ACC0000003485,CUST0001752,1.998897396E7,
2026-02-18,ACC0000003486,CUST0001753,0.0,3.320672279E7
2026-02-18,ACC0000003487,CUST0001754,1.315841314E7,
2026-02-18,ACC0000003488,CUST0001754,0.0,
2026-02-18,ACC0000003489,CUST0001755,0.0,
2026-02-18,ACC0000003490,CUST0001755,0.0,
2026-02-18,ACC0000003491,CUST0001756,0.0,
2026-02-18,ACC0000003492,CUST0001756,0.0,
2026-02-18,ACC0000003493,CUST0001757,0.0,1.030650542E7
2026-02-18,ACC0000003494,CUST0001757,0.0,
2026-02-18,ACC0000003495,CUST0001758,0.0,1.691024935E7
2026-02-18,ACC0000003496,CUST0001758,0.0,2.693605217E7
2026-02-18,ACC0000003497,CUST0001759,0.0,
2026-02-18,ACC0000003498,CUST0001759,0.0,
2026-02-18,ACC0000003499,CUST0001759,2.802676543E7,
2026-02-18,ACC0000003500,CUST0001760,0.0,3.481966234E7
2026-02-18,ACC0000003501,CUST0001760,0.0,
2026-02-18,ACC0000003502,CUST0001761,3.772332559E7,
2026-02-18,ACC0000003503,CUST0001762,0.0,
2026-02-18,ACC0000003504,CUST0001763,0.0,
2026-02-18,ACC0000003505,CUST0001763,0.0,
2026-02-18,ACC0000003506,CUST0001763,0.0,
2026-02-18,ACC0000003507,CUST0001764,0.0,
2026-02-18,ACC0000003508,CUST0001765,0.0,2.251973246E7
2026-02-18,ACC0000003509,CUST0001765,0.0,
2026-02-18,ACC0000003510,CUST0001765,0.0,
2026-02-18,ACC0000003511,CUST0001766,0.0,
2026-02-18,ACC0000003512,CUST0001766,0.0,
2026-02-18,ACC0000003513,CUST0001766,0.0,
2026-02-18,ACC0000003514,CUST0001767,0.0,
2026-02-18,ACC0000003515,CUST0001768,0.0,
2026-02-18,ACC0000003516,CUST0001768,0.0,
2026-02-18,ACC0000003517,CUST0001769,0.0,
2026-02-18,ACC0000003518,CUST0001770,0.0,
2026-02-18,ACC0000003519,CUST0001770,0.0,4.660605901E7
2026-02-18,ACC0000003520,CUST0001771,4464406.25,
2026-02-18,ACC0000003521,CUST0001771,0.0,
2026-02-18,ACC0000003522,CUST0001772,0.0,
2026-02-18,ACC0000003523,CUST0001772,0.0,
2026-02-18,ACC0000003524,CUST0001772,0.0,
2026-02-18,ACC0000003525,CUST0001773,3.74363661E7,
2026-02-18,ACC0000003526,CUST0001773,4.316521367E7,
2026-02-18,ACC0000003527,CUST0001773,0.0,
2026-02-18,ACC0000003528,CUST0001774,875038.09,
2026-02-18,ACC0000003529,CUST0001775,0.0,
2026-02-18,ACC0000003530,CUST0001775,0.0,
2026-02-18,ACC0000003531,CUST0001776,2.046120724E7,
2026-02-18,ACC0000003532,CUST0001776,0.0,3.290751184E7
2026-02-18,ACC0000003533,CUST0001776,0.0,
2026-02-18,ACC0000003534,CUST0001777,0.0,8008294.45
2026-02-18,ACC0000003535,CUST0001777,0.0,
2026-02-18,ACC0000003536,CUST0001778,0.0,
2026-02-18,ACC0000003537,CUST0001778,811600.7,
2026-02-18,ACC0000003538,CUST0001779,0.0,
2026-02-18,ACC0000003539,CUST0001779,0.0,
2026-02-18,ACC0000003540,CUST0001780,0.0,5868805.1
2026-02-18,ACC0000003541,CUST0001781,0.0,
2026-02-18,ACC0000003542,CUST0001782,4.475918291E7,
2026-02-18,ACC0000003543,CUST0001783,1.560913821E7,
2026-02-18,ACC0000003544,CUST0001784,0.0,
2026-02-18,ACC0000003545,CUST0001785,0.0,
2026-02-18,ACC0000003546,CUST0001785,0.0,2.655795273E7
2026-02-18,ACC0000003547,CUST0001786,0.0,1.126623836E7
2026-02-18,ACC0000003548,CUST0001787,0.0,
2026-02-18,ACC0000003549,CUST0001787,0.0,7946137.09
2026-02-18,ACC0000003550,CUST0001788,0.0,
2026-02-18,ACC0000003551,CUST0001788,0.0,
2026-02-18,ACC0000003552,CUST0001789,0.0,
2026-02-18,ACC0000003553,CUST0001790,0.0,
2026-02-18,ACC0000003554,CUST0001791,3.76656965E7,
2026-02-18,ACC0000003555,CUST0001791,0.0,
2026-02-18,ACC0000003556,CUST0001791,0.0,
2026-02-18,ACC0000003557,CUST0001792,0.0,
2026-02-18,ACC0000003558,CUST0001792,0.0,
2026-02-18,ACC0000003559,CUST0001792,0.0,
2026-02-18,ACC0000003560,CUST0001793,0.0,4.186043933E7
2026-02-18,ACC0000003561,CUST0001794,0.0,
2026-02-18,ACC0000003562,CUST0001795,0.0,
2026-02-18,ACC0000003563,CUST0001796,0.0,
2026-02-18,ACC0000003564,CUST0001796,0.0,
2026-02-18,ACC0000003565,CUST0001796,0.0,
2026-02-18,ACC0000003566,CUST0001797,0.0,3.357578468E7
2026-02-18,ACC0000003567,CUST0001797,8423199.33,
2026-02-18,ACC0000003568,CUST0001798,5274460.14,
2026-02-18,ACC0000003569,CUST0001798,0.0,
2026-02-18,ACC0000003570,CUST0001798,4.31915811E7,
2026-02-18,ACC0000003571,CUST0001799,1.036003747E7,
2026-02-18,ACC0000003572,CUST0001800,0.0,
2026-02-18,ACC0000003573,CUST0001800,0.0,
2026-02-18,ACC0000003574,CUST0001801,0.0,
2026-02-18,ACC0000003575,CUST0001801,0.0,
2026-02-18,ACC0000003576,CUST0001802,0.0,3.209475148E7
2026-02-18,ACC0000003577,CUST0001802,0.0,
2026-02-18,ACC0000003578,CUST0001803,0.0,
2026-02-18,ACC0000003579,CUST0001804,0.0,8198524.33
2026-02-18,ACC0000003580,CUST0001804,1.494721105E7,
2026-02-18,ACC0000003581,CUST0001805,0.0,4.400293585E7
2026-02-18,ACC0000003582,CUST0001806,3.276008385E7,
2026-02-18,ACC0000003583,CUST0001807,0.0,
2026-02-18,ACC0000003584,CUST0001807,0.0,3.703943301E7
2026-02-18,ACC0000003585,CUST0001808,0.0,
2026-02-18,ACC0000003586,CUST0001808,0.0,4.436587852E7
2026-02-18,ACC0000003587,CUST0001808,0.0,3.77340717E7
2026-02-18,ACC0000003588,CUST0001809,4837843.32,
2026-02-18,ACC0000003589,CUST0001810,2.913720872E7,
2026-02-18,ACC0000003590,CUST0001810,0.0,
2026-02-18,ACC0000003591,CUST0001811,0.0,
2026-02-18,ACC0000003592,CUST0001812,0.0,
2026-02-18,ACC0000003593,CUST0001812,0.0,
2026-02-18,ACC0000003594,CUST0001812,6155480.08,
2026-02-18,ACC0000003595,CUST0001813,3.164667078E7,
2026-02-18,ACC0000003596,CUST0001813,0.0,3.287232276E7
2026-02-18,ACC0000003597,CUST0001814,0.0,1.745824764E7
2026-02-18,ACC0000003598,CUST0001814,0.0,
2026-02-18,ACC0000003599,CUST0001815,0.0,3.758208917E7
2026-02-18,ACC0000003600,CUST0001815,3.62317979E7,
2026-02-18,ACC0000003601,CUST0001815,0.0,3.005312763E7
2026-02-18,ACC0000003602,CUST0001816,0.0,
2026-02-18,ACC0000003603,CUST0001816,0.0,
2026-02-18,ACC0000003604,CUST0001816,0.0,4.229340914E7
2026-02-18,ACC0000003605,CUST0001817,0.0,6612984.66
2026-02-18,ACC0000003606,CUST0001818,0.0,
2026-02-18,ACC0000003607,CUST0001819,0.0,2.273557433E7
2026-02-18,ACC0000003608,CUST0001819,0.0,
2026-02-18,ACC0000003609,CUST0001819,0.0,2.088223952E7
2026-02-18,ACC0000003610,CUST0001820,0.0,
2026-02-18,ACC0000003611,CUST0001821,0.0,
2026-02-18,ACC0000003612,CUST0001822,0.0,4.92311063E7
2026-02-18,ACC0000003613,CUST0001822,0.0,1.539568789E7
2026-02-18,ACC0000003614,CUST0001822,3.601084722E7,
2026-02-18,ACC0000003615,CUST0001823,0.0,
2026-02-18,ACC0000003616,CUST0001823,0.0,3.73964639E7
2026-02-18,ACC0000003617,CUST0001824,1.480259531E7,
2026-02-18,ACC0000003618,CUST0001824,0.0,
2026-02-18,ACC0000003619,CUST0001825,1.617770623E7,
2026-02-18,ACC0000003620,CUST0001825,0.0,1.779290217E7
2026-02-18,ACC0000003621,CUST0001825,1.38197397E7,
2026-02-18,ACC0000003622,CUST0001826,3.852014714E7,
2026-02-18,ACC0000003623,CUST0001827,0.0,
2026-02-18,ACC0000003624,CUST0001827,0.0,
2026-02-18,ACC0000003625,CUST0001828,0.0,1.047096075E7
2026-02-18,ACC0000003626,CUST0001829,0.0,
2026-02-18,ACC0000003627,CUST0001829,0.0,3.666810466E7
2026-02-18,ACC0000003628,CUST0001829,0.0,
2026-02-18,ACC0000003629,CUST0001830,0.0,1.672902028E7
2026-02-18,ACC0000003630,CUST0001831,0.0,
2026-02-18,ACC0000003631,CUST0001831,0.0,
2026-02-18,ACC0000003632,CUST0001832,9425391.15,
2026-02-18,ACC0000003633,CUST0001832,4.563179878E7,
2026-02-18,ACC0000003634,CUST0001832,3.280788736E7,
2026-02-18,ACC0000003635,CUST0001833,0.0,4.569975243E7
2026-02-18,ACC0000003636,CUST0001833,0.0,1.191262437E7
2026-02-18,ACC0000003637,CUST0001834,0.0,
2026-02-18,ACC0000003638,CUST0001835,2.367647956E7,
2026-02-18,ACC0000003639,CUST0001836,0.0,
2026-02-18,ACC0000003640,CUST0001837,0.0,
2026-02-18,ACC0000003641,CUST0001837,0.0,
2026-02-18,ACC0000003642,CUST0001838,0.0,
2026-02-18,ACC0000003643,CUST0001838,0.0,
2026-02-18,ACC0000003644,CUST0001838,0.0,
2026-02-18,ACC0000003645,CUST0001839,1.559630637E7,
2026-02-18,ACC0000003646,CUST0001839,0.0,
2026-02-18,ACC0000003647,CUST0001840,3.689510232E7,
2026-02-18,ACC0000003648,CUST0001841,4.334632726E7,
2026-02-18,ACC0000003649,CUST0001842,0.0,2.880812044E7
2026-02-18,ACC0000003650,CUST0001843,0.0,4.494839279E7
2026-02-18,ACC0000003651,CUST0001843,0.0,
2026-02-18,ACC0000003652,CUST0001843,0.0,
2026-02-18,ACC0000003653,CUST0001844,3.254365644E7,
2026-02-18,ACC0000003654,CUST0001844,0.0,
2026-02-18,ACC0000003655,CUST0001845,0.0,
2026-02-18,ACC0000003656,CUST0001846,0.0,
2026-02-18,ACC0000003657,CUST0001846,4.211226929E7,
2026-02-18,ACC0000003658,CUST0001847,0.0,
2026-02-18,ACC0000003659,CUST0001847,0.0,
2026-02-18,ACC0000003660,CUST0001847,0.0,
2026-02-18,ACC0000003661,CUST0001848,9031675.89,
2026-02-18,ACC0000003662,CUST0001848,0.0,
2026-02-18,ACC0000003663,CUST0001848,0.0,5241382.77
2026-02-18,ACC0000003664,CUST0001849,0.0,3.256599169E7
2026-02-18,ACC0000003665,CUST0001849,0.0,4.437618435E7
2026-02-18,ACC0000003666,CUST0001850,0.0,4.262975355E7
2026-02-18,ACC0000003667,CUST0001850,1.725327888E7,
2026-02-18,ACC0000003668,CUST0001851,0.0,
2026-02-18,ACC0000003669,CUST0001852,0.0,
2026-02-18,ACC0000003670,CUST0001852,2.039007619E7,
2026-02-18,ACC0000003671,CUST0001852,0.0,2.113187946E7
2026-02-18,ACC0000003672,CUST0001853,3.674604641E7,
2026-02-18,ACC0000003673,CUST0001853,0.0,
2026-02-18,ACC0000003674,CUST0001854,0.0,
2026-02-18,ACC0000003675,CUST0001854,0.0,
2026-02-18,ACC0000003676,CUST0001854,2.977824672E7,
2026-02-18,ACC0000003677,CUST0001855,2.26228507E7,
2026-02-18,ACC0000003678,CUST0001855,0.0,1.041029018E7
2026-02-18,ACC0000003679,CUST0001856,0.0,
2026-02-18,ACC0000003680,CUST0001856,0.0,
2026-02-18,ACC0000003681,CUST0001856,0.0,1.592004109E7
2026-02-18,ACC0000003682,CUST0001857,0.0,4.447896412E7
2026-02-18,ACC0000003683,CUST0001857,0.0,
2026-02-18,ACC0000003684,CUST0001857,0.0,
2026-02-18,ACC0000003685,CUST0001858,0.0,3.629087858E7
2026-02-18,ACC0000003686,CUST0001858,0.0,
2026-02-18,ACC0000003687,CUST0001859,2.879149667E7,
2026-02-18,ACC0000003688,CUST0001859,0.0,3.008139615E7
2026-02-18,ACC0000003689,CUST0001859,2.6904002E7,
2026-02-18,ACC0000003690,CUST0001860,0.0,
2026-02-18,ACC0000003691,CUST0001860,0.0,
2026-02-18,ACC0000003692,CUST0001860,0.0,
2026-02-18,ACC0000003693,CUST0001861,3.831034414E7,
2026-02-18,ACC0000003694,CUST0001861,0.0,4.04887646E7
2026-02-18,ACC0000003695,CUST0001862,191767.88,
2026-02-18,ACC0000003696,CUST0001862,0.0,
2026-02-18,ACC0000003697,CUST0001862,0.0,
2026-02-18,ACC0000003698,CUST0001863,0.0,3.430073153E7
2026-02-18,ACC0000003699,CUST0001863,0.0,3.363042469E7
2026-02-18,ACC0000003700,CUST0001863,0.0,
2026-02-18,ACC0000003701,CUST0001864,0.0,4.263443113E7
2026-02-18,ACC0000003702,CUST0001865,0.0,
2026-02-18,ACC0000003703,CUST0001866,2215827.19,
2026-02-18,ACC0000003704,CUST0001867,0.0,
2026-02-18,ACC0000003705,CUST0001867,0.0,
2026-02-18,ACC0000003706,CUST0001867,0.0,
2026-02-18,ACC0000003707,CUST0001868,0.0,
2026-02-18,ACC0000003708,CUST0001868,0.0,
2026-02-18,ACC0000003709,CUST0001869,0.0,
2026-02-18,ACC0000003710,CUST0001869,0.0,1.257874931E7
2026-02-18,ACC0000003711,CUST0001870,3.64324491E7,
2026-02-18,ACC0000003712,CUST0001870,0.0,2.35547496E7
2026-02-18,ACC0000003713,CUST0001870,0.0,3.402686067E7
2026-02-18,ACC0000003714,CUST0001871,0.0,
2026-02-18,ACC0000003715,CUST0001871,0.0,
2026-02-18,ACC0000003716,CUST0001872,0.0,
2026-02-18,ACC0000003717,CUST0001872,4.850498498E7,
2026-02-18,ACC0000003718,CUST0001873,0.0,
2026-02-18,ACC0000003719,CUST0001874,2.419179082E7,
2026-02-18,ACC0000003720,CUST0001874,0.0,
2026-02-18,ACC0000003721,CUST0001875,0.0,
2026-02-18,ACC0000003722,CUST0001875,0.0,3.67972971E7
2026-02-18,ACC0000003723,CUST0001875,0.0,4.385370263E7
2026-02-18,ACC0000003724,CUST0001876,2.231109231E7,
2026-02-18,ACC0000003725,CUST0001876,0.0,4.962444243E7
2026-02-18,ACC0000003726,CUST0001876,0.0,
2026-02-18,ACC0000003727,CUST0001877,1.599259574E7,
2026-02-18,ACC0000003728,CUST0001877,0.0,
2026-02-18,ACC0000003729,CUST0001877,0.0,1.533887872E7
2026-02-18,ACC0000003730,CUST0001878,2.071439744E7,
2026-02-18,ACC0000003731,CUST0001879,2.96738654E7,
2026-02-18,ACC0000003732,CUST0001879,0.0,
2026-02-18,ACC0000003733,CUST0001879,0.0,
2026-02-18,ACC0000003734,CUST0001880,0.0,2.381427811E7
2026-02-18,ACC0000003735,CUST0001880,0.0,
2026-02-18,ACC0000003736,CUST0001880,0.0,3.436404712E7
2026-02-18,ACC0000003737,CUST0001881,0.0,
2026-02-18,ACC0000003738,CUST0001882,0.0,3.810132623E7
2026-02-18,ACC0000003739,CUST0001883,0.0,
2026-02-18,ACC0000003740,CUST0001884,4.348006004E7,
2026-02-18,ACC0000003741,CUST0001885,0.0,
2026-02-18,ACC0000003742,CUST0001886,0.0,1.406323488E7
2026-02-18,ACC0000003743,CUST0001887,0.0,
2026-02-18,ACC0000003744,CUST0001888,0.0,
2026-02-18,ACC0000003745,CUST0001888,0.0,2.872129114E7
2026-02-18,ACC0000003746,CUST0001888,0.0,
2026-02-18,ACC0000003747,CUST0001889,7327492.64,
2026-02-18,ACC0000003748,CUST0001890,0.0,4.330072663E7
2026-02-18,ACC0000003749,CUST0001890,0.0,4.430004784E7
2026-02-18,ACC0000003750,CUST0001890,0.0,
2026-02-18,ACC0000003751,CUST0001891,0.0,3.357352649E7
2026-02-18,ACC0000003752,CUST0001891,0.0,
2026-02-18,ACC0000003753,CUST0001891,0.0,
2026-02-18,ACC0000003754,CUST0001892,2.347538252E7,
2026-02-18,ACC0000003755,CUST0001893,0.0,4.334629515E7
2026-02-18,ACC0000003756,CUST0001893,0.0,
2026-02-18,ACC0000003757,CUST0001894,0.0,
2026-02-18,ACC0000003758,CUST0001895,2.332155811E7,
2026-02-18,ACC0000003759,CUST0001895,0.0,
2026-02-18,ACC0000003760,CUST0001895,0.0,
2026-02-18,ACC0000003761,CUST0001896,0.0,4.506520646E7
2026-02-18,ACC0000003762,CUST0001896,0.0,
2026-02-18,ACC0000003763,CUST0001897,1465669.77,
2026-02-18,ACC0000003764,CUST0001897,0.0,
2026-02-18,ACC0000003765,CUST0001898,0.0,4.246311107E7
2026-02-18,ACC0000003766,CUST0001898,0.0,
2026-02-18,ACC0000003767,CUST0001898,0.0,
2026-02-18,ACC0000003768,CUST0001899,1.20703616E7,
2026-02-18,ACC0000003769,CUST0001900,0.0,
2026-02-18,ACC0000003770,CUST0001901,0.0,
2026-02-18,ACC0000003771,CUST0001901,0.0,
2026-02-18,ACC0000003772,CUST0001902,0.0,
2026-02-18,ACC0000003773,CUST0001902,0.0,1.014661369E7
2026-02-18,ACC0000003774,CUST0001903,0.0,
2026-02-18,ACC0000003775,CUST0001904,0.0,3.452397209E7
2026-02-18,ACC0000003776,CUST0001904,0.0,
2026-02-18,ACC0000003777,CUST0001904,0.0,
2026-02-18,ACC0000003778,CUST0001905,0.0,2.013589372E7
2026-02-18,ACC0000003779,CUST0001905,0.0,
2026-02-18,ACC0000003780,CUST0001906,6601457.41,
2026-02-18,ACC0000003781,CUST0001906,0.0,
2026-02-18,ACC0000003782,CUST0001907,3.303681283E7,
2026-02-18,ACC0000003783,CUST0001908,340586.24,
2026-02-18,ACC0000003784,CUST0001909,3.256968502E7,
2026-02-18,ACC0000003785,CUST0001909,0.0,1.672598062E7
2026-02-18,ACC0000003786,CUST0001910,0.0,4.645225875E7
2026-02-18,ACC0000003787,CUST0001910,0.0,
2026-02-18,ACC0000003788,CUST0001910,0.0,
2026-02-18,ACC0000003789,CUST0001911,0.0,4.447172445E7
2026-02-18,ACC0000003790,CUST0001911,0.0,
2026-02-18,ACC0000003791,CUST0001911,0.0,
2026-02-18,ACC0000003792,CUST0001912,0.0,2.22693915E7
2026-02-18,ACC0000003793,CUST0001912,0.0,
2026-02-18,ACC0000003794,CUST0001913,0.0,
2026-02-18,ACC0000003795,CUST0001914,1.803570547E7,
2026-02-18,ACC0000003796,CUST0001914,0.0,1.525935036E7
2026-02-18,ACC0000003797,CUST0001914,0.0,
2026-02-18,ACC0000003798,CUST0001915,0.0,4.78102629E7
2026-02-18,ACC0000003799,CUST0001916,0.0,
2026-02-18,ACC0000003800,CUST0001916,3.008243491E7,
2026-02-18,ACC0000003801,CUST0001917,0.0,
2026-02-18,ACC0000003802,CUST0001918,0.0,
2026-02-18,ACC0000003803,CUST0001919,0.0,
2026-02-18,ACC0000003804,CUST0001920,2.331575829E7,
2026-02-18,ACC0000003805,CUST0001920,0.0,
2026-02-18,ACC0000003806,CUST0001920,0.0,1.803063806E7
2026-02-18,ACC0000003807,CUST0001921,9095780.65,
2026-02-18,ACC0000003808,CUST0001921,0.0,
2026-02-18,ACC0000003809,CUST0001921,0.0,
2026-02-18,ACC0000003810,CUST0001922,4.13476484E7,
2026-02-18,ACC0000003811,CUST0001922,0.0,4.69665119E7
2026-02-18,ACC0000003812,CUST0001923,0.0,
2026-02-18,ACC0000003813,CUST0001924,4.158015211E7,
2026-02-18,ACC0000003814,CUST0001924,0.0,4.430963115E7
2026-02-18,ACC0000003815,CUST0001925,0.0,
2026-02-18,ACC0000003816,CUST0001925,0.0,
2026-02-18,ACC0000003817,CUST0001925,2.051609337E7,
2026-02-18,ACC0000003818,CUST0001926,7070177.42,
2026-02-18,ACC0000003819,CUST0001927,0.0,
2026-02-18,ACC0000003820,CUST0001927,1812881.39,
2026-02-18,ACC0000003821,CUST0001927,0.0,3.336620658E7
2026-02-18,ACC0000003822,CUST0001928,0.0,
2026-02-18,ACC0000003823,CUST0001928,0.0,
2026-02-18,ACC0000003824,CUST0001929,0.0,
2026-02-18,ACC0000003825,CUST0001929,0.0,
2026-02-18,ACC0000003826,CUST0001929,0.0,
2026-02-18,ACC0000003827,CUST0001930,0.0,
2026-02-18,ACC0000003828,CUST0001931,0.0,
2026-02-18,ACC0000003829,CUST0001931,0.0,4.884313527E7
2026-02-18,ACC0000003830,CUST0001932,0.0,2.425329551E7
2026-02-18,ACC0000003831,CUST0001932,0.0,
2026-02-18,ACC0000003832,CUST0001933,4.788381313E7,
2026-02-18,ACC0000003833,CUST0001933,0.0,
2026-02-18,ACC0000003834,CUST0001933,0.0,
2026-02-18,ACC0000003835,CUST0001934,0.0,
2026-02-18,ACC0000003836,CUST0001935,0.0,4.696861167E7
2026-02-18,ACC0000003837,CUST0001936,0.0,
2026-02-18,ACC0000003838,CUST0001937,0.0,
2026-02-18,ACC0000003839,CUST0001937,0.0,9541509.6
2026-02-18,ACC0000003840,CUST0001938,3.415343666E7,
2026-02-18,ACC0000003841,CUST0001938,3.454726958E7,
2026-02-18,ACC0000003842,CUST0001938,4.71353484E7,
2026-02-18,ACC0000003843,CUST0001939,512182.19,
2026-02-18,ACC0000003844,CUST0001940,0.0,
2026-02-18,ACC0000003845,CUST0001940,0.0,
2026-02-18,ACC0000003846,CUST0001941,0.0,
2026-02-18,ACC0000003847,CUST0001941,0.0,
2026-02-18,ACC0000003848,CUST0001941,0.0,2.529800843E7
2026-02-18,ACC0000003849,CUST0001942,0.0,3.311086428E7
2026-02-18,ACC0000003850,CUST0001942,0.0,1.598169282E7
2026-02-18,ACC0000003851,CUST0001943,1.845668189E7,
2026-02-18,ACC0000003852,CUST0001943,0.0,1.651347434E7
2026-02-18,ACC0000003853,CUST0001944,0.0,
2026-02-18,ACC0000003854,CUST0001944,0.0,2.281819664E7
2026-02-18,ACC0000003855,CUST0001945,0.0,
2026-02-18,ACC0000003856,CUST0001945,1.7435732E7,
2026-02-18,ACC0000003857,CUST0001945,0.0,
2026-02-18,ACC0000003858,CUST0001946,0.0,
2026-02-18,ACC0000003859,CUST0001946,0.0,
2026-02-18,ACC0000003860,CUST0001946,0.0,
2026-02-18,ACC0000003861,CUST0001947,0.0,
2026-02-18,ACC0000003862,CUST0001947,0.0,
2026-02-18,ACC0000003863,CUST0001948,0.0,
2026-02-18,ACC0000003864,CUST0001949,0.0,
2026-02-18,ACC0000003865,CUST0001949,0.0,2.184416783E7
2026-02-18,ACC0000003866,CUST0001949,0.0,
2026-02-18,ACC0000003867,CUST0001950,0.0,
2026-02-18,ACC0000003868,CUST0001950,0.0,
2026-02-18,ACC0000003869,CUST0001951,0.0,
2026-02-18,ACC0000003870,CUST0001951,0.0,
2026-02-18,ACC0000003871,CUST0001952,0.0,
2026-02-18,ACC0000003872,CUST0001952,0.0,4.417914524E7
2026-02-18,ACC0000003873,CUST0001952,0.0,
2026-02-18,ACC0000003874,CUST0001953,2.286970606E7,
2026-02-18,ACC0000003875,CUST0001953,1.39475476E7,
2026-02-18,ACC0000003876,CUST0001954,4.040691931E7,
2026-02-18,ACC0000003877,CUST0001955,0.0,
2026-02-18,ACC0000003878,CUST0001955,2073545.47,
2026-02-18,ACC0000003879,CUST0001955,0.0,
2026-02-18,ACC0000003880,CUST0001956,0.0,2.366134416E7
2026-02-18,ACC0000003881,CUST0001956,0.0,
2026-02-18,ACC0000003882,CUST0001956,0.0,
2026-02-18,ACC0000003883,CUST0001957,0.0,
2026-02-18,ACC0000003884,CUST0001957,0.0,
2026-02-18,ACC0000003885,CUST0001957,0.0,
2026-02-18,ACC0000003886,CUST0001958,0.0,
2026-02-18,ACC0000003887,CUST0001958,0.0,
2026-02-18,ACC0000003888,CUST0001959,0.0,
2026-02-18,ACC0000003889,CUST0001960,2.349370919E7,
2026-02-18,ACC0000003890,CUST0001960,0.0,
2026-02-18,ACC0000003891,CUST0001961,0.0,
2026-02-18,ACC0000003892,CUST0001961,2604850.14,
2026-02-18,ACC0000003893,CUST0001962,4.949278926E7,
2026-02-18,ACC0000003894,CUST0001963,0.0,
2026-02-18,ACC0000003895,CUST0001964,0.0,
2026-02-18,ACC0000003896,CUST0001964,1.740260242E7,
2026-02-18,ACC0000003897,CUST0001965,0.0,
2026-02-18,ACC0000003898,CUST0001966,1.045927267E7,
2026-02-18,ACC0000003899,CUST0001967,0.0,
2026-02-18,ACC0000003900,CUST0001967,4.392536359E7,
2026-02-18,ACC0000003901,CUST0001967,0.0,
2026-02-18,ACC0000003902,CUST0001968,0.0,
2026-02-18,ACC0000003903,CUST0001969,0.0,2.568007444E7
2026-02-18,ACC0000003904,CUST0001969,0.0,4.072554402E7
2026-02-18,ACC0000003905,CUST0001969,0.0,2.76786154E7
2026-02-18,ACC0000003906,CUST0001970,0.0,4.745716092E7
2026-02-18,ACC0000003907,CUST0001970,0.0,
2026-02-18,ACC0000003908,CUST0001970,0.0,2.971730005E7
2026-02-18,ACC0000003909,CUST0001971,0.0,
2026-02-18,ACC0000003910,CUST0001972,0.0,2.417733976E7
2026-02-18,ACC0000003911,CUST0001973,0.0,
2026-02-18,ACC0000003912,CUST0001973,0.0,
2026-02-18,ACC0000003913,CUST0001974,0.0,4.502185401E7
2026-02-18,ACC0000003914,CUST0001974,0.0,
2026-02-18,ACC0000003915,CUST0001975,4.249561423E7,
2026-02-18,ACC0000003916,CUST0001975,3.207225526E7,
2026-02-18,ACC0000003917,CUST0001976,0.0,
2026-02-18,ACC0000003918,CUST0001976,0.0,
2026-02-18,ACC0000003919,CUST0001977,4.431167962E7,
2026-02-18,ACC0000003920,CUST0001978,2.525544586E7,
2026-02-18,ACC0000003921,CUST0001978,2.310786242E7,
2026-02-18,ACC0000003922,CUST0001978,0.0,
2026-02-18,ACC0000003923,CUST0001979,0.0,
2026-02-18,ACC0000003924,CUST0001979,1.982403704E7,
2026-02-18,ACC0000003925,CUST0001979,0.0,
2026-02-18,ACC0000003926,CUST0001980,0.0,
2026-02-18,ACC0000003927,CUST0001980,3.089284466E7,
2026-02-18,ACC0000003928,CUST0001981,0.0,
2026-02-18,ACC0000003929,CUST0001982,0.0,
2026-02-18,ACC0000003930,CUST0001982,0.0,
2026-02-18,ACC0000003931,CUST0001982,0.0,1.938481023E7
2026-02-18,ACC0000003932,CUST0001983,0.0,
2026-02-18,ACC0000003933,CUST0001983,4.232881604E7,
2026-02-18,ACC0000003934,CUST0001983,0.0,
2026-02-18,ACC0000003935,CUST0001984,0.0,
2026-02-18,ACC0000003936,CUST0001985,0.0,
2026-02-18,ACC0000003937,CUST0001985,0.0,
2026-02-18,ACC0000003938,CUST0001985,1217728.64,
2026-02-18,ACC0000003939,CUST0001986,0.0,3.260077024E7
2026-02-18,ACC0000003940,CUST0001986,0.0,4.868639924E7
2026-02-18,ACC0000003941,CUST0001986,0.0,
2026-02-18,ACC0000003942,CUST0001987,1.504559007E7,
2026-02-18,ACC0000003943,CUST0001988,0.0,2.719799596E7
2026-02-18,ACC0000003944,CUST0001989,0.0,
2026-02-18,ACC0000003945,CUST0001989,0.0,3.287895592E7
2026-02-18,ACC0000003946,CUST0001989,0.0,
2026-02-18,ACC0000003947,CUST0001990,0.0,
2026-02-18,ACC0000003948,CUST0001990,9237680.08,
2026-02-18,ACC0000003949,CUST0001990,0.0,
2026-02-18,ACC0000003950,CUST0001991,0.0,
2026-02-18,ACC0000003951,CUST0001991,0.0,
2026-02-18,ACC0000003952,CUST0001991,0.0,
2026-02-18,ACC0000003953,CUST0001992,2.237525067E7,
2026-02-18,ACC0000003954,CUST0001993,9050686.27,
2026-02-18,ACC0000003955,CUST0001993,0.0,
2026-02-18,ACC0000003956,CUST0001993,1.353853535E7,
2026-02-18,ACC0000003957,CUST0001994,0.0,2.30641563E7
2026-02-18,ACC0000003958,CUST0001995,0.0,
2026-02-18,ACC0000003959,CUST0001996,0.0,
2026-02-18,ACC0000003960,CUST0001997,5988846.87,
2026-02-18,ACC0000003961,CUST0001997,0.0,
2026-02-18,ACC0000003962,CUST0001997,0.0,4.33520052E7
2026-02-18,ACC0000003963,CUST0001998,0.0,6365489.48
2026-02-18,ACC0000003964,CUST0001999,0.0,
2026-02-18,ACC0000003965,CUST0001999,0.0,6371395.77
2026-02-18,ACC0000003966,CUST0001999,0.0,4.437284157E7
2026-02-18,ACC0000003967,CUST0002000,0.0,
2026-02-18,ACC0000003968,CUST0002001,0.0,
2026-02-18,ACC0000003969,CUST0002001,0.0,5492775.44
2026-02-18,ACC0000003970,CUST0002001,0.0,3.555545074E7
2026-02-18,ACC0000003971,CUST0002002,0.0,1.978468467E7
2026-02-18,ACC0000003972,CUST0002002,0.0,
2026-02-18,ACC0000003973,CUST0002003,1.876518958E7,
2026-02-18,ACC0000003974,CUST0002004,0.0,
2026-02-18,ACC0000003975,CUST0002005,4.161807412E7,
2026-02-18,ACC0000003976,CUST0002006,0.0,
2026-02-18,ACC0000003977,CUST0002006,0.0,1.571157099E7
2026-02-18,ACC0000003978,CUST0002006,0.0,1.862347502E7
2026-02-18,ACC0000003979,CUST0002007,0.0,
2026-02-18,ACC0000003980,CUST0002007,5082539.84,
2026-02-18,ACC0000003981,CUST0002007,3.319377373E7,
2026-02-18,ACC0000003982,CUST0002008,2.020816677E7,
2026-02-18,ACC0000003983,CUST0002009,0.0,
2026-02-18,ACC0000003984,CUST0002009,0.0,
2026-02-18,ACC0000003985,CUST0002010,0.0,6673235.48
2026-02-18,ACC0000003986,CUST0002011,4.547199472E7,
2026-02-18,ACC0000003987,CUST0002011,0.0,
2026-02-18,ACC0000003988,CUST0002012,6092084.15,
2026-02-18,ACC0000003989,CUST0002012,0.0,2.706072778E7
2026-02-18,ACC0000003990,CUST0002013,0.0,
2026-02-18,ACC0000003991,CUST0002014,0.0,
2026-02-18,ACC0000003992,CUST0002014,0.0,
2026-02-18,ACC0000003993,CUST0002015,0.0,2.960762728E7
2026-02-18,ACC0000003994,CUST0002015,0.0,
2026-02-18,ACC0000003995,CUST0002016,0.0,
2026-02-18,ACC0000003996,CUST0002016,2.843590821E7,
2026-02-18,ACC0000003997,CUST0002016,0.0,3.292351176E7
2026-02-18,ACC0000003998,CUST0002017,0.0,2.488936837E7
2026-02-18,ACC0000003999,CUST0002018,0.0,
2026-02-18,ACC0000004000,CUST0002019,4.266712911E7,
2026-02-18,ACC0000004001,CUST0002019,4.148497499E7,
2026-02-18,ACC0000004002,CUST0002020,0.0,
2026-02-18,ACC0000004003,CUST0002020,3.168316411E7,
2026-02-18,ACC0000004004,CUST0002020,0.0,
2026-02-18,ACC0000004005,CUST0002021,0.0,
2026-02-18,ACC0000004006,CUST0002022,1.486534549E7,
2026-02-18,ACC0000004007,CUST0002022,0.0,
2026-02-18,ACC0000004008,CUST0002023,3.074468884E7,
2026-02-18,ACC0000004009,CUST0002023,0.0,
2026-02-18,ACC0000004010,CUST0002023,0.0,
2026-02-18,ACC0000004011,CUST0002024,0.0,3.18907576E7
2026-02-18,ACC0000004012,CUST0002024,3.0636898E7,
2026-02-18,ACC0000004013,CUST0002025,0.0,
2026-02-18,ACC0000004014,CUST0002026,0.0,2.292256863E7
2026-02-18,ACC0000004015,CUST0002026,0.0,
2026-02-18,ACC0000004016,CUST0002026,4.475851028E7,
2026-02-18,ACC0000004017,CUST0002027,0.0,2.514717619E7
2026-02-18,ACC0000004018,CUST0002027,0.0,
2026-02-18,ACC0000004019,CUST0002028,0.0,
2026-02-18,ACC0000004020,CUST0002028,2.434443369E7,
2026-02-18,ACC0000004021,CUST0002028,0.0,
2026-02-18,ACC0000004022,CUST0002029,0.0,4.317331483E7
2026-02-18,ACC0000004023,CUST0002029,0.0,
2026-02-18,ACC0000004024,CUST0002029,0.0,2.121471769E7
2026-02-18,ACC0000004025,CUST0002030,0.0,
2026-02-18,ACC0000004026,CUST0002030,0.0,
2026-02-18,ACC0000004027,CUST0002031,0.0,
2026-02-18,ACC0000004028,CUST0002032,0.0,3.338256355E7
2026-02-18,ACC0000004029,CUST0002032,0.0,2.210901492E7
2026-02-18,ACC0000004030,CUST0002032,0.0,4.224079396E7
2026-02-18,ACC0000004031,CUST0002033,0.0,
2026-02-18,ACC0000004032,CUST0002034,0.0,
2026-02-18,ACC0000004033,CUST0002034,0.0,
2026-02-18,ACC0000004034,CUST0002035,0.0,3.199361869E7
2026-02-18,ACC0000004035,CUST0002036,0.0,
2026-02-18,ACC0000004036,CUST0002037,0.0,
2026-02-18,ACC0000004037,CUST0002037,4678111.88,
2026-02-18,ACC0000004038,CUST0002037,0.0,
2026-02-18,ACC0000004039,CUST0002038,7852740.89,
2026-02-18,ACC0000004040,CUST0002039,0.0,
2026-02-18,ACC0000004041,CUST0002039,0.0,
2026-02-18,ACC0000004042,CUST0002039,0.0,
2026-02-18,ACC0000004043,CUST0002040,0.0,8823892.99
2026-02-18,ACC0000004044,CUST0002040,0.0,
2026-02-18,ACC0000004045,CUST0002041,0.0,
2026-02-18,ACC0000004046,CUST0002042,0.0,
2026-02-18,ACC0000004047,CUST0002042,2.63998533E7,
2026-02-18,ACC0000004048,CUST0002043,0.0,
2026-02-18,ACC0000004049,CUST0002043,0.0,
2026-02-18,ACC0000004050,CUST0002044,0.0,3.450761582E7
2026-02-18,ACC0000004051,CUST0002044,0.0,
2026-02-18,ACC0000004052,CUST0002044,1.645686864E7,
2026-02-18,ACC0000004053,CUST0002045,4.472487158E7,
2026-02-18,ACC0000004054,CUST0002046,2.883124328E7,
2026-02-18,ACC0000004055,CUST0002046,0.0,
2026-02-18,ACC0000004056,CUST0002046,0.0,
2026-02-18,ACC0000004057,CUST0002047,0.0,
2026-02-18,ACC0000004058,CUST0002047,0.0,
2026-02-18,ACC0000004059,CUST0002047,0.0,
2026-02-18,ACC0000004060,CUST0002048,4.511677235E7,
2026-02-18,ACC0000004061,CUST0002049,0.0,
2026-02-18,ACC0000004062,CUST0002049,0.0,
2026-02-18,ACC0000004063,CUST0002050,4.053006793E7,
2026-02-18,ACC0000004064,CUST0002051,0.0,4.457009478E7
2026-02-18,ACC0000004065,CUST0002051,0.0,
2026-02-18,ACC0000004066,CUST0002051,0.0,6526613.71
2026-02-18,ACC0000004067,CUST0002052,1.350925912E7,
2026-02-18,ACC0000004068,CUST0002052,0.0,
2026-02-18,ACC0000004069,CUST0002052,0.0,2.653291826E7
2026-02-18,ACC0000004070,CUST0002053,0.0,3.606500962E7
2026-02-18,ACC0000004071,CUST0002053,0.0,
2026-02-18,ACC0000004072,CUST0002054,0.0,
2026-02-18,ACC0000004073,CUST0002054,0.0,
2026-02-18,ACC0000004074,CUST0002055,0.0,
2026-02-18,ACC0000004075,CUST0002055,4.095533281E7,
2026-02-18,ACC0000004076,CUST0002055,0.0,8350518.11
2026-02-18,ACC0000004077,CUST0002056,4.370100056E7,
2026-02-18,ACC0000004078,CUST0002056,6111882.86,
2026-02-18,ACC0000004079,CUST0002057,0.0,
2026-02-18,ACC0000004080,CUST0002057,0.0,9982893.58
2026-02-18,ACC0000004081,CUST0002057,2.020988418E7,
2026-02-18,ACC0000004082,CUST0002058,0.0,
2026-02-18,ACC0000004083,CUST0002058,0.0,1.020737086E7
2026-02-18,ACC0000004084,CUST0002059,0.0,
2026-02-18,ACC0000004085,CUST0002059,0.0,
2026-02-18,ACC0000004086,CUST0002059,0.0,1.595559359E7
2026-02-18,ACC0000004087,CUST0002060,0.0,
2026-02-18,ACC0000004088,CUST0002061,0.0,
2026-02-18,ACC0000004089,CUST0002061,2.561523961E7,
2026-02-18,ACC0000004090,CUST0002062,0.0,
2026-02-18,ACC0000004091,CUST0002063,0.0,1.984903462E7
2026-02-18,ACC0000004092,CUST0002063,0.0,
2026-02-18,ACC0000004093,CUST0002064,1.468466785E7,
2026-02-18,ACC0000004094,CUST0002065,0.0,
2026-02-18,ACC0000004095,CUST0002065,0.0,
2026-02-18,ACC0000004096,CUST0002066,0.0,
2026-02-18,ACC0000004097,CUST0002066,2.982887646E7,
2026-02-18,ACC0000004098,CUST0002067,1.552567906E7,
2026-02-18,ACC0000004099,CUST0002067,0.0,5627177.27
2026-02-18,ACC0000004100,CUST0002067,0.0,
2026-02-18,ACC0000004101,CUST0002068,2.585579752E7,
2026-02-18,ACC0000004102,CUST0002068,4.793986346E7,
2026-02-18,ACC0000004103,CUST0002069,0.0,
2026-02-18,ACC0000004104,CUST0002069,0.0,
2026-02-18,ACC0000004105,CUST0002069,0.0,
2026-02-18,ACC0000004106,CUST0002070,0.0,
2026-02-18,ACC0000004107,CUST0002070,0.0,1.924031482E7
2026-02-18,ACC0000004108,CUST0002071,0.0,
2026-02-18,ACC0000004109,CUST0002071,0.0,
2026-02-18,ACC0000004110,CUST0002071,0.0,
2026-02-18,ACC0000004111,CUST0002072,0.0,
2026-02-18,ACC0000004112,CUST0002072,0.0,
2026-02-18,ACC0000004113,CUST0002072,0.0,
2026-02-18,ACC0000004114,CUST0002073,0.0,
2026-02-18,ACC0000004115,CUST0002073,0.0,4.439460636E7
2026-02-18,ACC0000004116,CUST0002074,0.0,1.520663861E7
2026-02-18,ACC0000004117,CUST0002074,2.90753001E7,
2026-02-18,ACC0000004118,CUST0002074,0.0,1.093990142E7
2026-02-18,ACC0000004119,CUST0002075,6484356.63,
2026-02-18,ACC0000004120,CUST0002075,0.0,
2026-02-18,ACC0000004121,CUST0002075,4364181.59,
2026-02-18,ACC0000004122,CUST0002076,0.0,
2026-02-18,ACC0000004123,CUST0002076,0.0,
2026-02-18,ACC0000004124,CUST0002076,0.0,
2026-02-18,ACC0000004125,CUST0002077,0.0,
2026-02-18,ACC0000004126,CUST0002077,0.0,
2026-02-18,ACC0000004127,CUST0002077,1.134688843E7,
2026-02-18,ACC0000004128,CUST0002078,0.0,9518917.09
2026-02-18,ACC0000004129,CUST0002079,0.0,
2026-02-18,ACC0000004130,CUST0002079,0.0,
2026-02-18,ACC0000004131,CUST0002079,1.529463326E7,
2026-02-18,ACC0000004132,CUST0002080,8038592.89,
2026-02-18,ACC0000004133,CUST0002080,0.0,4.108465327E7
2026-02-18,ACC0000004134,CUST0002080,1.664477369E7,
2026-02-18,ACC0000004135,CUST0002081,0.0,
2026-02-18,ACC0000004136,CUST0002081,0.0,
2026-02-18,ACC0000004137,CUST0002081,265043.19,
2026-02-18,ACC0000004138,CUST0002082,0.0,
2026-02-18,ACC0000004139,CUST0002083,0.0,
2026-02-18,ACC0000004140,CUST0002083,0.0,
2026-02-18,ACC0000004141,CUST0002083,0.0,
2026-02-18,ACC0000004142,CUST0002084,0.0,
2026-02-18,ACC0000004143,CUST0002085,4.45118799E7,
2026-02-18,ACC0000004144,CUST0002085,2887120.13,
2026-02-18,ACC0000004145,CUST0002086,0.0,4.424827324E7
2026-02-18,ACC0000004146,CUST0002086,0.0,8826852.55
2026-02-18,ACC0000004147,CUST0002087,4.609948556E7,
2026-02-18,ACC0000004148,CUST0002087,0.0,
2026-02-18,ACC0000004149,CUST0002087,0.0,
2026-02-18,ACC0000004150,CUST0002088,0.0,
2026-02-18,ACC0000004151,CUST0002089,0.0,
2026-02-18,ACC0000004152,CUST0002089,4.231630701E7,
2026-02-18,ACC0000004153,CUST0002090,2.014442253E7,
2026-02-18,ACC0000004154,CUST0002091,0.0,
2026-02-18,ACC0000004155,CUST0002091,0.0,
2026-02-18,ACC0000004156,CUST0002091,0.0,1.491100541E7
2026-02-18,ACC0000004157,CUST0002092,0.0,2.266990449E7
2026-02-18,ACC0000004158,CUST0002092,1.920601909E7,
2026-02-18,ACC0000004159,CUST0002093,0.0,
2026-02-18,ACC0000004160,CUST0002094,1.682658066E7,
2026-02-18,ACC0000004161,CUST0002095,0.0,1.491197524E7
2026-02-18,ACC0000004162,CUST0002096,0.0,
2026-02-18,ACC0000004163,CUST0002096,0.0,
2026-02-18,ACC0000004164,CUST0002097,0.0,
2026-02-18,ACC0000004165,CUST0002097,0.0,3.491563856E7
2026-02-18,ACC0000004166,CUST0002097,8026912.35,
2026-02-18,ACC0000004167,CUST0002098,3608763.13,
2026-02-18,ACC0000004168,CUST0002099,1.452342493E7,
2026-02-18,ACC0000004169,CUST0002100,0.0,
2026-02-18,ACC0000004170,CUST0002100,0.0,
2026-02-18,ACC0000004171,CUST0002101,1135289.96,
2026-02-18,ACC0000004172,CUST0002102,0.0,
2026-02-18,ACC0000004173,CUST0002102,0.0,
2026-02-18,ACC0000004174,CUST0002102,0.0,
2026-02-18,ACC0000004175,CUST0002103,0.0,2.292507289E7
2026-02-18,ACC0000004176,CUST0002104,0.0,
2026-02-18,ACC0000004177,CUST0002105,0.0,
2026-02-18,ACC0000004178,CUST0002105,0.0,1.873517949E7
2026-02-18,ACC0000004179,CUST0002106,0.0,
2026-02-18,ACC0000004180,CUST0002106,0.0,4.431293149E7
2026-02-18,ACC0000004181,CUST0002107,0.0,
2026-02-18,ACC0000004182,CUST0002107,0.0,
2026-02-18,ACC0000004183,CUST0002108,5383721.27,
2026-02-18,ACC0000004184,CUST0002109,0.0,
2026-02-18,ACC0000004185,CUST0002109,7427152.43,
2026-02-18,ACC0000004186,CUST0002110,0.0,
2026-02-18,ACC0000004187,CUST0002111,0.0,
2026-02-18,ACC0000004188,CUST0002111,0.0,
2026-02-18,ACC0000004189,CUST0002111,9491725.47,
2026-02-18,ACC0000004190,CUST0002112,0.0,
2026-02-18,ACC0000004191,CUST0002112,0.0,
2026-02-18,ACC0000004192,CUST0002113,0.0,
2026-02-18,ACC0000004193,CUST0002113,0.0,
2026-02-18,ACC0000004194,CUST0002113,0.0,
2026-02-18,ACC0000004195,CUST0002114,0.0,3.871064965E7
2026-02-18,ACC0000004196,CUST0002115,0.0,
2026-02-18,ACC0000004197,CUST0002115,1.369797834E7,
2026-02-18,ACC0000004198,CUST0002115,0.0,3.371683663E7
2026-02-18,ACC0000004199,CUST0002116,2.034809806E7,
2026-02-18,ACC0000004200,CUST0002116,0.0,
2026-02-18,ACC0000004201,CUST0002117,0.0,
2026-02-18,ACC0000004202,CUST0002118,0.0,
2026-02-18,ACC0000004203,CUST0002118,0.0,
2026-02-18,ACC0000004204,CUST0002119,0.0,4.828419649E7
2026-02-18,ACC0000004205,CUST0002119,0.0,
2026-02-18,ACC0000004206,CUST0002120,0.0,2.321334426E7
2026-02-18,ACC0000004207,CUST0002120,0.0,1.964233306E7
2026-02-18,ACC0000004208,CUST0002120,0.0,
2026-02-18,ACC0000004209,CUST0002121,0.0,4.81707174E7
2026-02-18,ACC0000004210,CUST0002121,0.0,4.051892704E7
2026-02-18,ACC0000004211,CUST0002121,3.017634942E7,
2026-02-18,ACC0000004212,CUST0002122,0.0,3.314760338E7
2026-02-18,ACC0000004213,CUST0002122,1496038.09,
2026-02-18,ACC0000004214,CUST0002122,0.0,
2026-02-18,ACC0000004215,CUST0002123,0.0,
2026-02-18,ACC0000004216,CUST0002123,0.0,
2026-02-18,ACC0000004217,CUST0002123,0.0,
2026-02-18,ACC0000004218,CUST0002124,2.86684273E7,
2026-02-18,ACC0000004219,CUST0002124,4.818737978E7,
2026-02-18,ACC0000004220,CUST0002125,1.735631749E7,
2026-02-18,ACC0000004221,CUST0002125,0.0,
2026-02-18,ACC0000004222,CUST0002125,1.250457933E7,
2026-02-18,ACC0000004223,CUST0002126,0.0,
2026-02-18,ACC0000004224,CUST0002126,0.0,
2026-02-18,ACC0000004225,CUST0002126,0.0,
2026-02-18,ACC0000004226,CUST0002127,0.0,
2026-02-18,ACC0000004227,CUST0002127,0.0,
2026-02-18,ACC0000004228,CUST0002128,1.422520954E7,
2026-02-18,ACC0000004229,CUST0002128,6988350.72,
2026-02-18,ACC0000004230,CUST0002129,0.0,
2026-02-18,ACC0000004231,CUST0002129,0.0,
2026-02-18,ACC0000004232,CUST0002129,0.0,4.915608504E7
2026-02-18,ACC0000004233,CUST0002130,0.0,2.038349987E7
2026-02-18,ACC0000004234,CUST0002131,0.0,
2026-02-18,ACC0000004235,CUST0002131,0.0,3.191281543E7
2026-02-18,ACC0000004236,CUST0002131,1.197055796E7,
2026-02-18,ACC0000004237,CUST0002132,0.0,2.306632069E7
2026-02-18,ACC0000004238,CUST0002132,2.228239893E7,
2026-02-18,ACC0000004239,CUST0002133,0.0,8082629.81
2026-02-18,ACC0000004240,CUST0002133,0.0,
2026-02-18,ACC0000004241,CUST0002133,0.0,
2026-02-18,ACC0000004242,CUST0002134,2.108731085E7,
2026-02-18,ACC0000004243,CUST0002135,0.0,2.638849886E7
2026-02-18,ACC0000004244,CUST0002135,0.0,
2026-02-18,ACC0000004245,CUST0002136,0.0,
2026-02-18,ACC0000004246,CUST0002136,4.324841146E7,
2026-02-18,ACC0000004247,CUST0002137,1.583520498E7,
2026-02-18,ACC0000004248,CUST0002137,0.0,
2026-02-18,ACC0000004249,CUST0002138,3.997234854E7,
2026-02-18,ACC0000004250,CUST0002138,0.0,2.750565328E7
2026-02-18,ACC0000004251,CUST0002139,2.893337611E7,
2026-02-18,ACC0000004252,CUST0002139,0.0,
2026-02-18,ACC0000004253,CUST0002139,0.0,
2026-02-18,ACC0000004254,CUST0002140,0.0,
2026-02-18,ACC0000004255,CUST0002141,2.285115514E7,
2026-02-18,ACC0000004256,CUST0002141,0.0,4.656662468E7
2026-02-18,ACC0000004257,CUST0002142,0.0,4.066511314E7
2026-02-18,ACC0000004258,CUST0002143,0.0,
2026-02-18,ACC0000004259,CUST0002143,0.0,
2026-02-18,ACC0000004260,CUST0002143,1.610085653E7,
2026-02-18,ACC0000004261,CUST0002144,3.179629655E7,
2026-02-18,ACC0000004262,CUST0002144,0.0,5088496.77
2026-02-18,ACC0000004263,CUST0002144,4734248.6,
2026-02-18,ACC0000004264,CUST0002145,0.0,1.163735351E7
2026-02-18,ACC0000004265,CUST0002145,0.0,
2026-02-18,ACC0000004266,CUST0002145,0.0,1.560112713E7
2026-02-18,ACC0000004267,CUST0002146,4.926331772E7,
2026-02-18,ACC0000004268,CUST0002146,2518350.43,
2026-02-18,ACC0000004269,CUST0002147,0.0,1.134171203E7
2026-02-18,ACC0000004270,CUST0002148,0.0,
2026-02-18,ACC0000004271,CUST0002148,3.708845748E7,
2026-02-18,ACC0000004272,CUST0002148,0.0,
2026-02-18,ACC0000004273,CUST0002149,0.0,5124233.36
2026-02-18,ACC0000004274,CUST0002150,1.528420847E7,
2026-02-18,ACC0000004275,CUST0002150,0.0,1.515391297E7
2026-02-18,ACC0000004276,CUST0002151,0.0,6364657.46
2026-02-18,ACC0000004277,CUST0002151,4.9458774E7,
2026-02-18,ACC0000004278,CUST0002152,3.653672505E7,
2026-02-18,ACC0000004279,CUST0002153,0.0,
2026-02-18,ACC0000004280,CUST0002153,0.0,
2026-02-18,ACC0000004281,CUST0002154,0.0,
2026-02-18,ACC0000004282,CUST0002154,0.0,
2026-02-18,ACC0000004283,CUST0002154,1.322553697E7,
2026-02-18,ACC0000004284,CUST0002155,0.0,
2026-02-18,ACC0000004285,CUST0002155,2.244566699E7,
2026-02-18,ACC0000004286,CUST0002155,0.0,
2026-02-18,ACC0000004287,CUST0002156,0.0,2.024455328E7
2026-02-18,ACC0000004288,CUST0002156,2.208876171E7,
2026-02-18,ACC0000004289,CUST0002157,0.0,
2026-02-18,ACC0000004290,CUST0002157,0.0,3.84612303E7
2026-02-18,ACC0000004291,CUST0002157,3.335085647E7,
2026-02-18,ACC0000004292,CUST0002158,0.0,
2026-02-18,ACC0000004293,CUST0002159,0.0,3.94256054E7
2026-02-18,ACC0000004294,CUST0002159,3.12865939E7,
2026-02-18,ACC0000004295,CUST0002160,0.0,
2026-02-18,ACC0000004296,CUST0002160,0.0,1.929021458E7
2026-02-18,ACC0000004297,CUST0002160,0.0,
2026-02-18,ACC0000004298,CUST0002161,0.0,1.599608268E7
2026-02-18,ACC0000004299,CUST0002161,0.0,4.139437019E7
2026-02-18,ACC0000004300,CUST0002161,3.589384768E7,
2026-02-18,ACC0000004301,CUST0002162,0.0,
2026-02-18,ACC0000004302,CUST0002162,0.0,
2026-02-18,ACC0000004303,CUST0002163,5333111.16,
2026-02-18,ACC0000004304,CUST0002164,2.168810758E7,
2026-02-18,ACC0000004305,CUST0002164,0.0,3.268228923E7
2026-02-18,ACC0000004306,CUST0002165,0.0,
2026-02-18,ACC0000004307,CUST0002166,0.0,
2026-02-18,ACC0000004308,CUST0002166,9125975.24,
2026-02-18,ACC0000004309,CUST0002166,0.0,
2026-02-18,ACC0000004310,CUST0002167,656783.03,
2026-02-18,ACC0000004311,CUST0002167,0.0,7320534.53
2026-02-18,ACC0000004312,CUST0002168,0.0,
2026-02-18,ACC0000004313,CUST0002168,2.46078234E7,
2026-02-18,ACC0000004314,CUST0002169,3.105696971E7,
2026-02-18,ACC0000004315,CUST0002170,0.0,
2026-02-18,ACC0000004316,CUST0002171,3.913009394E7,
2026-02-18,ACC0000004317,CUST0002171,0.0,
2026-02-18,ACC0000004318,CUST0002171,0.0,
2026-02-18,ACC0000004319,CUST0002172,0.0,
2026-02-18,ACC0000004320,CUST0002172,0.0,
2026-02-18,ACC0000004321,CUST0002173,0.0,
2026-02-18,ACC0000004322,CUST0002173,0.0,
2026-02-18,ACC0000004323,CUST0002174,0.0,
2026-02-18,ACC0000004324,CUST0002175,0.0,
2026-02-18,ACC0000004325,CUST0002175,0.0,
2026-02-18,ACC0000004326,CUST0002176,0.0,
2026-02-18,ACC0000004327,CUST0002176,0.0,3.444892333E7
2026-02-18,ACC0000004328,CUST0002177,0.0,
2026-02-18,ACC0000004329,CUST0002177,0.0,
2026-02-18,ACC0000004330,CUST0002178,0.0,3.769334752E7
2026-02-18,ACC0000004331,CUST0002178,0.0,
2026-02-18,ACC0000004332,CUST0002178,1.219302842E7,
2026-02-18,ACC0000004333,CUST0002179,582455.13,
2026-02-18,ACC0000004334,CUST0002179,0.0,3.82801642E7
2026-02-18,ACC0000004335,CUST0002179,0.0,1.04668556E7
2026-02-18,ACC0000004336,CUST0002180,2.58008156E7,
2026-02-18,ACC0000004337,CUST0002181,0.0,
2026-02-18,ACC0000004338,CUST0002181,0.0,
2026-02-18,ACC0000004339,CUST0002182,0.0,
2026-02-18,ACC0000004340,CUST0002182,0.0,1.217688101E7
2026-02-18,ACC0000004341,CUST0002182,0.0,
2026-02-18,ACC0000004342,CUST0002183,0.0,2.800597873E7
2026-02-18,ACC0000004343,CUST0002183,3.431314145E7,
2026-02-18,ACC0000004344,CUST0002183,4.927124497E7,
2026-02-18,ACC0000004345,CUST0002184,0.0,4.243801694E7
2026-02-18,ACC0000004346,CUST0002185,0.0,
2026-02-18,ACC0000004347,CUST0002185,1.29978834E7,
2026-02-18,ACC0000004348,CUST0002185,2.843316458E7,
2026-02-18,ACC0000004349,CUST0002186,3.656818742E7,
2026-02-18,ACC0000004350,CUST0002186,0.0,
2026-02-18,ACC0000004351,CUST0002186,0.0,1.814978185E7
2026-02-18,ACC0000004352,CUST0002187,2.232344993E7,
2026-02-18,ACC0000004353,CUST0002188,0.0,3.471416513E7
2026-02-18,ACC0000004354,CUST0002189,0.0,4.306806724E7
2026-02-18,ACC0000004355,CUST0002189,0.0,
2026-02-18,ACC0000004356,CUST0002190,0.0,
2026-02-18,ACC0000004357,CUST0002190,0.0,
2026-02-18,ACC0000004358,CUST0002190,0.0,
2026-02-18,ACC0000004359,CUST0002191,0.0,
2026-02-18,ACC0000004360,CUST0002192,0.0,
2026-02-18,ACC0000004361,CUST0002193,4.959283507E7,
2026-02-18,ACC0000004362,CUST0002194,0.0,4.224583431E7
2026-02-18,ACC0000004363,CUST0002194,0.0,
2026-02-18,ACC0000004364,CUST0002195,3.190392107E7,
2026-02-18,ACC0000004365,CUST0002195,0.0,
2026-02-18,ACC0000004366,CUST0002196,0.0,
2026-02-18,ACC0000004367,CUST0002196,0.0,
2026-02-18,ACC0000004368,CUST0002197,1.732719273E7,
2026-02-18,ACC0000004369,CUST0002198,0.0,2.045979024E7
2026-02-18,ACC0000004370,CUST0002198,2.777664466E7,
2026-02-18,ACC0000004371,CUST0002199,0.0,4.209548005E7
2026-02-18,ACC0000004372,CUST0002199,1.52469688E7,
2026-02-18,ACC0000004373,CUST0002199,2.794332318E7,
2026-02-18,ACC0000004374,CUST0002200,3.17571594E7,
2026-02-18,ACC0000004375,CUST0002200,0.0,
2026-02-18,ACC0000004376,CUST0002200,0.0,
2026-02-18,ACC0000004377,CUST0002201,0.0,2.729707457E7
2026-02-18,ACC0000004378,CUST0002201,0.0,
2026-02-18,ACC0000004379,CUST0002201,0.0,1.684083217E7
2026-02-18,ACC0000004380,CUST0002202,3.354108847E7,
2026-02-18,ACC0000004381,CUST0002202,0.0,4.380222119E7
2026-02-18,ACC0000004382,CUST0002202,0.0,
2026-02-18,ACC0000004383,CUST0002203,0.0,1.119111719E7
2026-02-18,ACC0000004384,CUST0002203,0.0,
2026-02-18,ACC0000004385,CUST0002204,0.0,
2026-02-18,ACC0000004386,CUST0002204,0.0,
2026-02-18,ACC0000004387,CUST0002204,2.174480524E7,
2026-02-18,ACC0000004388,CUST0002205,3.025716569E7,
2026-02-18,ACC0000004389,CUST0002205,0.0,
2026-02-18,ACC0000004390,CUST0002205,0.0,
2026-02-18,ACC0000004391,CUST0002206,0.0,
2026-02-18,ACC0000004392,CUST0002206,0.0,1.196642123E7
2026-02-18,ACC0000004393,CUST0002206,0.0,2.155599043E7
2026-02-18,ACC0000004394,CUST0002207,0.0,1.727630701E7
2026-02-18,ACC0000004395,CUST0002207,0.0,4.484397135E7
2026-02-18,ACC0000004396,CUST0002207,0.0,
2026-02-18,ACC0000004397,CUST0002208,0.0,5003566.2
2026-02-18,ACC0000004398,CUST0002208,0.0,
2026-02-18,ACC0000004399,CUST0002209,0.0,
2026-02-18,ACC0000004400,CUST0002209,0.0,
2026-02-18,ACC0000004401,CUST0002210,4416972.61,
2026-02-18,ACC0000004402,CUST0002210,0.0,
2026-02-18,ACC0000004403,CUST0002211,2.947214887E7,
2026-02-18,ACC0000004404,CUST0002211,0.0,
2026-02-18,ACC0000004405,CUST0002212,0.0,1.047260451E7
2026-02-18,ACC0000004406,CUST0002213,1.759725694E7,
2026-02-18,ACC0000004407,CUST0002213,0.0,4.459560516E7
2026-02-18,ACC0000004408,CUST0002214,2.282784781E7,
2026-02-18,ACC0000004409,CUST0002214,0.0,
2026-02-18,ACC0000004410,CUST0002214,0.0,
2026-02-18,ACC0000004411,CUST0002215,0.0,
2026-02-18,ACC0000004412,CUST0002215,0.0,
2026-02-18,ACC0000004413,CUST0002215,0.0,
2026-02-18,ACC0000004414,CUST0002216,0.0,
2026-02-18,ACC0000004415,CUST0002217,1.405784123E7,
2026-02-18,ACC0000004416,CUST0002217,0.0,2.584977799E7
2026-02-18,ACC0000004417,CUST0002217,0.0,
2026-02-18,ACC0000004418,CUST0002218,0.0,
2026-02-18,ACC0000004419,CUST0002219,0.0,
2026-02-18,ACC0000004420,CUST0002219,0.0,
2026-02-18,ACC0000004421,CUST0002219,0.0,
2026-02-18,ACC0000004422,CUST0002220,0.0,
2026-02-18,ACC0000004423,CUST0002220,0.0,
2026-02-18,ACC0000004424,CUST0002221,0.0,3.927783494E7
2026-02-18,ACC0000004425,CUST0002222,0.0,
2026-02-18,ACC0000004426,CUST0002222,0.0,
2026-02-18,ACC0000004427,CUST0002223,1.721898471E7,
2026-02-18,ACC0000004428,CUST0002223,0.0,
2026-02-18,ACC0000004429,CUST0002223,0.0,1.782115694E7
2026-02-18,ACC0000004430,CUST0002224,0.0,
2026-02-18,ACC0000004431,CUST0002225,2.594255891E7,
2026-02-18,ACC0000004432,CUST0002226,0.0,
2026-02-18,ACC0000004433,CUST0002226,0.0,5865907.26
2026-02-18,ACC0000004434,CUST0002227,0.0,
2026-02-18,ACC0000004435,CUST0002227,2.968420012E7,
2026-02-18,ACC0000004436,CUST0002227,4663698.38,
2026-02-18,ACC0000004437,CUST0002228,2.13832042E7,
2026-02-18,ACC0000004438,CUST0002228,0.0,
2026-02-18,ACC0000004439,CUST0002229,0.0,
2026-02-18,ACC0000004440,CUST0002229,0.0,3.958856976E7
2026-02-18,ACC0000004441,CUST0002229,0.0,
2026-02-18,ACC0000004442,CUST0002230,4.590148115E7,
2026-02-18,ACC0000004443,CUST0002231,9799005.37,
2026-02-18,ACC0000004444,CUST0002231,0.0,
2026-02-18,ACC0000004445,CUST0002232,0.0,
2026-02-18,ACC0000004446,CUST0002233,0.0,4.415031313E7
2026-02-18,ACC0000004447,CUST0002234,0.0,
2026-02-18,ACC0000004448,CUST0002234,2.3476534E7,
2026-02-18,ACC0000004449,CUST0002234,0.0,1.093522158E7
2026-02-18,ACC0000004450,CUST0002235,0.0,
2026-02-18,ACC0000004451,CUST0002235,0.0,
2026-02-18,ACC0000004452,CUST0002235,3.96616331E7,
2026-02-18,ACC0000004453,CUST0002236,1.402555685E7,
2026-02-18,ACC0000004454,CUST0002236,0.0,3.003688974E7
2026-02-18,ACC0000004455,CUST0002236,0.0,
2026-02-18,ACC0000004456,CUST0002237,1.39484813E7,
2026-02-18,ACC0000004457,CUST0002237,1.367111714E7,
2026-02-18,ACC0000004458,CUST0002238,0.0,
2026-02-18,ACC0000004459,CUST0002238,0.0,1.226929331E7
2026-02-18,ACC0000004460,CUST0002239,0.0,8297509.78
2026-02-18,ACC0000004461,CUST0002239,0.0,3.009387378E7
2026-02-18,ACC0000004462,CUST0002240,0.0,
2026-02-18,ACC0000004463,CUST0002241,0.0,
2026-02-18,ACC0000004464,CUST0002241,1.872589653E7,
2026-02-18,ACC0000004465,CUST0002241,0.0,1.572176263E7
2026-02-18,ACC0000004466,CUST0002242,0.0,1.838726325E7
2026-02-18,ACC0000004467,CUST0002242,0.0,
2026-02-18,ACC0000004468,CUST0002243,3853917.79,
2026-02-18,ACC0000004469,CUST0002243,0.0,4.783293816E7
2026-02-18,ACC0000004470,CUST0002244,1.474709699E7,
2026-02-18,ACC0000004471,CUST0002245,0.0,2.259912417E7
2026-02-18,ACC0000004472,CUST0002246,3.548760118E7,
2026-02-18,ACC0000004473,CUST0002246,0.0,
2026-02-18,ACC0000004474,CUST0002246,4.77943691E7,
2026-02-18,ACC0000004475,CUST0002247,0.0,
2026-02-18,ACC0000004476,CUST0002248,0.0,
2026-02-18,ACC0000004477,CUST0002249,1.526048521E7,
2026-02-18,ACC0000004478,CUST0002249,0.0,
2026-02-18,ACC0000004479,CUST0002249,0.0,3.514744902E7
2026-02-18,ACC0000004480,CUST0002250,1.803738588E7,
2026-02-18,ACC0000004481,CUST0002250,0.0,
2026-02-18,ACC0000004482,CUST0002250,0.0,
2026-02-18,ACC0000004483,CUST0002251,0.0,6462976.62
2026-02-18,ACC0000004484,CUST0002252,0.0,
2026-02-18,ACC0000004485,CUST0002252,1.296804484E7,
2026-02-18,ACC0000004486,CUST0002252,0.0,2.390867899E7
2026-02-18,ACC0000004487,CUST0002253,0.0,
2026-02-18,ACC0000004488,CUST0002254,0.0,
2026-02-18,ACC0000004489,CUST0002254,0.0,
2026-02-18,ACC0000004490,CUST0002255,0.0,4.489468608E7
2026-02-18,ACC0000004491,CUST0002255,0.0,9291567.23
2026-02-18,ACC0000004492,CUST0002255,0.0,
2026-02-18,ACC0000004493,CUST0002256,0.0,
2026-02-18,ACC0000004494,CUST0002257,0.0,
2026-02-18,ACC0000004495,CUST0002257,0.0,
2026-02-18,ACC0000004496,CUST0002258,0.0,
2026-02-18,ACC0000004497,CUST0002259,1.924557157E7,
2026-02-18,ACC0000004498,CUST0002260,8388533.69,
2026-02-18,ACC0000004499,CUST0002260,231799.14,
2026-02-18,ACC0000004500,CUST0002260,0.0,
2026-02-18,ACC0000004501,CUST0002261,0.0,
2026-02-18,ACC0000004502,CUST0002262,0.0,3.671516005E7
2026-02-18,ACC0000004503,CUST0002263,0.0,5701646.24
2026-02-18,ACC0000004504,CUST0002263,0.0,4.248851935E7
2026-02-18,ACC0000004505,CUST0002263,4.780033594E7,
2026-02-18,ACC0000004506,CUST0002264,0.0,8447086.72
2026-02-18,ACC0000004507,CUST0002264,0.0,
2026-02-18,ACC0000004508,CUST0002264,0.0,
2026-02-18,ACC0000004509,CUST0002265,0.0,
2026-02-18,ACC0000004510,CUST0002266,0.0,
2026-02-18,ACC0000004511,CUST0002266,0.0,
2026-02-18,ACC0000004512,CUST0002267,0.0,
2026-02-18,ACC0000004513,CUST0002267,4.835577084E7,
2026-02-18,ACC0000004514,CUST0002268,0.0,4.949208125E7
2026-02-18,ACC0000004515,CUST0002269,0.0,
2026-02-18,ACC0000004516,CUST0002269,0.0,2.967506538E7
2026-02-18,ACC0000004517,CUST0002269,0.0,8735202.44
2026-02-18,ACC0000004518,CUST0002270,984503.53,
2026-02-18,ACC0000004519,CUST0002271,0.0,4.202918483E7
2026-02-18,ACC0000004520,CUST0002271,0.0,
2026-02-18,ACC0000004521,CUST0002272,0.0,
2026-02-18,ACC0000004522,CUST0002273,0.0,
2026-02-18,ACC0000004523,CUST0002273,0.0,
2026-02-18,ACC0000004524,CUST0002274,0.0,
2026-02-18,ACC0000004525,CUST0002274,4.515562363E7,
2026-02-18,ACC0000004526,CUST0002274,2.38556056E7,
2026-02-18,ACC0000004527,CUST0002275,0.0,6506568.06
2026-02-18,ACC0000004528,CUST0002276,0.0,2.746240866E7
2026-02-18,ACC0000004529,CUST0002277,0.0,3.399045052E7
2026-02-18,ACC0000004530,CUST0002277,0.0,
2026-02-18,ACC0000004531,CUST0002277,0.0,
2026-02-18,ACC0000004532,CUST0002278,2.165143069E7,
2026-02-18,ACC0000004533,CUST0002278,1.618240546E7,
2026-02-18,ACC0000004534,CUST0002278,2.267659866E7,
2026-02-18,ACC0000004535,CUST0002279,0.0,
2026-02-18,ACC0000004536,CUST0002279,4.040875438E7,
2026-02-18,ACC0000004537,CUST0002279,2.330171128E7,
2026-02-18,ACC0000004538,CUST0002280,0.0,
2026-02-18,ACC0000004539,CUST0002280,0.0,
2026-02-18,ACC0000004540,CUST0002280,7152821.51,
2026-02-18,ACC0000004541,CUST0002281,1.954434181E7,
2026-02-18,ACC0000004542,CUST0002281,4784824.04,
2026-02-18,ACC0000004543,CUST0002282,0.0,
2026-02-18,ACC0000004544,CUST0002282,0.0,
2026-02-18,ACC0000004545,CUST0002282,0.0,
2026-02-18,ACC0000004546,CUST0002283,0.0,
2026-02-18,ACC0000004547,CUST0002283,0.0,
2026-02-18,ACC0000004548,CUST0002283,4.459069403E7,
2026-02-18,ACC0000004549,CUST0002284,4.659318031E7,
2026-02-18,ACC0000004550,CUST0002285,4.189954681E7,
2026-02-18,ACC0000004551,CUST0002285,0.0,2.138388417E7
2026-02-18,ACC0000004552,CUST0002285,1.420180199E7,
2026-02-18,ACC0000004553,CUST0002286,0.0,
2026-02-18,ACC0000004554,CUST0002286,0.0,
2026-02-18,ACC0000004555,CUST0002287,0.0,
2026-02-18,ACC0000004556,CUST0002287,1.640963401E7,
2026-02-18,ACC0000004557,CUST0002287,0.0,3.428392793E7
2026-02-18,ACC0000004558,CUST0002288,0.0,
2026-02-18,ACC0000004559,CUST0002289,0.0,
2026-02-18,ACC0000004560,CUST0002290,0.0,
2026-02-18,ACC0000004561,CUST0002290,0.0,
2026-02-18,ACC0000004562,CUST0002291,1612168.6,
2026-02-18,ACC0000004563,CUST0002291,0.0,
2026-02-18,ACC0000004564,CUST0002291,0.0,
2026-02-18,ACC0000004565,CUST0002292,0.0,3.832582259E7
2026-02-18,ACC0000004566,CUST0002292,0.0,4.318814663E7
2026-02-18,ACC0000004567,CUST0002292,0.0,4.525359857E7
2026-02-18,ACC0000004568,CUST0002293,4.204449172E7,
2026-02-18,ACC0000004569,CUST0002293,0.0,
2026-02-18,ACC0000004570,CUST0002293,0.0,
2026-02-18,ACC0000004571,CUST0002294,0.0,
2026-02-18,ACC0000004572,CUST0002295,4.665666592E7,
2026-02-18,ACC0000004573,CUST0002295,0.0,
2026-02-18,ACC0000004574,CUST0002295,0.0,
2026-02-18,ACC0000004575,CUST0002296,1.554683228E7,
2026-02-18,ACC0000004576,CUST0002296,0.0,
2026-02-18,ACC0000004577,CUST0002297,3.724122584E7,
2026-02-18,ACC0000004578,CUST0002297,0.0,
2026-02-18,ACC0000004579,CUST0002297,0.0,
2026-02-18,ACC0000004580,CUST0002298,0.0,1.391313823E7
2026-02-18,ACC0000004581,CUST0002298,0.0,
2026-02-18,ACC0000004582,CUST0002299,0.0,1.506536103E7
2026-02-18,ACC0000004583,CUST0002299,0.0,
2026-02-18,ACC0000004584,CUST0002299,0.0,
2026-02-18,ACC0000004585,CUST0002300,0.0,
2026-02-18,ACC0000004586,CUST0002301,0.0,1.890783399E7
2026-02-18,ACC0000004587,CUST0002301,4205604.58,
2026-02-18,ACC0000004588,CUST0002302,2.768792267E7,
2026-02-18,ACC0000004589,CUST0002303,0.0,3.324217708E7
2026-02-18,ACC0000004590,CUST0002303,0.0,
2026-02-18,ACC0000004591,CUST0002303,0.0,
2026-02-18,ACC0000004592,CUST0002304,0.0,
2026-02-18,ACC0000004593,CUST0002305,0.0,
2026-02-18,ACC0000004594,CUST0002305,0.0,
2026-02-18,ACC0000004595,CUST0002306,4.56421216E7,
2026-02-18,ACC0000004596,CUST0002306,2789266.25,
2026-02-18,ACC0000004597,CUST0002306,3.586683802E7,
2026-02-18,ACC0000004598,CUST0002307,0.0,
2026-02-18,ACC0000004599,CUST0002307,0.0,3.488447289E7
2026-02-18,ACC0000004600,CUST0002307,0.0,
2026-02-18,ACC0000004601,CUST0002308,0.0,
2026-02-18,ACC0000004602,CUST0002308,0.0,3.411773027E7
2026-02-18,ACC0000004603,CUST0002308,0.0,3.821864603E7
2026-02-18,ACC0000004604,CUST0002309,0.0,
2026-02-18,ACC0000004605,CUST0002309,0.0,
2026-02-18,ACC0000004606,CUST0002310,3.326063887E7,
2026-02-18,ACC0000004607,CUST0002311,0.0,
2026-02-18,ACC0000004608,CUST0002311,0.0,
2026-02-18,ACC0000004609,CUST0002312,0.0,
2026-02-18,ACC0000004610,CUST0002313,4.814928776E7,
2026-02-18,ACC0000004611,CUST0002314,0.0,
2026-02-18,ACC0000004612,CUST0002314,0.0,1.303336463E7
2026-02-18,ACC0000004613,CUST0002314,0.0,4.705224867E7
2026-02-18,ACC0000004614,CUST0002315,0.0,
2026-02-18,ACC0000004615,CUST0002315,0.0,
2026-02-18,ACC0000004616,CUST0002316,2.920400689E7,
2026-02-18,ACC0000004617,CUST0002317,0.0,2.09129935E7
2026-02-18,ACC0000004618,CUST0002318,0.0,
2026-02-18,ACC0000004619,CUST0002319,0.0,
2026-02-18,ACC0000004620,CUST0002319,4.956303553E7,
2026-02-18,ACC0000004621,CUST0002320,0.0,
2026-02-18,ACC0000004622,CUST0002320,0.0,3.338219298E7
2026-02-18,ACC0000004623,CUST0002320,0.0,5840176.91
2026-02-18,ACC0000004624,CUST0002321,2.026766199E7,
2026-02-18,ACC0000004625,CUST0002322,0.0,
2026-02-18,ACC0000004626,CUST0002323,0.0,
2026-02-18,ACC0000004627,CUST0002324,0.0,4.997290461E7
2026-02-18,ACC0000004628,CUST0002325,0.0,
2026-02-18,ACC0000004629,CUST0002325,0.0,
2026-02-18,ACC0000004630,CUST0002325,0.0,
2026-02-18,ACC0000004631,CUST0002326,0.0,
2026-02-18,ACC0000004632,CUST0002326,0.0,
2026-02-18,ACC0000004633,CUST0002327,0.0,
2026-02-18,ACC0000004634,CUST0002327,0.0,
2026-02-18,ACC0000004635,CUST0002327,0.0,
2026-02-18,ACC0000004636,CUST0002328,0.0,
2026-02-18,ACC0000004637,CUST0002328,0.0,
2026-02-18,ACC0000004638,CUST0002329,0.0,3.422257334E7
2026-02-18,ACC0000004639,CUST0002329,4.62681751E7,
2026-02-18,ACC0000004640,CUST0002329,1.233107041E7,
2026-02-18,ACC0000004641,CUST0002330,4.233983064E7,
2026-02-18,ACC0000004642,CUST0002331,2.230345511E7,
2026-02-18,ACC0000004643,CUST0002332,0.0,
2026-02-18,ACC0000004644,CUST0002332,1.967514669E7,
2026-02-18,ACC0000004645,CUST0002333,0.0,4.428996256E7
2026-02-18,ACC0000004646,CUST0002333,2.77282673E7,
2026-02-18,ACC0000004647,CUST0002334,0.0,3.883174617E7
2026-02-18,ACC0000004648,CUST0002335,0.0,3.96711592E7
2026-02-18,ACC0000004649,CUST0002335,0.0,9633243.73
2026-02-18,ACC0000004650,CUST0002335,0.0,
2026-02-18,ACC0000004651,CUST0002336,4.607179423E7,
2026-02-18,ACC0000004652,CUST0002336,0.0,3.920967998E7
2026-02-18,ACC0000004653,CUST0002336,0.0,
2026-02-18,ACC0000004654,CUST0002337,0.0,
2026-02-18,ACC0000004655,CUST0002337,0.0,
2026-02-18,ACC0000004656,CUST0002338,0.0,4.698981939E7
2026-02-18,ACC0000004657,CUST0002338,0.0,2.652834186E7
2026-02-18,ACC0000004658,CUST0002338,3.773528456E7,
2026-02-18,ACC0000004659,CUST0002339,0.0,
2026-02-18,ACC0000004660,CUST0002339,0.0,
2026-02-18,ACC0000004661,CUST0002339,0.0,4.806675179E7
2026-02-18,ACC0000004662,CUST0002340,0.0,
2026-02-18,ACC0000004663,CUST0002340,4.791990122E7,
2026-02-18,ACC0000004664,CUST0002340,0.0,
2026-02-18,ACC0000004665,CUST0002341,3.931570931E7,
2026-02-18,ACC0000004666,CUST0002341,0.0,
2026-02-18,ACC0000004667,CUST0002342,0.0,
2026-02-18,ACC0000004668,CUST0002342,0.0,
2026-02-18,ACC0000004669,CUST0002342,2.465240869E7,
2026-02-18,ACC0000004670,CUST0002343,0.0,2.288302323E7
2026-02-18,ACC0000004671,CUST0002343,0.0,
2026-02-18,ACC0000004672,CUST0002344,0.0,
2026-02-18,ACC0000004673,CUST0002344,0.0,
2026-02-18,ACC0000004674,CUST0002344,3.378251608E7,
2026-02-18,ACC0000004675,CUST0002345,0.0,
2026-02-18,ACC0000004676,CUST0002346,0.0,
2026-02-18,ACC0000004677,CUST0002346,0.0,6573419.17
2026-02-18,ACC0000004678,CUST0002347,0.0,1.141529009E7
2026-02-18,ACC0000004679,CUST0002347,0.0,4.100458176E7
2026-02-18,ACC0000004680,CUST0002347,0.0,
2026-02-18,ACC0000004681,CUST0002348,0.0,9746646.82
2026-02-18,ACC0000004682,CUST0002348,0.0,
2026-02-18,ACC0000004683,CUST0002349,0.0,
2026-02-18,ACC0000004684,CUST0002349,0.0,
2026-02-18,ACC0000004685,CUST0002349,1.0990031E7,
2026-02-18,ACC0000004686,CUST0002350,4.331386494E7,
2026-02-18,ACC0000004687,CUST0002351,0.0,
2026-02-18,ACC0000004688,CUST0002352,0.0,4.857643337E7
2026-02-18,ACC0000004689,CUST0002353,0.0,
2026-02-18,ACC0000004690,CUST0002354,0.0,
2026-02-18,ACC0000004691,CUST0002355,2.926218626E7,
2026-02-18,ACC0000004692,CUST0002355,0.0,
2026-02-18,ACC0000004693,CUST0002356,0.0,
2026-02-18,ACC0000004694,CUST0002357,0.0,
2026-02-18,ACC0000004695,CUST0002358,0.0,
2026-02-18,ACC0000004696,CUST0002359,0.0,
2026-02-18,ACC0000004697,CUST0002360,4.893149762E7,
2026-02-18,ACC0000004698,CUST0002360,0.0,
2026-02-18,ACC0000004699,CUST0002361,0.0,9544173.74
2026-02-18,ACC0000004700,CUST0002361,0.0,2.74052274E7
2026-02-18,ACC0000004701,CUST0002361,0.0,
2026-02-18,ACC0000004702,CUST0002362,0.0,4.915817154E7
2026-02-18,ACC0000004703,CUST0002363,0.0,
2026-02-18,ACC0000004704,CUST0002363,3.481770312E7,
2026-02-18,ACC0000004705,CUST0002363,0.0,4.892023581E7
2026-02-18,ACC0000004706,CUST0002364,3.848636542E7,
2026-02-18,ACC0000004707,CUST0002365,0.0,
2026-02-18,ACC0000004708,CUST0002365,0.0,
2026-02-18,ACC0000004709,CUST0002365,0.0,2.124653613E7
2026-02-18,ACC0000004710,CUST0002366,0.0,
2026-02-18,ACC0000004711,CUST0002366,0.0,
2026-02-18,ACC0000004712,CUST0002366,3.25443926E7,
2026-02-18,ACC0000004713,CUST0002367,0.0,
2026-02-18,ACC0000004714,CUST0002367,1.546039322E7,
2026-02-18,ACC0000004715,CUST0002367,2.205363548E7,
2026-02-18,ACC0000004716,CUST0002368,0.0,2.394526597E7
2026-02-18,ACC0000004717,CUST0002368,4.303784272E7,
2026-02-18,ACC0000004718,CUST0002368,0.0,8049136.03
2026-02-18,ACC0000004719,CUST0002369,2.25353318E7,
2026-02-18,ACC0000004720,CUST0002369,0.0,5924826.6
2026-02-18,ACC0000004721,CUST0002370,0.0,
2026-02-18,ACC0000004722,CUST0002370,1.731816621E7,
2026-02-18,ACC0000004723,CUST0002370,0.0,
2026-02-18,ACC0000004724,CUST0002371,4.254399889E7,
2026-02-18,ACC0000004725,CUST0002371,0.0,3.696535862E7
2026-02-18,ACC0000004726,CUST0002371,0.0,
2026-02-18,ACC0000004727,CUST0002372,0.0,
2026-02-18,ACC0000004728,CUST0002372,0.0,7996958.46
2026-02-18,ACC0000004729,CUST0002372,3.244786973E7,
2026-02-18,ACC0000004730,CUST0002373,0.0,
2026-02-18,ACC0000004731,CUST0002373,0.0,
2026-02-18,ACC0000004732,CUST0002373,1.061960662E7,
2026-02-18,ACC0000004733,CUST0002374,0.0,1.170434566E7
2026-02-18,ACC0000004734,CUST0002374,0.0,
2026-02-18,ACC0000004735,CUST0002375,0.0,
2026-02-18,ACC0000004736,CUST0002375,0.0,2.191504184E7
2026-02-18,ACC0000004737,CUST0002376,0.0,
2026-02-18,ACC0000004738,CUST0002376,0.0,
2026-02-18,ACC0000004739,CUST0002376,0.0,4.892380782E7
2026-02-18,ACC0000004740,CUST0002377,0.0,
2026-02-18,ACC0000004741,CUST0002378,0.0,
2026-02-18,ACC0000004742,CUST0002379,0.0,1.120079041E7
2026-02-18,ACC0000004743,CUST0002379,0.0,
2026-02-18,ACC0000004744,CUST0002380,0.0,
2026-02-18,ACC0000004745,CUST0002380,0.0,
2026-02-18,ACC0000004746,CUST0002381,0.0,
2026-02-18,ACC0000004747,CUST0002381,4.920245689E7,
2026-02-18,ACC0000004748,CUST0002381,0.0,
2026-02-18,ACC0000004749,CUST0002382,0.0,
2026-02-18,ACC0000004750,CUST0002382,0.0,3.834780316E7
2026-02-18,ACC0000004751,CUST0002382,0.0,6838170.73
2026-02-18,ACC0000004752,CUST0002383,0.0,4.167191162E7
2026-02-18,ACC0000004753,CUST0002383,0.0,
2026-02-18,ACC0000004754,CUST0002384,0.0,
2026-02-18,ACC0000004755,CUST0002384,0.0,
2026-02-18,ACC0000004756,CUST0002384,1.163077982E7,
2026-02-18,ACC0000004757,CUST0002385,0.0,
2026-02-18,ACC0000004758,CUST0002385,0.0,
2026-02-18,ACC0000004759,CUST0002385,4.472631219E7,
2026-02-18,ACC0000004760,CUST0002386,0.0,4.072919651E7
2026-02-18,ACC0000004761,CUST0002386,0.0,
2026-02-18,ACC0000004762,CUST0002386,4.866062458E7,
2026-02-18,ACC0000004763,CUST0002387,0.0,1.351908224E7
2026-02-18,ACC0000004764,CUST0002387,0.0,
2026-02-18,ACC0000004765,CUST0002388,0.0,
2026-02-18,ACC0000004766,CUST0002389,1.709888298E7,
2026-02-18,ACC0000004767,CUST0002390,0.0,
2026-02-18,ACC0000004768,CUST0002390,0.0,
2026-02-18,ACC0000004769,CUST0002391,0.0,
2026-02-18,ACC0000004770,CUST0002391,0.0,
2026-02-18,ACC0000004771,CUST0002391,0.0,4.163306814E7
2026-02-18,ACC0000004772,CUST0002392,0.0,
2026-02-18,ACC0000004773,CUST0002393,0.0,
2026-02-18,ACC0000004774,CUST0002394,0.0,
2026-02-18,ACC0000004775,CUST0002395,4.295485535E7,
2026-02-18,ACC0000004776,CUST0002395,0.0,
2026-02-18,ACC0000004777,CUST0002395,0.0,2.542761446E7
2026-02-18,ACC0000004778,CUST0002396,3.350290201E7,
2026-02-18,ACC0000004779,CUST0002396,0.0,1.069904432E7
2026-02-18,ACC0000004780,CUST0002396,0.0,
2026-02-18,ACC0000004781,CUST0002397,0.0,
2026-02-18,ACC0000004782,CUST0002397,4.179288333E7,
2026-02-18,ACC0000004783,CUST0002397,2.795070658E7,
2026-02-18,ACC0000004784,CUST0002398,0.0,1.06521409E7
2026-02-18,ACC0000004785,CUST0002399,0.0,
2026-02-18,ACC0000004786,CUST0002399,652970.72,
2026-02-18,ACC0000004787,CUST0002400,0.0,4.071127834E7
2026-02-18,ACC0000004788,CUST0002401,0.0,
2026-02-18,ACC0000004789,CUST0002401,0.0,3.949214453E7
2026-02-18,ACC0000004790,CUST0002402,1.264299181E7,
2026-02-18,ACC0000004791,CUST0002403,4.737853974E7,
2026-02-18,ACC0000004792,CUST0002404,0.0,4.309697186E7
2026-02-18,ACC0000004793,CUST0002405,0.0,
2026-02-18,ACC0000004794,CUST0002405,0.0,
2026-02-18,ACC0000004795,CUST0002406,0.0,
2026-02-18,ACC0000004796,CUST0002406,0.0,
2026-02-18,ACC0000004797,CUST0002406,0.0,
2026-02-18,ACC0000004798,CUST0002407,4.208113571E7,
2026-02-18,ACC0000004799,CUST0002408,2532251.03,
2026-02-18,ACC0000004800,CUST0002409,0.0,
2026-02-18,ACC0000004801,CUST0002409,1897670.77,
2026-02-18,ACC0000004802,CUST0002410,2.910815213E7,
2026-02-18,ACC0000004803,CUST0002410,0.0,
2026-02-18,ACC0000004804,CUST0002411,0.0,
2026-02-18,ACC0000004805,CUST0002411,0.0,
2026-02-18,ACC0000004806,CUST0002412,0.0,
2026-02-18,ACC0000004807,CUST0002412,0.0,
2026-02-18,ACC0000004808,CUST0002413,0.0,2.39387566E7
2026-02-18,ACC0000004809,CUST0002414,0.0,
2026-02-18,ACC0000004810,CUST0002415,4.473360085E7,
2026-02-18,ACC0000004811,CUST0002415,2112382.61,
2026-02-18,ACC0000004812,CUST0002415,0.0,
2026-02-18,ACC0000004813,CUST0002416,0.0,
2026-02-18,ACC0000004814,CUST0002416,0.0,
2026-02-18,ACC0000004815,CUST0002416,0.0,
2026-02-18,ACC0000004816,CUST0002417,0.0,6039895.83
2026-02-18,ACC0000004817,CUST0002417,2.178535082E7,
2026-02-18,ACC0000004818,CUST0002417,4.411145326E7,
2026-02-18,ACC0000004819,CUST0002418,4.968743739E7,
2026-02-18,ACC0000004820,CUST0002418,0.0,
2026-02-18,ACC0000004821,CUST0002418,0.0,1.537899305E7
2026-02-18,ACC0000004822,CUST0002419,0.0,4.346399679E7
2026-02-18,ACC0000004823,CUST0002420,0.0,
2026-02-18,ACC0000004824,CUST0002420,9166620.99,
2026-02-18,ACC0000004825,CUST0002421,0.0,
2026-02-18,ACC0000004826,CUST0002422,0.0,
2026-02-18,ACC0000004827,CUST0002423,0.0,
2026-02-18,ACC0000004828,CUST0002423,2.112345427E7,
2026-02-18,ACC0000004829,CUST0002424,2.951124089E7,
2026-02-18,ACC0000004830,CUST0002424,0.0,
2026-02-18,ACC0000004831,CUST0002424,1.42016603E7,
2026-02-18,ACC0000004832,CUST0002425,2.343500515E7,
2026-02-18,ACC0000004833,CUST0002425,0.0,
2026-02-18,ACC0000004834,CUST0002426,0.0,1.458236915E7
2026-02-18,ACC0000004835,CUST0002426,0.0,4.537340102E7
2026-02-18,ACC0000004836,CUST0002426,0.0,4.197609802E7
2026-02-18,ACC0000004837,CUST0002427,0.0,
2026-02-18,ACC0000004838,CUST0002427,0.0,
2026-02-18,ACC0000004839,CUST0002428,0.0,8598902.53
2026-02-18,ACC0000004840,CUST0002428,7967736.94,
2026-02-18,ACC0000004841,CUST0002428,0.0,
2026-02-18,ACC0000004842,CUST0002429,0.0,
2026-02-18,ACC0000004843,CUST0002430,0.0,
2026-02-18,ACC0000004844,CUST0002431,0.0,
2026-02-18,ACC0000004845,CUST0002431,0.0,
2026-02-18,ACC0000004846,CUST0002432,0.0,
2026-02-18,ACC0000004847,CUST0002432,2.78584742E7,
2026-02-18,ACC0000004848,CUST0002432,1.85006403E7,
2026-02-18,ACC0000004849,CUST0002433,0.0,2.98539943E7
2026-02-18,ACC0000004850,CUST0002433,0.0,
2026-02-18,ACC0000004851,CUST0002433,0.0,1.860418378E7
2026-02-18,ACC0000004852,CUST0002434,0.0,2.784236158E7
2026-02-18,ACC0000004853,CUST0002434,3.747214702E7,
2026-02-18,ACC0000004854,CUST0002434,0.0,
2026-02-18,ACC0000004855,CUST0002435,0.0,4.598183552E7
2026-02-18,ACC0000004856,CUST0002435,0.0,
2026-02-18,ACC0000004857,CUST0002436,0.0,
2026-02-18,ACC0000004858,CUST0002436,0.0,
2026-02-18,ACC0000004859,CUST0002437,2.095973391E7,
2026-02-18,ACC0000004860,CUST0002437,1.252040586E7,
2026-02-18,ACC0000004861,CUST0002438,3.338682676E7,
2026-02-18,ACC0000004862,CUST0002438,0.0,
2026-02-18,ACC0000004863,CUST0002438,545928.16,
2026-02-18,ACC0000004864,CUST0002439,0.0,2.860491056E7
2026-02-18,ACC0000004865,CUST0002439,0.0,
2026-02-18,ACC0000004866,CUST0002439,0.0,
2026-02-18,ACC0000004867,CUST0002440,0.0,
2026-02-18,ACC0000004868,CUST0002441,0.0,
2026-02-18,ACC0000004869,CUST0002442,3.561100241E7,
2026-02-18,ACC0000004870,CUST0002443,0.0,7038535.41
2026-02-18,ACC0000004871,CUST0002444,0.0,5476584.94
2026-02-18,ACC0000004872,CUST0002444,0.0,
2026-02-18,ACC0000004873,CUST0002444,0.0,3.83972185E7
2026-02-18,ACC0000004874,CUST0002445,0.0,4.935975011E7
2026-02-18,ACC0000004875,CUST0002446,0.0,
2026-02-18,ACC0000004876,CUST0002447,0.0,
2026-02-18,ACC0000004877,CUST0002447,0.0,
2026-02-18,ACC0000004878,CUST0002448,0.0,
2026-02-18,ACC0000004879,CUST0002448,0.0,4.840922244E7
2026-02-18,ACC0000004880,CUST0002448,0.0,
2026-02-18,ACC0000004881,CUST0002449,0.0,2.821357078E7
2026-02-18,ACC0000004882,CUST0002449,0.0,
2026-02-18,ACC0000004883,CUST0002449,8256365.05,
2026-02-18,ACC0000004884,CUST0002450,4.603812628E7,
2026-02-18,ACC0000004885,CUST0002451,0.0,
2026-02-18,ACC0000004886,CUST0002452,0.0,
2026-02-18,ACC0000004887,CUST0002452,0.0,
2026-02-18,ACC0000004888,CUST0002452,3.43014194E7,
2026-02-18,ACC0000004889,CUST0002453,0.0,1.620643909E7
2026-02-18,ACC0000004890,CUST0002454,0.0,1.42947119E7
2026-02-18,ACC0000004891,CUST0002455,0.0,
2026-02-18,ACC0000004892,CUST0002455,1.734710198E7,
2026-02-18,ACC0000004893,CUST0002456,0.0,
2026-02-18,ACC0000004894,CUST0002457,0.0,
2026-02-18,ACC0000004895,CUST0002457,0.0,
2026-02-18,ACC0000004896,CUST0002457,0.0,
2026-02-18,ACC0000004897,CUST0002458,0.0,3.107671579E7
2026-02-18,ACC0000004898,CUST0002458,4.65777147E7,
2026-02-18,ACC0000004899,CUST0002458,0.0,2.811838245E7
2026-02-18,ACC0000004900,CUST0002459,2148609.04,
2026-02-18,ACC0000004901,CUST0002459,0.0,
2026-02-18,ACC0000004902,CUST0002459,0.0,1.045245095E7
2026-02-18,ACC0000004903,CUST0002460,9239847.39,
2026-02-18,ACC0000004904,CUST0002460,0.0,
2026-02-18,ACC0000004905,CUST0002461,0.0,
2026-02-18,ACC0000004906,CUST0002461,0.0,
2026-02-18,ACC0000004907,CUST0002462,0.0,3.02226976E7
2026-02-18,ACC0000004908,CUST0002462,0.0,
2026-02-18,ACC0000004909,CUST0002462,0.0,
2026-02-18,ACC0000004910,CUST0002463,0.0,4.413784277E7
2026-02-18,ACC0000004911,CUST0002464,0.0,
2026-02-18,ACC0000004912,CUST0002464,0.0,
2026-02-18,ACC0000004913,CUST0002464,4.819943422E7,
2026-02-18,ACC0000004914,CUST0002465,0.0,
2026-02-18,ACC0000004915,CUST0002465,0.0,
2026-02-18,ACC0000004916,CUST0002466,0.0,
2026-02-18,ACC0000004917,CUST0002467,0.0,3.591106497E7
2026-02-18,ACC0000004918,CUST0002467,0.0,
2026-02-18,ACC0000004919,CUST0002468,0.0,1.314402627E7
2026-02-18,ACC0000004920,CUST0002468,0.0,
2026-02-18,ACC0000004921,CUST0002469,0.0,
2026-02-18,ACC0000004922,CUST0002469,7429330.51,
2026-02-18,ACC0000004923,CUST0002470,0.0,
2026-02-18,ACC0000004924,CUST0002470,0.0,
2026-02-18,ACC0000004925,CUST0002471,0.0,
2026-02-18,ACC0000004926,CUST0002471,0.0,
2026-02-18,ACC0000004927,CUST0002472,0.0,3.238484291E7
2026-02-18,ACC0000004928,CUST0002473,0.0,
2026-02-18,ACC0000004929,CUST0002473,0.0,
2026-02-18,ACC0000004930,CUST0002473,0.0,
2026-02-18,ACC0000004931,CUST0002474,2.317355219E7,
2026-02-18,ACC0000004932,CUST0002474,0.0,
2026-02-18,ACC0000004933,CUST0002475,0.0,
2026-02-18,ACC0000004934,CUST0002475,0.0,1.18649686E7
2026-02-18,ACC0000004935,CUST0002476,0.0,
2026-02-18,ACC0000004936,CUST0002476,0.0,
2026-02-18,ACC0000004937,CUST0002476,1.348545453E7,
2026-02-18,ACC0000004938,CUST0002477,0.0,
2026-02-18,ACC0000004939,CUST0002477,0.0,
2026-02-18,ACC0000004940,CUST0002478,4.961606233E7,
2026-02-18,ACC0000004941,CUST0002478,0.0,
2026-02-18,ACC0000004942,CUST0002479,0.0,
2026-02-18,ACC0000004943,CUST0002479,0.0,7772324.92
2026-02-18,ACC0000004944,CUST0002480,5786986.24,
2026-02-18,ACC0000004945,CUST0002480,4.304193864E7,
2026-02-18,ACC0000004946,CUST0002481,0.0,
2026-02-18,ACC0000004947,CUST0002481,0.0,3.753261899E7
2026-02-18,ACC0000004948,CUST0002481,0.0,
2026-02-18,ACC0000004949,CUST0002482,1.622310149E7,
2026-02-18,ACC0000004950,CUST0002482,0.0,1.753799387E7
2026-02-18,ACC0000004951,CUST0002483,0.0,
2026-02-18,ACC0000004952,CUST0002483,0.0,
2026-02-18,ACC0000004953,CUST0002484,0.0,
2026-02-18,ACC0000004954,CUST0002484,0.0,
2026-02-18,ACC0000004955,CUST0002485,1.466787223E7,
2026-02-18,ACC0000004956,CUST0002485,1.90748343E7,
2026-02-18,ACC0000004957,CUST0002486,0.0,
2026-02-18,ACC0000004958,CUST0002487,0.0,
2026-02-18,ACC0000004959,CUST0002488,0.0,
2026-02-18,ACC0000004960,CUST0002488,0.0,2.354133297E7
2026-02-18,ACC0000004961,CUST0002488,0.0,
2026-02-18,ACC0000004962,CUST0002489,0.0,1.134010189E7
2026-02-18,ACC0000004963,CUST0002489,0.0,
2026-02-18,ACC0000004964,CUST0002490,0.0,
2026-02-18,ACC0000004965,CUST0002490,0.0,4.600243225E7
2026-02-18,ACC0000004966,CUST0002491,0.0,6358393.57
2026-02-18,ACC0000004967,CUST0002491,1.467778962E7,
2026-02-18,ACC0000004968,CUST0002491,0.0,
2026-02-18,ACC0000004969,CUST0002492,4.897929555E7,
2026-02-18,ACC0000004970,CUST0002492,0.0,
2026-02-18,ACC0000004971,CUST0002492,0.0,5085714.09
2026-02-18,ACC0000004972,CUST0002493,0.0,2.469490191E7
2026-02-18,ACC0000004973,CUST0002493,0.0,
2026-02-18,ACC0000004974,CUST0002494,1.115949419E7,
2026-02-18,ACC0000004975,CUST0002495,0.0,
2026-02-18,ACC0000004976,CUST0002495,0.0,7030154.58
2026-02-18,ACC0000004977,CUST0002496,0.0,
2026-02-18,ACC0000004978,CUST0002496,0.0,2.040083791E7
2026-02-18,ACC0000004979,CUST0002496,0.0,
2026-02-18,ACC0000004980,CUST0002497,0.0,
2026-02-18,ACC0000004981,CUST0002497,0.0,1.668165353E7
2026-02-18,ACC0000004982,CUST0002497,0.0,
2026-02-18,ACC0000004983,CUST0002498,0.0,
2026-02-18,ACC0000004984,CUST0002498,0.0,
2026-02-18,ACC0000004985,CUST0002498,1.248199935E7,
2026-02-18,ACC0000004986,CUST0002499,0.0,
2026-02-18,ACC0000004987,CUST0002500,0.0,
2026-02-18,ACC0000004988,CUST0002501,0.0,9153845.47
2026-02-18,ACC0000004989,CUST0002501,0.0,1.392913957E7
2026-02-18,ACC0000004990,CUST0002502,4797809.64,
2026-02-18,ACC0000004991,CUST0002502,1.216724894E7,
2026-02-18,ACC0000004992,CUST0002503,0.0,
2026-02-18,ACC0000004993,CUST0002503,4.05700843E7,
2026-02-18,ACC0000004994,CUST0002504,0.0,2.198758513E7
2026-02-18,ACC0000004995,CUST0002505,0.0,
2026-02-18,ACC0000004996,CUST0002505,1.473628651E7,
2026-02-18,ACC0000004997,CUST0002506,3.178748492E7,
2026-02-18,ACC0000004998,CUST0002507,2.206198895E7,
2026-02-18,ACC0000004999,CUST0002507,0.0,
2026-02-18,ACC0000005000,CUST0002507,0.0,
2026-02-18,ACC0000005001,CUST0002508,0.0,1.108360617E7
2026-02-18,ACC0000005002,CUST0002508,3.051382958E7,
2026-02-18,ACC0000005003,CUST0002509,0.0,2.7048352E7
2026-02-18,ACC0000005004,CUST0002509,0.0,
2026-02-18,ACC0000005005,CUST0002510,0.0,
2026-02-18,ACC0000005006,CUST0002510,0.0,
2026-02-18,ACC0000005007,CUST0002510,0.0,
2026-02-18,ACC0000005008,CUST0002511,0.0,
2026-02-18,ACC0000005009,CUST0002512,0.0,3.933007762E7
2026-02-18,ACC0000005010,CUST0002512,0.0,
2026-02-18,ACC0000005011,CUST0002512,0.0,
2026-02-18,ACC0000005012,CUST0002513,0.0,2.629789075E7
2026-02-18,ACC0000005013,CUST0002513,0.0,1.435155657E7
2026-02-18,ACC0000005014,CUST0002514,0.0,1.32164949E7
2026-02-18,ACC0000005015,CUST0002515,0.0,
2026-02-18,ACC0000005016,CUST0002515,0.0,
2026-02-18,ACC0000005017,CUST0002516,0.0,
2026-02-18,ACC0000005018,CUST0002516,0.0,
2026-02-18,ACC0000005019,CUST0002517,0.0,
2026-02-18,ACC0000005020,CUST0002517,0.0,3.373388703E7
2026-02-18,ACC0000005021,CUST0002518,0.0,
2026-02-18,ACC0000005022,CUST0002519,4.208200052E7,
2026-02-18,ACC0000005023,CUST0002519,4.355235674E7,
2026-02-18,ACC0000005024,CUST0002520,0.0,
2026-02-18,ACC0000005025,CUST0002520,0.0,
2026-02-18,ACC0000005026,CUST0002521,0.0,
2026-02-18,ACC0000005027,CUST0002521,4.986421801E7,
2026-02-18,ACC0000005028,CUST0002522,2.396470481E7,
2026-02-18,ACC0000005029,CUST0002522,0.0,3.938975018E7
2026-02-18,ACC0000005030,CUST0002522,0.0,
2026-02-18,ACC0000005031,CUST0002523,0.0,
2026-02-18,ACC0000005032,CUST0002523,2.100065074E7,
2026-02-18,ACC0000005033,CUST0002523,0.0,
2026-02-18,ACC0000005034,CUST0002524,0.0,3.465782984E7
2026-02-18,ACC0000005035,CUST0002524,0.0,
2026-02-18,ACC0000005036,CUST0002525,0.0,
2026-02-18,ACC0000005037,CUST0002525,1.658505945E7,
2026-02-18,ACC0000005038,CUST0002526,0.0,3.487774866E7
2026-02-18,ACC0000005039,CUST0002526,2.012794194E7,
2026-02-18,ACC0000005040,CUST0002526,2.486018414E7,
2026-02-18,ACC0000005041,CUST0002527,0.0,
2026-02-18,ACC0000005042,CUST0002527,0.0,
2026-02-18,ACC0000005043,CUST0002527,0.0,
2026-02-18,ACC0000005044,CUST0002528,0.0,
2026-02-18,ACC0000005045,CUST0002528,0.0,
2026-02-18,ACC0000005046,CUST0002528,0.0,
2026-02-18,ACC0000005047,CUST0002529,3.478385046E7,
2026-02-18,ACC0000005048,CUST0002530,8618238.36,
2026-02-18,ACC0000005049,CUST0002530,0.0,
2026-02-18,ACC0000005050,CUST0002531,0.0,
2026-02-18,ACC0000005051,CUST0002531,0.0,
2026-02-18,ACC0000005052,CUST0002531,0.0,
2026-02-18,ACC0000005053,CUST0002532,4.811424659E7,
2026-02-18,ACC0000005054,CUST0002533,3.127610227E7,
2026-02-18,ACC0000005055,CUST0002533,0.0,2.119994038E7
2026-02-18,ACC0000005056,CUST0002534,0.0,4.118593606E7
2026-02-18,ACC0000005057,CUST0002535,0.0,
2026-02-18,ACC0000005058,CUST0002535,0.0,
2026-02-18,ACC0000005059,CUST0002536,0.0,
2026-02-18,ACC0000005060,CUST0002536,0.0,3.938930529E7
2026-02-18,ACC0000005061,CUST0002537,0.0,
2026-02-18,ACC0000005062,CUST0002538,0.0,3.460904108E7
2026-02-18,ACC0000005063,CUST0002539,0.0,4.83147627E7
2026-02-18,ACC0000005064,CUST0002540,0.0,
2026-02-18,ACC0000005065,CUST0002540,0.0,
2026-02-18,ACC0000005066,CUST0002541,0.0,
2026-02-18,ACC0000005067,CUST0002542,4.313177218E7,
2026-02-18,ACC0000005068,CUST0002542,0.0,
2026-02-18,ACC0000005069,CUST0002542,0.0,
2026-02-18,ACC0000005070,CUST0002543,0.0,4.021590384E7
2026-02-18,ACC0000005071,CUST0002544,4.905025784E7,
2026-02-18,ACC0000005072,CUST0002545,0.0,2.140388072E7
2026-02-18,ACC0000005073,CUST0002545,0.0,1.194311291E7
2026-02-18,ACC0000005074,CUST0002546,1305721.15,
2026-02-18,ACC0000005075,CUST0002547,3.908947802E7,
2026-02-18,ACC0000005076,CUST0002547,0.0,
2026-02-18,ACC0000005077,CUST0002547,0.0,
2026-02-18,ACC0000005078,CUST0002548,0.0,7738039.0
2026-02-18,ACC0000005079,CUST0002548,0.0,
2026-02-18,ACC0000005080,CUST0002549,0.0,2.515396642E7
2026-02-18,ACC0000005081,CUST0002550,0.0,
2026-02-18,ACC0000005082,CUST0002550,0.0,
2026-02-18,ACC0000005083,CUST0002550,0.0,
2026-02-18,ACC0000005084,CUST0002551,1.688614811E7,
2026-02-18,ACC0000005085,CUST0002552,0.0,
2026-02-18,ACC0000005086,CUST0002553,0.0,1.506261664E7
2026-02-18,ACC0000005087,CUST0002553,4.159751042E7,
2026-02-18,ACC0000005088,CUST0002554,0.0,1.814649156E7
2026-02-18,ACC0000005089,CUST0002555,0.0,4.960057955E7
2026-02-18,ACC0000005090,CUST0002555,0.0,4.168774026E7
2026-02-18,ACC0000005091,CUST0002556,0.0,
2026-02-18,ACC0000005092,CUST0002556,980247.74,
2026-02-18,ACC0000005093,CUST0002557,0.0,
2026-02-18,ACC0000005094,CUST0002557,2.921682941E7,
2026-02-18,ACC0000005095,CUST0002558,0.0,4.590580765E7
2026-02-18,ACC0000005096,CUST0002559,1021987.22,
2026-02-18,ACC0000005097,CUST0002559,0.0,
2026-02-18,ACC0000005098,CUST0002559,0.0,
2026-02-18,ACC0000005099,CUST0002560,4.046785154E7,
2026-02-18,ACC0000005100,CUST0002560,0.0,4.824310024E7
2026-02-18,ACC0000005101,CUST0002560,9925377.29,
2026-02-18,ACC0000005102,CUST0002561,0.0,
2026-02-18,ACC0000005103,CUST0002561,7782546.48,
2026-02-18,ACC0000005104,CUST0002562,4.330314185E7,
2026-02-18,ACC0000005105,CUST0002562,0.0,
2026-02-18,ACC0000005106,CUST0002563,0.0,4.859295406E7
2026-02-18,ACC0000005107,CUST0002563,0.0,
2026-02-18,ACC0000005108,CUST0002564,0.0,
2026-02-18,ACC0000005109,CUST0002564,0.0,4.057902389E7
2026-02-18,ACC0000005110,CUST0002565,1.845539372E7,
2026-02-18,ACC0000005111,CUST0002565,0.0,5323127.64
2026-02-18,ACC0000005112,CUST0002566,0.0,5738846.08
2026-02-18,ACC0000005113,CUST0002567,2.018982277E7,
2026-02-18,ACC0000005114,CUST0002568,0.0,2.84533769E7
2026-02-18,ACC0000005115,CUST0002569,4.96441993E7,
2026-02-18,ACC0000005116,CUST0002569,0.0,4.615162781E7
2026-02-18,ACC0000005117,CUST0002570,0.0,
2026-02-18,ACC0000005118,CUST0002570,4.09267512E7,
2026-02-18,ACC0000005119,CUST0002570,0.0,2.197443418E7
2026-02-18,ACC0000005120,CUST0002571,0.0,2.359176112E7
2026-02-18,ACC0000005121,CUST0002572,4.033697775E7,
2026-02-18,ACC0000005122,CUST0002572,1.473886382E7,
2026-02-18,ACC0000005123,CUST0002572,0.0,
2026-02-18,ACC0000005124,CUST0002573,0.0,
2026-02-18,ACC0000005125,CUST0002573,0.0,
2026-02-18,ACC0000005126,CUST0002573,3.415758623E7,
2026-02-18,ACC0000005127,CUST0002574,0.0,
2026-02-18,ACC0000005128,CUST0002574,0.0,4.54390078E7
2026-02-18,ACC0000005129,CUST0002575,0.0,
2026-02-18,ACC0000005130,CUST0002575,0.0,
2026-02-18,ACC0000005131,CUST0002575,0.0,1.374526621E7
2026-02-18,ACC0000005132,CUST0002576,0.0,3.019923035E7
2026-02-18,ACC0000005133,CUST0002577,0.0,
2026-02-18,ACC0000005134,CUST0002577,4.567264344E7,
2026-02-18,ACC0000005135,CUST0002577,0.0,2.774702726E7
2026-02-18,ACC0000005136,CUST0002578,1.605100026E7,
2026-02-18,ACC0000005137,CUST0002578,0.0,
2026-02-18,ACC0000005138,CUST0002578,3.462530233E7,
2026-02-18,ACC0000005139,CUST0002579,2.403518018E7,
2026-02-18,ACC0000005140,CUST0002580,0.0,2.229032057E7
2026-02-18,ACC0000005141,CUST0002580,2.128014572E7,
2026-02-18,ACC0000005142,CUST0002581,0.0,3.997446173E7
2026-02-18,ACC0000005143,CUST0002582,0.0,
2026-02-18,ACC0000005144,CUST0002583,0.0,
2026-02-18,ACC0000005145,CUST0002583,2.405269278E7,
2026-02-18,ACC0000005146,CUST0002584,0.0,9972869.35
2026-02-18,ACC0000005147,CUST0002584,0.0,
2026-02-18,ACC0000005148,CUST0002584,0.0,
2026-02-18,ACC0000005149,CUST0002585,4.859432432E7,
2026-02-18,ACC0000005150,CUST0002585,0.0,
2026-02-18,ACC0000005151,CUST0002586,4.837512281E7,
2026-02-18,ACC0000005152,CUST0002586,0.0,1.401914083E7
2026-02-18,ACC0000005153,CUST0002586,0.0,
2026-02-18,ACC0000005154,CUST0002587,0.0,1.814259762E7
2026-02-18,ACC0000005155,CUST0002587,4305319.46,
2026-02-18,ACC0000005156,CUST0002587,1.366130994E7,
2026-02-18,ACC0000005157,CUST0002588,0.0,4.679162243E7
2026-02-18,ACC0000005158,CUST0002588,1.126998191E7,
2026-02-18,ACC0000005159,CUST0002588,0.0,
2026-02-18,ACC0000005160,CUST0002589,0.0,
2026-02-18,ACC0000005161,CUST0002590,4093197.59,
2026-02-18,ACC0000005162,CUST0002591,0.0,1.290282864E7
2026-02-18,ACC0000005163,CUST0002591,2.497283443E7,
2026-02-18,ACC0000005164,CUST0002591,0.0,
2026-02-18,ACC0000005165,CUST0002592,0.0,
2026-02-18,ACC0000005166,CUST0002592,8930929.09,
2026-02-18,ACC0000005167,CUST0002592,1.768194919E7,
2026-02-18,ACC0000005168,CUST0002593,0.0,1.457705218E7
2026-02-18,ACC0000005169,CUST0002594,0.0,
2026-02-18,ACC0000005170,CUST0002594,0.0,
2026-02-18,ACC0000005171,CUST0002594,0.0,6080234.83
2026-02-18,ACC0000005172,CUST0002595,0.0,
2026-02-18,ACC0000005173,CUST0002595,0.0,
2026-02-18,ACC0000005174,CUST0002596,0.0,
2026-02-18,ACC0000005175,CUST0002597,0.0,
2026-02-18,ACC0000005176,CUST0002597,4.323227797E7,
2026-02-18,ACC0000005177,CUST0002597,0.0,
2026-02-18,ACC0000005178,CUST0002598,0.0,
2026-02-18,ACC0000005179,CUST0002598,0.0,7293914.23
2026-02-18,ACC0000005180,CUST0002599,0.0,
2026-02-18,ACC0000005181,CUST0002599,0.0,1.186083842E7
2026-02-18,ACC0000005182,CUST0002600,0.0,4.852408177E7
2026-02-18,ACC0000005183,CUST0002600,0.0,1.967543285E7
2026-02-18,ACC0000005184,CUST0002600,0.0,
2026-02-18,ACC0000005185,CUST0002601,2.227796649E7,
2026-02-18,ACC0000005186,CUST0002601,8528935.26,
2026-02-18,ACC0000005187,CUST0002602,2.960508281E7,
2026-02-18,ACC0000005188,CUST0002603,0.0,
2026-02-18,ACC0000005189,CUST0002604,7808252.53,
2026-02-18,ACC0000005190,CUST0002604,0.0,
2026-02-18,ACC0000005191,CUST0002605,0.0,1.037948012E7
2026-02-18,ACC0000005192,CUST0002605,0.0,
2026-02-18,ACC0000005193,CUST0002605,0.0,
2026-02-18,ACC0000005194,CUST0002606,0.0,2.346905533E7
2026-02-18,ACC0000005195,CUST0002606,3.887147131E7,
2026-02-18,ACC0000005196,CUST0002607,0.0,
2026-02-18,ACC0000005197,CUST0002608,1727648.57,
2026-02-18,ACC0000005198,CUST0002609,0.0,
2026-02-18,ACC0000005199,CUST0002609,1.502439244E7,
2026-02-18,ACC0000005200,CUST0002609,0.0,
2026-02-18,ACC0000005201,CUST0002610,1.095306999E7,
2026-02-18,ACC0000005202,CUST0002610,0.0,4.918132191E7
2026-02-18,ACC0000005203,CUST0002611,0.0,
2026-02-18,ACC0000005204,CUST0002612,0.0,
2026-02-18,ACC0000005205,CUST0002612,0.0,
2026-02-18,ACC0000005206,CUST0002613,0.0,3.584402717E7
2026-02-18,ACC0000005207,CUST0002613,4.339810648E7,
2026-02-18,ACC0000005208,CUST0002613,0.0,
2026-02-18,ACC0000005209,CUST0002614,0.0,
2026-02-18,ACC0000005210,CUST0002614,0.0,
2026-02-18,ACC0000005211,CUST0002615,0.0,1.645805551E7
2026-02-18,ACC0000005212,CUST0002615,0.0,
2026-02-18,ACC0000005213,CUST0002615,4.48188699E7,
2026-02-18,ACC0000005214,CUST0002616,2.238074956E7,
2026-02-18,ACC0000005215,CUST0002616,0.0,
2026-02-18,ACC0000005216,CUST0002617,0.0,
2026-02-18,ACC0000005217,CUST0002617,0.0,
2026-02-18,ACC0000005218,CUST0002617,0.0,3.069460899E7
2026-02-18,ACC0000005219,CUST0002618,0.0,
2026-02-18,ACC0000005220,CUST0002618,3.135470411E7,
2026-02-18,ACC0000005221,CUST0002618,0.0,
2026-02-18,ACC0000005222,CUST0002619,3.286613062E7,
2026-02-18,ACC0000005223,CUST0002620,4.526535995E7,
2026-02-18,ACC0000005224,CUST0002621,0.0,
2026-02-18,ACC0000005225,CUST0002621,0.0,3.293354042E7
2026-02-18,ACC0000005226,CUST0002622,2.806268437E7,
2026-02-18,ACC0000005227,CUST0002623,0.0,1.148190511E7
2026-02-18,ACC0000005228,CUST0002624,0.0,
2026-02-18,ACC0000005229,CUST0002625,4.343427431E7,
2026-02-18,ACC0000005230,CUST0002626,0.0,2.698551736E7
2026-02-18,ACC0000005231,CUST0002627,4.562326031E7,
2026-02-18,ACC0000005232,CUST0002627,2.097727258E7,
2026-02-18,ACC0000005233,CUST0002628,6864863.77,
2026-02-18,ACC0000005234,CUST0002629,0.0,8718567.57
2026-02-18,ACC0000005235,CUST0002630,2.195488411E7,
2026-02-18,ACC0000005236,CUST0002631,0.0,
2026-02-18,ACC0000005237,CUST0002631,0.0,1.250124421E7
2026-02-18,ACC0000005238,CUST0002632,0.0,
2026-02-18,ACC0000005239,CUST0002632,0.0,
2026-02-18,ACC0000005240,CUST0002633,0.0,
2026-02-18,ACC0000005241,CUST0002633,0.0,
2026-02-18,ACC0000005242,CUST0002633,0.0,
2026-02-18,ACC0000005243,CUST0002634,2.061733114E7,
2026-02-18,ACC0000005244,CUST0002634,0.0,
2026-02-18,ACC0000005245,CUST0002635,4.962626224E7,
2026-02-18,ACC0000005246,CUST0002636,4.224575048E7,
2026-02-18,ACC0000005247,CUST0002636,7377129.65,
2026-02-18,ACC0000005248,CUST0002637,0.0,
2026-02-18,ACC0000005249,CUST0002637,0.0,
2026-02-18,ACC0000005250,CUST0002637,0.0,
2026-02-18,ACC0000005251,CUST0002638,1.789558948E7,
2026-02-18,ACC0000005252,CUST0002638,0.0,1.661027947E7
2026-02-18,ACC0000005253,CUST0002639,0.0,4.750197738E7
2026-02-18,ACC0000005254,CUST0002639,0.0,
2026-02-18,ACC0000005255,CUST0002640,0.0,2.672221119E7
2026-02-18,ACC0000005256,CUST0002641,7576472.66,
2026-02-18,ACC0000005257,CUST0002641,0.0,3.74257779E7
2026-02-18,ACC0000005258,CUST0002642,8302858.06,
2026-02-18,ACC0000005259,CUST0002642,0.0,
2026-02-18,ACC0000005260,CUST0002643,0.0,
2026-02-18,ACC0000005261,CUST0002644,4919773.17,
2026-02-18,ACC0000005262,CUST0002645,0.0,
2026-02-18,ACC0000005263,CUST0002645,0.0,
2026-02-18,ACC0000005264,CUST0002646,0.0,
2026-02-18,ACC0000005265,CUST0002646,0.0,
2026-02-18,ACC0000005266,CUST0002646,0.0,
2026-02-18,ACC0000005267,CUST0002647,0.0,1.0747817E7
2026-02-18,ACC0000005268,CUST0002647,0.0,7137705.31
2026-02-18,ACC0000005269,CUST0002647,6062740.21,
2026-02-18,ACC0000005270,CUST0002648,0.0,
2026-02-18,ACC0000005271,CUST0002649,0.0,
2026-02-18,ACC0000005272,CUST0002649,0.0,
2026-02-18,ACC0000005273,CUST0002649,0.0,3.541609243E7
2026-02-18,ACC0000005274,CUST0002650,3.264002327E7,
2026-02-18,ACC0000005275,CUST0002650,0.0,3.841275573E7
2026-02-18,ACC0000005276,CUST0002650,9145527.06,
2026-02-18,ACC0000005277,CUST0002651,0.0,
2026-02-18,ACC0000005278,CUST0002651,3.36449079E7,
2026-02-18,ACC0000005279,CUST0002651,0.0,
2026-02-18,ACC0000005280,CUST0002652,4.481582193E7,
2026-02-18,ACC0000005281,CUST0002652,0.0,1.485251876E7
2026-02-18,ACC0000005282,CUST0002653,1.000969224E7,
2026-02-18,ACC0000005283,CUST0002653,0.0,
2026-02-18,ACC0000005284,CUST0002653,0.0,
2026-02-18,ACC0000005285,CUST0002654,0.0,
2026-02-18,ACC0000005286,CUST0002655,4.087028734E7,
2026-02-18,ACC0000005287,CUST0002655,0.0,2.213939929E7
2026-02-18,ACC0000005288,CUST0002655,0.0,
2026-02-18,ACC0000005289,CUST0002656,0.0,2.416681809E7
2026-02-18,ACC0000005290,CUST0002656,0.0,4.938386512E7
2026-02-18,ACC0000005291,CUST0002656,0.0,9248971.47
2026-02-18,ACC0000005292,CUST0002657,0.0,2.55720407E7
2026-02-18,ACC0000005293,CUST0002658,0.0,
2026-02-18,ACC0000005294,CUST0002658,0.0,9242543.74
2026-02-18,ACC0000005295,CUST0002658,2.738495125E7,
2026-02-18,ACC0000005296,CUST0002659,4.301128785E7,
2026-02-18,ACC0000005297,CUST0002660,1.119778059E7,
2026-02-18,ACC0000005298,CUST0002660,0.0,2.51995145E7
2026-02-18,ACC0000005299,CUST0002660,0.0,
2026-02-18,ACC0000005300,CUST0002661,0.0,
2026-02-18,ACC0000005301,CUST0002662,0.0,
2026-02-18,ACC0000005302,CUST0002663,0.0,
2026-02-18,ACC0000005303,CUST0002663,0.0,
2026-02-18,ACC0000005304,CUST0002664,0.0,
2026-02-18,ACC0000005305,CUST0002664,4.200879626E7,
2026-02-18,ACC0000005306,CUST0002664,0.0,
2026-02-18,ACC0000005307,CUST0002665,0.0,
2026-02-18,ACC0000005308,CUST0002665,0.0,
2026-02-18,ACC0000005309,CUST0002666,0.0,
2026-02-18,ACC0000005310,CUST0002666,0.0,
2026-02-18,ACC0000005311,CUST0002666,3865790.87,
2026-02-18,ACC0000005312,CUST0002667,0.0,3.664622405E7
2026-02-18,ACC0000005313,CUST0002667,2.959540426E7,
2026-02-18,ACC0000005314,CUST0002667,0.0,3.52776314E7
2026-02-18,ACC0000005315,CUST0002668,0.0,
2026-02-18,ACC0000005316,CUST0002668,0.0,9432487.93
2026-02-18,ACC0000005317,CUST0002668,0.0,
2026-02-18,ACC0000005318,CUST0002669,1.922344328E7,
2026-02-18,ACC0000005319,CUST0002669,0.0,4.744205633E7
2026-02-18,ACC0000005320,CUST0002670,0.0,1.969721681E7
2026-02-18,ACC0000005321,CUST0002671,9140567.9,
2026-02-18,ACC0000005322,CUST0002671,0.0,
2026-02-18,ACC0000005323,CUST0002671,0.0,
2026-02-18,ACC0000005324,CUST0002672,0.0,
2026-02-18,ACC0000005325,CUST0002672,2.631253774E7,
2026-02-18,ACC0000005326,CUST0002672,0.0,
2026-02-18,ACC0000005327,CUST0002673,0.0,4.305517728E7
2026-02-18,ACC0000005328,CUST0002673,4.983021832E7,
2026-02-18,ACC0000005329,CUST0002673,0.0,
2026-02-18,ACC0000005330,CUST0002674,0.0,
2026-02-18,ACC0000005331,CUST0002675,3.596857019E7,
2026-02-18,ACC0000005332,CUST0002676,0.0,1.230533257E7
2026-02-18,ACC0000005333,CUST0002676,0.0,4.806228576E7
2026-02-18,ACC0000005334,CUST0002677,0.0,
2026-02-18,ACC0000005335,CUST0002678,0.0,
2026-02-18,ACC0000005336,CUST0002678,0.0,1.908075916E7
2026-02-18,ACC0000005337,CUST0002679,0.0,4.766490369E7
2026-02-18,ACC0000005338,CUST0002680,0.0,
2026-02-18,ACC0000005339,CUST0002680,0.0,4.282416575E7
2026-02-18,ACC0000005340,CUST0002680,0.0,
2026-02-18,ACC0000005341,CUST0002681,2.534942249E7,
2026-02-18,ACC0000005342,CUST0002681,0.0,
2026-02-18,ACC0000005343,CUST0002682,9644064.2,
2026-02-18,ACC0000005344,CUST0002682,0.0,
2026-02-18,ACC0000005345,CUST0002682,0.0,
2026-02-18,ACC0000005346,CUST0002683,8844690.61,
2026-02-18,ACC0000005347,CUST0002684,0.0,
2026-02-18,ACC0000005348,CUST0002684,0.0,
2026-02-18,ACC0000005349,CUST0002685,0.0,
2026-02-18,ACC0000005350,CUST0002686,2.001956617E7,
2026-02-18,ACC0000005351,CUST0002686,0.0,
2026-02-18,ACC0000005352,CUST0002686,0.0,
2026-02-18,ACC0000005353,CUST0002687,0.0,
2026-02-18,ACC0000005354,CUST0002687,0.0,
2026-02-18,ACC0000005355,CUST0002688,0.0,
2026-02-18,ACC0000005356,CUST0002689,0.0,1.506652218E7
2026-02-18,ACC0000005357,CUST0002690,0.0,
2026-02-18,ACC0000005358,CUST0002690,0.0,2.803815383E7
2026-02-18,ACC0000005359,CUST0002690,0.0,4.154664638E7
2026-02-18,ACC0000005360,CUST0002691,0.0,
2026-02-18,ACC0000005361,CUST0002691,0.0,
2026-02-18,ACC0000005362,CUST0002692,0.0,
2026-02-18,ACC0000005363,CUST0002692,0.0,
2026-02-18,ACC0000005364,CUST0002693,0.0,
2026-02-18,ACC0000005365,CUST0002693,0.0,
2026-02-18,ACC0000005366,CUST0002694,0.0,4.317439234E7
2026-02-18,ACC0000005367,CUST0002694,0.0,
2026-02-18,ACC0000005368,CUST0002694,0.0,
2026-02-18,ACC0000005369,CUST0002695,0.0,
2026-02-18,ACC0000005370,CUST0002695,0.0,
2026-02-18,ACC0000005371,CUST0002696,0.0,2.020074579E7
2026-02-18,ACC0000005372,CUST0002696,3.874952838E7,
2026-02-18,ACC0000005373,CUST0002696,0.0,
2026-02-18,ACC0000005374,CUST0002697,0.0,4.023829173E7
2026-02-18,ACC0000005375,CUST0002698,1.790234381E7,
2026-02-18,ACC0000005376,CUST0002699,0.0,4.582898597E7
2026-02-18,ACC0000005377,CUST0002699,0.0,
2026-02-18,ACC0000005378,CUST0002700,0.0,2.829797387E7
2026-02-18,ACC0000005379,CUST0002701,0.0,
2026-02-18,ACC0000005380,CUST0002701,0.0,
2026-02-18,ACC0000005381,CUST0002701,2.73971502E7,
2026-02-18,ACC0000005382,CUST0002702,0.0,1.659009449E7
2026-02-18,ACC0000005383,CUST0002703,0.0,
2026-02-18,ACC0000005384,CUST0002703,0.0,
2026-02-18,ACC0000005385,CUST0002704,3.527344416E7,
2026-02-18,ACC0000005386,CUST0002704,3.642140994E7,
2026-02-18,ACC0000005387,CUST0002704,0.0,
2026-02-18,ACC0000005388,CUST0002705,0.0,
2026-02-18,ACC0000005389,CUST0002705,0.0,
2026-02-18,ACC0000005390,CUST0002706,0.0,1.600287206E7
2026-02-18,ACC0000005391,CUST0002706,0.0,
2026-02-18,ACC0000005392,CUST0002707,0.0,
2026-02-18,ACC0000005393,CUST0002707,0.0,
2026-02-18,ACC0000005394,CUST0002707,0.0,
2026-02-18,ACC0000005395,CUST0002708,0.0,
2026-02-18,ACC0000005396,CUST0002708,0.0,
2026-02-18,ACC0000005397,CUST0002709,0.0,
2026-02-18,ACC0000005398,CUST0002709,0.0,
2026-02-18,ACC0000005399,CUST0002709,3.726903816E7,
2026-02-18,ACC0000005400,CUST0002710,3.402269139E7,
2026-02-18,ACC0000005401,CUST0002710,0.0,
2026-02-18,ACC0000005402,CUST0002711,0.0,
2026-02-18,ACC0000005403,CUST0002712,0.0,
2026-02-18,ACC0000005404,CUST0002712,0.0,
2026-02-18,ACC0000005405,CUST0002712,0.0,1.056243115E7
2026-02-18,ACC0000005406,CUST0002713,0.0,
2026-02-18,ACC0000005407,CUST0002713,0.0,
2026-02-18,ACC0000005408,CUST0002713,3.858341704E7,
2026-02-18,ACC0000005409,CUST0002714,0.0,7659037.61
2026-02-18,ACC0000005410,CUST0002714,0.0,1.681781441E7
2026-02-18,ACC0000005411,CUST0002714,0.0,
2026-02-18,ACC0000005412,CUST0002715,0.0,4.861546408E7
2026-02-18,ACC0000005413,CUST0002716,0.0,
2026-02-18,ACC0000005414,CUST0002716,0.0,
2026-02-18,ACC0000005415,CUST0002717,0.0,2.560377959E7
2026-02-18,ACC0000005416,CUST0002718,0.0,9551621.55
2026-02-18,ACC0000005417,CUST0002718,0.0,
2026-02-18,ACC0000005418,CUST0002719,0.0,
2026-02-18,ACC0000005419,CUST0002719,0.0,
2026-02-18,ACC0000005420,CUST0002719,0.0,4.436038483E7
2026-02-18,ACC0000005421,CUST0002720,0.0,
2026-02-18,ACC0000005422,CUST0002720,0.0,
2026-02-18,ACC0000005423,CUST0002721,0.0,
2026-02-18,ACC0000005424,CUST0002721,0.0,3.532292139E7
2026-02-18,ACC0000005425,CUST0002722,0.0,1.640527246E7
2026-02-18,ACC0000005426,CUST0002722,0.0,
2026-02-18,ACC0000005427,CUST0002723,0.0,1.179227993E7
2026-02-18,ACC0000005428,CUST0002723,0.0,
2026-02-18,ACC0000005429,CUST0002724,0.0,
2026-02-18,ACC0000005430,CUST0002725,0.0,7032501.51
2026-02-18,ACC0000005431,CUST0002725,0.0,
2026-02-18,ACC0000005432,CUST0002726,4.580680485E7,
2026-02-18,ACC0000005433,CUST0002726,0.0,3.017856983E7
2026-02-18,ACC0000005434,CUST0002727,0.0,
2026-02-18,ACC0000005435,CUST0002727,0.0,
2026-02-18,ACC0000005436,CUST0002728,4.692346724E7,
2026-02-18,ACC0000005437,CUST0002728,0.0,
2026-02-18,ACC0000005438,CUST0002729,8541087.15,
2026-02-18,ACC0000005439,CUST0002730,0.0,4.382195408E7
2026-02-18,ACC0000005440,CUST0002730,0.0,
2026-02-18,ACC0000005441,CUST0002730,0.0,2.412226928E7
2026-02-18,ACC0000005442,CUST0002731,0.0,3.773874906E7
2026-02-18,ACC0000005443,CUST0002731,0.0,
2026-02-18,ACC0000005444,CUST0002732,0.0,
2026-02-18,ACC0000005445,CUST0002732,0.0,1.712482105E7
2026-02-18,ACC0000005446,CUST0002733,2.634403677E7,
2026-02-18,ACC0000005447,CUST0002733,0.0,4.410535614E7
2026-02-18,ACC0000005448,CUST0002733,0.0,
2026-02-18,ACC0000005449,CUST0002734,0.0,
2026-02-18,ACC0000005450,CUST0002734,0.0,
2026-02-18,ACC0000005451,CUST0002734,4.895263093E7,
2026-02-18,ACC0000005452,CUST0002735,3.870933553E7,
2026-02-18,ACC0000005453,CUST0002735,0.0,4.014970906E7
2026-02-18,ACC0000005454,CUST0002735,1.821134082E7,
2026-02-18,ACC0000005455,CUST0002736,0.0,
2026-02-18,ACC0000005456,CUST0002736,5040601.59,
2026-02-18,ACC0000005457,CUST0002737,0.0,
2026-02-18,ACC0000005458,CUST0002737,0.0,
2026-02-18,ACC0000005459,CUST0002737,0.0,
2026-02-18,ACC0000005460,CUST0002738,0.0,
2026-02-18,ACC0000005461,CUST0002739,0.0,
2026-02-18,ACC0000005462,CUST0002739,0.0,
2026-02-18,ACC0000005463,CUST0002739,0.0,4.218749798E7
2026-02-18,ACC0000005464,CUST0002740,0.0,
2026-02-18,ACC0000005465,CUST0002740,0.0,4.738844152E7
2026-02-18,ACC0000005466,CUST0002741,2.402704607E7,
2026-02-18,ACC0000005467,CUST0002742,1.186379877E7,
2026-02-18,ACC0000005468,CUST0002742,0.0,
2026-02-18,ACC0000005469,CUST0002743,0.0,
2026-02-18,ACC0000005470,CUST0002743,0.0,3.067378746E7
2026-02-18,ACC0000005471,CUST0002744,0.0,4.409854751E7
2026-02-18,ACC0000005472,CUST0002745,1.767327478E7,
2026-02-18,ACC0000005473,CUST0002746,2.416363052E7,
2026-02-18,ACC0000005474,CUST0002747,0.0,
2026-02-18,ACC0000005475,CUST0002747,1.312718194E7,
2026-02-18,ACC0000005476,CUST0002747,0.0,
2026-02-18,ACC0000005477,CUST0002748,0.0,
2026-02-18,ACC0000005478,CUST0002749,0.0,
2026-02-18,ACC0000005479,CUST0002749,0.0,1.601438124E7
2026-02-18,ACC0000005480,CUST0002749,0.0,
2026-02-18,ACC0000005481,CUST0002750,4.222521263E7,
2026-02-18,ACC0000005482,CUST0002750,7788705.04,
2026-02-18,ACC0000005483,CUST0002751,0.0,3.148898839E7
2026-02-18,ACC0000005484,CUST0002751,0.0,
2026-02-18,ACC0000005485,CUST0002751,0.0,
2026-02-18,ACC0000005486,CUST0002752,0.0,
2026-02-18,ACC0000005487,CUST0002752,4.791589066E7,
2026-02-18,ACC0000005488,CUST0002753,1.252283144E7,
2026-02-18,ACC0000005489,CUST0002754,0.0,4.04395498E7
2026-02-18,ACC0000005490,CUST0002755,0.0,3.318666204E7
2026-02-18,ACC0000005491,CUST0002756,0.0,1.583236282E7
2026-02-18,ACC0000005492,CUST0002756,0.0,3.614840559E7
2026-02-18,ACC0000005493,CUST0002756,0.0,
2026-02-18,ACC0000005494,CUST0002757,0.0,7422315.29
2026-02-18,ACC0000005495,CUST0002757,0.0,
2026-02-18,ACC0000005496,CUST0002758,0.0,
2026-02-18,ACC0000005497,CUST0002758,0.0,
2026-02-18,ACC0000005498,CUST0002759,0.0,
2026-02-18,ACC0000005499,CUST0002759,3120183.68,
2026-02-18,ACC0000005500,CUST0002759,0.0,
2026-02-18,ACC0000005501,CUST0002760,0.0,4.86602936E7
2026-02-18,ACC0000005502,CUST0002760,0.0,
2026-02-18,ACC0000005503,CUST0002761,4.6569369E7,
2026-02-18,ACC0000005504,CUST0002761,0.0,
2026-02-18,ACC0000005505,CUST0002762,0.0,
2026-02-18,ACC0000005506,CUST0002762,0.0,
2026-02-18,ACC0000005507,CUST0002762,0.0,
2026-02-18,ACC0000005508,CUST0002763,0.0,
2026-02-18,ACC0000005509,CUST0002763,0.0,
2026-02-18,ACC0000005510,CUST0002763,2.00507447E7,
2026-02-18,ACC0000005511,CUST0002764,0.0,2.536996559E7
2026-02-18,ACC0000005512,CUST0002764,0.0,
2026-02-18,ACC0000005513,CUST0002765,1.723450296E7,
2026-02-18,ACC0000005514,CUST0002766,0.0,
2026-02-18,ACC0000005515,CUST0002766,2831902.26,
2026-02-18,ACC0000005516,CUST0002767,0.0,
2026-02-18,ACC0000005517,CUST0002767,0.0,9555175.83
2026-02-18,ACC0000005518,CUST0002768,1.360943867E7,
2026-02-18,ACC0000005519,CUST0002769,1.972439854E7,
2026-02-18,ACC0000005520,CUST0002769,0.0,
2026-02-18,ACC0000005521,CUST0002769,3.862422595E7,
2026-02-18,ACC0000005522,CUST0002770,0.0,
2026-02-18,ACC0000005523,CUST0002770,0.0,
2026-02-18,ACC0000005524,CUST0002770,0.0,
2026-02-18,ACC0000005525,CUST0002771,2295685.69,
2026-02-18,ACC0000005526,CUST0002772,0.0,
2026-02-18,ACC0000005527,CUST0002772,0.0,3.266749037E7
2026-02-18,ACC0000005528,CUST0002773,0.0,2.189936802E7
2026-02-18,ACC0000005529,CUST0002774,1.369141992E7,
2026-02-18,ACC0000005530,CUST0002774,0.0,
2026-02-18,ACC0000005531,CUST0002774,0.0,
2026-02-18,ACC0000005532,CUST0002775,0.0,
2026-02-18,ACC0000005533,CUST0002775,0.0,4.272466545E7
2026-02-18,ACC0000005534,CUST0002775,0.0,
2026-02-18,ACC0000005535,CUST0002776,0.0,
2026-02-18,ACC0000005536,CUST0002777,1.823159043E7,
2026-02-18,ACC0000005537,CUST0002778,0.0,
2026-02-18,ACC0000005538,CUST0002778,0.0,
2026-02-18,ACC0000005539,CUST0002778,0.0,
2026-02-18,ACC0000005540,CUST0002779,0.0,3.576716235E7
2026-02-18,ACC0000005541,CUST0002780,2.359552995E7,
2026-02-18,ACC0000005542,CUST0002780,4.431668666E7,
2026-02-18,ACC0000005543,CUST0002781,1.615894821E7,
2026-02-18,ACC0000005544,CUST0002781,0.0,
2026-02-18,ACC0000005545,CUST0002782,3.992186891E7,
2026-02-18,ACC0000005546,CUST0002782,4.148232726E7,
2026-02-18,ACC0000005547,CUST0002782,0.0,2.243547725E7
2026-02-18,ACC0000005548,CUST0002783,1275767.3,
2026-02-18,ACC0000005549,CUST0002783,0.0,
2026-02-18,ACC0000005550,CUST0002783,0.0,
2026-02-18,ACC0000005551,CUST0002784,0.0,
2026-02-18,ACC0000005552,CUST0002784,0.0,
2026-02-18,ACC0000005553,CUST0002784,5389559.77,
2026-02-18,ACC0000005554,CUST0002785,1798362.83,
2026-02-18,ACC0000005555,CUST0002785,0.0,
2026-02-18,ACC0000005556,CUST0002786,0.0,1.520015437E7
2026-02-18,ACC0000005557,CUST0002787,0.0,
2026-02-18,ACC0000005558,CUST0002788,0.0,2.652199496E7
2026-02-18,ACC0000005559,CUST0002789,0.0,
2026-02-18,ACC0000005560,CUST0002789,0.0,
2026-02-18,ACC0000005561,CUST0002789,2.281455572E7,
2026-02-18,ACC0000005562,CUST0002790,0.0,
2026-02-18,ACC0000005563,CUST0002790,0.0,2.352001979E7
2026-02-18,ACC0000005564,CUST0002790,0.0,
2026-02-18,ACC0000005565,CUST0002791,0.0,
2026-02-18,ACC0000005566,CUST0002792,0.0,3.253184318E7
2026-02-18,ACC0000005567,CUST0002792,3.242270464E7,
2026-02-18,ACC0000005568,CUST0002792,3.241965386E7,
2026-02-18,ACC0000005569,CUST0002793,2.110446965E7,
2026-02-18,ACC0000005570,CUST0002794,2.268287244E7,
2026-02-18,ACC0000005571,CUST0002794,0.0,
2026-02-18,ACC0000005572,CUST0002794,0.0,4.755710568E7
2026-02-18,ACC0000005573,CUST0002795,0.0,
2026-02-18,ACC0000005574,CUST0002796,0.0,
2026-02-18,ACC0000005575,CUST0002797,0.0,
2026-02-18,ACC0000005576,CUST0002797,0.0,1.481731937E7
2026-02-18,ACC0000005577,CUST0002797,0.0,
2026-02-18,ACC0000005578,CUST0002798,0.0,
2026-02-18,ACC0000005579,CUST0002799,0.0,
2026-02-18,ACC0000005580,CUST0002799,0.0,
2026-02-18,ACC0000005581,CUST0002800,0.0,3.050090714E7
2026-02-18,ACC0000005582,CUST0002801,0.0,1.224284982E7
2026-02-18,ACC0000005583,CUST0002801,2.321046233E7,
2026-02-18,ACC0000005584,CUST0002801,0.0,
2026-02-18,ACC0000005585,CUST0002802,3.636197543E7,
2026-02-18,ACC0000005586,CUST0002803,0.0,
2026-02-18,ACC0000005587,CUST0002803,0.0,
2026-02-18,ACC0000005588,CUST0002804,0.0,
2026-02-18,ACC0000005589,CUST0002805,1.232464944E7,
2026-02-18,ACC0000005590,CUST0002805,4.65970264E7,
2026-02-18,ACC0000005591,CUST0002805,0.0,
2026-02-18,ACC0000005592,CUST0002806,2.605298551E7,
2026-02-18,ACC0000005593,CUST0002806,0.0,4.150196195E7
2026-02-18,ACC0000005594,CUST0002807,1.655066483E7,
2026-02-18,ACC0000005595,CUST0002808,0.0,
2026-02-18,ACC0000005596,CUST0002809,0.0,
2026-02-18,ACC0000005597,CUST0002809,0.0,
2026-02-18,ACC0000005598,CUST0002810,0.0,
2026-02-18,ACC0000005599,CUST0002811,7712554.46,
2026-02-18,ACC0000005600,CUST0002812,3.286933918E7,
2026-02-18,ACC0000005601,CUST0002812,0.0,
2026-02-18,ACC0000005602,CUST0002812,0.0,
2026-02-18,ACC0000005603,CUST0002813,2.535522993E7,
2026-02-18,ACC0000005604,CUST0002814,0.0,
2026-02-18,ACC0000005605,CUST0002815,0.0,2.981720713E7
2026-02-18,ACC0000005606,CUST0002815,0.0,
2026-02-18,ACC0000005607,CUST0002816,0.0,
2026-02-18,ACC0000005608,CUST0002816,0.0,2.256100434E7
2026-02-18,ACC0000005609,CUST0002817,0.0,4.83693662E7
2026-02-18,ACC0000005610,CUST0002818,3.475876263E7,
2026-02-18,ACC0000005611,CUST0002818,0.0,
2026-02-18,ACC0000005612,CUST0002819,2.723353334E7,
2026-02-18,ACC0000005613,CUST0002820,0.0,3.877769089E7
2026-02-18,ACC0000005614,CUST0002820,0.0,1.737780183E7
2026-02-18,ACC0000005615,CUST0002820,0.0,
2026-02-18,ACC0000005616,CUST0002821,0.0,
2026-02-18,ACC0000005617,CUST0002821,0.0,4.196016195E7
2026-02-18,ACC0000005618,CUST0002821,0.0,
2026-02-18,ACC0000005619,CUST0002822,0.0,
2026-02-18,ACC0000005620,CUST0002822,0.0,
2026-02-18,ACC0000005621,CUST0002822,0.0,
2026-02-18,ACC0000005622,CUST0002823,0.0,
2026-02-18,ACC0000005623,CUST0002823,0.0,4.954315644E7
2026-02-18,ACC0000005624,CUST0002824,0.0,4.350523086E7
2026-02-18,ACC0000005625,CUST0002824,0.0,
2026-02-18,ACC0000005626,CUST0002824,4.0163997E7,
2026-02-18,ACC0000005627,CUST0002825,0.0,4.184442045E7
2026-02-18,ACC0000005628,CUST0002825,0.0,
2026-02-18,ACC0000005629,CUST0002825,0.0,3.304694072E7
2026-02-18,ACC0000005630,CUST0002826,0.0,
2026-02-18,ACC0000005631,CUST0002827,3.969851161E7,
2026-02-18,ACC0000005632,CUST0002827,0.0,4.340390422E7
2026-02-18,ACC0000005633,CUST0002827,0.0,3.727884018E7
2026-02-18,ACC0000005634,CUST0002828,3.823551576E7,
2026-02-18,ACC0000005635,CUST0002828,3.148491523E7,
2026-02-18,ACC0000005636,CUST0002828,0.0,
2026-02-18,ACC0000005637,CUST0002829,0.0,3.56038434E7
2026-02-18,ACC0000005638,CUST0002829,0.0,
2026-02-18,ACC0000005639,CUST0002829,0.0,2.673400345E7
2026-02-18,ACC0000005640,CUST0002830,0.0,
2026-02-18,ACC0000005641,CUST0002831,0.0,
2026-02-18,ACC0000005642,CUST0002832,0.0,6138224.28
2026-02-18,ACC0000005643,CUST0002833,2.203281373E7,
2026-02-18,ACC0000005644,CUST0002833,3.597593735E7,
2026-02-18,ACC0000005645,CUST0002833,0.0,3.463879575E7
2026-02-18,ACC0000005646,CUST0002834,0.0,
2026-02-18,ACC0000005647,CUST0002834,2823698.08,
2026-02-18,ACC0000005648,CUST0002835,3.610958613E7,
2026-02-18,ACC0000005649,CUST0002835,0.0,1.371661079E7
2026-02-18,ACC0000005650,CUST0002835,0.0,
2026-02-18,ACC0000005651,CUST0002836,0.0,2.565362591E7
2026-02-18,ACC0000005652,CUST0002836,0.0,
2026-02-18,ACC0000005653,CUST0002836,0.0,2.549526782E7
2026-02-18,ACC0000005654,CUST0002837,0.0,1.162800913E7
2026-02-18,ACC0000005655,CUST0002837,0.0,3.104338714E7
2026-02-18,ACC0000005656,CUST0002837,0.0,
2026-02-18,ACC0000005657,CUST0002838,0.0,1.515004001E7
2026-02-18,ACC0000005658,CUST0002838,0.0,
2026-02-18,ACC0000005659,CUST0002839,0.0,
2026-02-18,ACC0000005660,CUST0002839,2.714880069E7,
2026-02-18,ACC0000005661,CUST0002839,0.0,
2026-02-18,ACC0000005662,CUST0002840,0.0,
2026-02-18,ACC0000005663,CUST0002841,0.0,
2026-02-18,ACC0000005664,CUST0002841,0.0,2.336515706E7
2026-02-18,ACC0000005665,CUST0002842,0.0,
2026-02-18,ACC0000005666,CUST0002842,0.0,
2026-02-18,ACC0000005667,CUST0002843,0.0,
2026-02-18,ACC0000005668,CUST0002844,0.0,
2026-02-18,ACC0000005669,CUST0002844,0.0,
2026-02-18,ACC0000005670,CUST0002845,0.0,
2026-02-18,ACC0000005671,CUST0002845,4.363569639E7,
2026-02-18,ACC0000005672,CUST0002845,0.0,
2026-02-18,ACC0000005673,CUST0002846,0.0,
2026-02-18,ACC0000005674,CUST0002846,0.0,
2026-02-18,ACC0000005675,CUST0002846,1546442.26,
2026-02-18,ACC0000005676,CUST0002847,3.354166589E7,
2026-02-18,ACC0000005677,CUST0002847,0.0,
2026-02-18,ACC0000005678,CUST0002848,0.0,
2026-02-18,ACC0000005679,CUST0002849,0.0,
2026-02-18,ACC0000005680,CUST0002849,0.0,
2026-02-18,ACC0000005681,CUST0002849,0.0,
2026-02-18,ACC0000005682,CUST0002850,0.0,
2026-02-18,ACC0000005683,CUST0002850,0.0,
2026-02-18,ACC0000005684,CUST0002850,0.0,3.466052095E7
2026-02-18,ACC0000005685,CUST0002851,0.0,
2026-02-18,ACC0000005686,CUST0002852,0.0,
2026-02-18,ACC0000005687,CUST0002852,3.777168852E7,
2026-02-18,ACC0000005688,CUST0002853,0.0,3.736438628E7
2026-02-18,ACC0000005689,CUST0002854,1.221756586E7,
2026-02-18,ACC0000005690,CUST0002854,0.0,
2026-02-18,ACC0000005691,CUST0002855,8243008.14,
2026-02-18,ACC0000005692,CUST0002855,1.195742962E7,
2026-02-18,ACC0000005693,CUST0002856,0.0,
2026-02-18,ACC0000005694,CUST0002857,0.0,
2026-02-18,ACC0000005695,CUST0002857,0.0,
2026-02-18,ACC0000005696,CUST0002857,3.523564331E7,
2026-02-18,ACC0000005697,CUST0002858,0.0,3.829170542E7
2026-02-18,ACC0000005698,CUST0002858,0.0,
2026-02-18,ACC0000005699,CUST0002858,0.0,2.182405536E7
2026-02-18,ACC0000005700,CUST0002859,0.0,
2026-02-18,ACC0000005701,CUST0002860,0.0,
2026-02-18,ACC0000005702,CUST0002860,0.0,
2026-02-18,ACC0000005703,CUST0002861,0.0,
2026-02-18,ACC0000005704,CUST0002861,0.0,7558580.41
2026-02-18,ACC0000005705,CUST0002862,0.0,
2026-02-18,ACC0000005706,CUST0002863,4.162746404E7,
2026-02-18,ACC0000005707,CUST0002863,0.0,
2026-02-18,ACC0000005708,CUST0002864,1.527170372E7,
2026-02-18,ACC0000005709,CUST0002864,4.531138967E7,
2026-02-18,ACC0000005710,CUST0002864,1.423783809E7,
2026-02-18,ACC0000005711,CUST0002865,0.0,
2026-02-18,ACC0000005712,CUST0002865,0.0,
2026-02-18,ACC0000005713,CUST0002866,0.0,6579665.86
2026-02-18,ACC0000005714,CUST0002866,0.0,
2026-02-18,ACC0000005715,CUST0002866,0.0,
2026-02-18,ACC0000005716,CUST0002867,0.0,2.521916135E7
2026-02-18,ACC0000005717,CUST0002868,4.794669839E7,
2026-02-18,ACC0000005718,CUST0002869,0.0,
2026-02-18,ACC0000005719,CUST0002869,0.0,
2026-02-18,ACC0000005720,CUST0002869,2.151677742E7,
2026-02-18,ACC0000005721,CUST0002870,2.168851645E7,
2026-02-18,ACC0000005722,CUST0002871,2.411176927E7,
2026-02-18,ACC0000005723,CUST0002872,0.0,
2026-02-18,ACC0000005724,CUST0002872,0.0,
2026-02-18,ACC0000005725,CUST0002872,3.18971899E7,
2026-02-18,ACC0000005726,CUST0002873,0.0,5869972.66
2026-02-18,ACC0000005727,CUST0002873,1.778477307E7,
2026-02-18,ACC0000005728,CUST0002873,8830653.65,
2026-02-18,ACC0000005729,CUST0002874,7449204.79,
2026-02-18,ACC0000005730,CUST0002875,0.0,
2026-02-18,ACC0000005731,CUST0002875,4.149277925E7,
2026-02-18,ACC0000005732,CUST0002875,2.495792028E7,
2026-02-18,ACC0000005733,CUST0002876,0.0,4.512321015E7
2026-02-18,ACC0000005734,CUST0002876,0.0,
2026-02-18,ACC0000005735,CUST0002877,0.0,2.483810472E7
2026-02-18,ACC0000005736,CUST0002877,2.854938049E7,
2026-02-18,ACC0000005737,CUST0002877,0.0,
2026-02-18,ACC0000005738,CUST0002878,2.812801745E7,
2026-02-18,ACC0000005739,CUST0002879,0.0,1.331384085E7
2026-02-18,ACC0000005740,CUST0002879,0.0,
2026-02-18,ACC0000005741,CUST0002880,0.0,
2026-02-18,ACC0000005742,CUST0002881,0.0,
2026-02-18,ACC0000005743,CUST0002882,0.0,1.483095145E7
2026-02-18,ACC0000005744,CUST0002883,0.0,
2026-02-18,ACC0000005745,CUST0002883,0.0,
2026-02-18,ACC0000005746,CUST0002884,0.0,
2026-02-18,ACC0000005747,CUST0002885,2.316271279E7,
2026-02-18,ACC0000005748,CUST0002885,0.0,
2026-02-18,ACC0000005749,CUST0002885,0.0,
2026-02-18,ACC0000005750,CUST0002886,0.0,
2026-02-18,ACC0000005751,CUST0002886,0.0,
2026-02-18,ACC0000005752,CUST0002887,0.0,
2026-02-18,ACC0000005753,CUST0002888,3.65562217E7,
2026-02-18,ACC0000005754,CUST0002889,0.0,
2026-02-18,ACC0000005755,CUST0002890,0.0,
2026-02-18,ACC0000005756,CUST0002891,3.657852808E7,
2026-02-18,ACC0000005757,CUST0002891,0.0,2.634554078E7
2026-02-18,ACC0000005758,CUST0002892,0.0,1.446148833E7
2026-02-18,ACC0000005759,CUST0002893,0.0,
2026-02-18,ACC0000005760,CUST0002893,0.0,
2026-02-18,ACC0000005761,CUST0002894,0.0,
2026-02-18,ACC0000005762,CUST0002894,2.728204428E7,
2026-02-18,ACC0000005763,CUST0002895,0.0,4.606191669E7
2026-02-18,ACC0000005764,CUST0002895,0.0,1.475990108E7
2026-02-18,ACC0000005765,CUST0002896,0.0,7763981.48
2026-02-18,ACC0000005766,CUST0002896,1.25376791E7,
2026-02-18,ACC0000005767,CUST0002896,0.0,
2026-02-18,ACC0000005768,CUST0002897,0.0,
2026-02-18,ACC0000005769,CUST0002897,0.0,
2026-02-18,ACC0000005770,CUST0002897,0.0,
2026-02-18,ACC0000005771,CUST0002898,0.0,1.646246989E7
2026-02-18,ACC0000005772,CUST0002898,1.133439028E7,
2026-02-18,ACC0000005773,CUST0002899,8675988.14,
2026-02-18,ACC0000005774,CUST0002900,0.0,
2026-02-18,ACC0000005775,CUST0002900,0.0,
2026-02-18,ACC0000005776,CUST0002901,0.0,4.104842848E7
2026-02-18,ACC0000005777,CUST0002902,0.0,2.352508751E7
2026-02-18,ACC0000005778,CUST0002902,0.0,
2026-02-18,ACC0000005779,CUST0002903,4.667339741E7,
2026-02-18,ACC0000005780,CUST0002904,1.696951692E7,
2026-02-18,ACC0000005781,CUST0002904,0.0,
2026-02-18,ACC0000005782,CUST0002905,0.0,
2026-02-18,ACC0000005783,CUST0002906,0.0,
2026-02-18,ACC0000005784,CUST0002907,0.0,1.641813565E7
2026-02-18,ACC0000005785,CUST0002907,0.0,
2026-02-18,ACC0000005786,CUST0002907,0.0,
2026-02-18,ACC0000005787,CUST0002908,0.0,
2026-02-18,ACC0000005788,CUST0002908,0.0,1.701192186E7
2026-02-18,ACC0000005789,CUST0002909,0.0,
2026-02-18,ACC0000005790,CUST0002909,4.41516115E7,
2026-02-18,ACC0000005791,CUST0002909,0.0,
2026-02-18,ACC0000005792,CUST0002910,0.0,1.652836498E7
2026-02-18,ACC0000005793,CUST0002910,1.049410087E7,
2026-02-18,ACC0000005794,CUST0002911,1.220058813E7,
2026-02-18,ACC0000005795,CUST0002911,0.0,4.292883045E7
2026-02-18,ACC0000005796,CUST0002912,0.0,
2026-02-18,ACC0000005797,CUST0002912,0.0,
2026-02-18,ACC0000005798,CUST0002913,0.0,
2026-02-18,ACC0000005799,CUST0002914,4.143141448E7,
2026-02-18,ACC0000005800,CUST0002915,1.112779116E7,
2026-02-18,ACC0000005801,CUST0002916,0.0,
2026-02-18,ACC0000005802,CUST0002916,0.0,
2026-02-18,ACC0000005803,CUST0002917,0.0,
2026-02-18,ACC0000005804,CUST0002917,0.0,
2026-02-18,ACC0000005805,CUST0002917,0.0,
2026-02-18,ACC0000005806,CUST0002918,0.0,
2026-02-18,ACC0000005807,CUST0002918,0.0,9551702.99
2026-02-18,ACC0000005808,CUST0002918,0.0,
2026-02-18,ACC0000005809,CUST0002919,0.0,3.73397344E7
2026-02-18,ACC0000005810,CUST0002920,1.918520343E7,
2026-02-18,ACC0000005811,CUST0002921,0.0,
2026-02-18,ACC0000005812,CUST0002921,0.0,
2026-02-18,ACC0000005813,CUST0002922,0.0,
2026-02-18,ACC0000005814,CUST0002922,1658701.55,
2026-02-18,ACC0000005815,CUST0002922,0.0,
2026-02-18,ACC0000005816,CUST0002923,0.0,
2026-02-18,ACC0000005817,CUST0002923,0.0,
2026-02-18,ACC0000005818,CUST0002923,0.0,
2026-02-18,ACC0000005819,CUST0002924,0.0,
2026-02-18,ACC0000005820,CUST0002924,1.512779867E7,
2026-02-18,ACC0000005821,CUST0002925,0.0,
2026-02-18,ACC0000005822,CUST0002925,0.0,
2026-02-18,ACC0000005823,CUST0002926,0.0,3.207406535E7
2026-02-18,ACC0000005824,CUST0002926,0.0,4.011908078E7
2026-02-18,ACC0000005825,CUST0002927,3.061251323E7,
2026-02-18,ACC0000005826,CUST0002928,0.0,
2026-02-18,ACC0000005827,CUST0002929,0.0,
2026-02-18,ACC0000005828,CUST0002929,0.0,1.14350009E7
2026-02-18,ACC0000005829,CUST0002929,0.0,
2026-02-18,ACC0000005830,CUST0002930,0.0,
2026-02-18,ACC0000005831,CUST0002931,0.0,
2026-02-18,ACC0000005832,CUST0002931,0.0,3.351319236E7
2026-02-18,ACC0000005833,CUST0002932,0.0,1.80142029E7
2026-02-18,ACC0000005834,CUST0002932,2.354262489E7,
2026-02-18,ACC0000005835,CUST0002933,1.7197956E7,
2026-02-18,ACC0000005836,CUST0002933,0.0,
2026-02-18,ACC0000005837,CUST0002934,0.0,3.37848274E7
2026-02-18,ACC0000005838,CUST0002934,0.0,
2026-02-18,ACC0000005839,CUST0002935,0.0,2.31187203E7
2026-02-18,ACC0000005840,CUST0002935,0.0,4.093271533E7
2026-02-18,ACC0000005841,CUST0002936,0.0,
2026-02-18,ACC0000005842,CUST0002937,0.0,
2026-02-18,ACC0000005843,CUST0002938,0.0,1.748039842E7
2026-02-18,ACC0000005844,CUST0002938,0.0,
2026-02-18,ACC0000005845,CUST0002939,0.0,
2026-02-18,ACC0000005846,CUST0002939,0.0,3.573249528E7
2026-02-18,ACC0000005847,CUST0002940,0.0,
2026-02-18,ACC0000005848,CUST0002941,0.0,
2026-02-18,ACC0000005849,CUST0002942,7086983.97,
2026-02-18,ACC0000005850,CUST0002942,0.0,1.015250723E7
2026-02-18,ACC0000005851,CUST0002943,0.0,3.638093648E7
2026-02-18,ACC0000005852,CUST0002943,0.0,4.782824049E7
2026-02-18,ACC0000005853,CUST0002943,0.0,
2026-02-18,ACC0000005854,CUST0002944,0.0,
2026-02-18,ACC0000005855,CUST0002945,0.0,4.776808451E7
2026-02-18,ACC0000005856,CUST0002945,4.624663066E7,
2026-02-18,ACC0000005857,CUST0002946,0.0,3.312057333E7
2026-02-18,ACC0000005858,CUST0002946,0.0,2.25892114E7
2026-02-18,ACC0000005859,CUST0002946,0.0,3.857479543E7
2026-02-18,ACC0000005860,CUST0002947,2482738.93,
2026-02-18,ACC0000005861,CUST0002948,0.0,4.923739112E7
2026-02-18,ACC0000005862,CUST0002948,3.6397085E7,
2026-02-18,ACC0000005863,CUST0002948,3526604.67,
2026-02-18,ACC0000005864,CUST0002949,3184854.09,
2026-02-18,ACC0000005865,CUST0002949,0.0,2.430637106E7
2026-02-18,ACC0000005866,CUST0002950,0.0,
2026-02-18,ACC0000005867,CUST0002951,0.0,2.546192288E7
2026-02-18,ACC0000005868,CUST0002952,0.0,
2026-02-18,ACC0000005869,CUST0002952,0.0,
2026-02-18,ACC0000005870,CUST0002952,0.0,2.012944178E7
2026-02-18,ACC0000005871,CUST0002953,0.0,
2026-02-18,ACC0000005872,CUST0002953,0.0,
2026-02-18,ACC0000005873,CUST0002954,0.0,4.145661955E7
2026-02-18,ACC0000005874,CUST0002954,0.0,
2026-02-18,ACC0000005875,CUST0002954,1.469091338E7,
2026-02-18,ACC0000005876,CUST0002955,0.0,
2026-02-18,ACC0000005877,CUST0002955,2.991919369E7,
2026-02-18,ACC0000005878,CUST0002956,4.595407532E7,
2026-02-18,ACC0000005879,CUST0002956,0.0,4.757747387E7
2026-02-18,ACC0000005880,CUST0002957,0.0,
2026-02-18,ACC0000005881,CUST0002958,0.0,2.347619669E7
2026-02-18,ACC0000005882,CUST0002958,0.0,
2026-02-18,ACC0000005883,CUST0002958,3802175.31,
2026-02-18,ACC0000005884,CUST0002959,0.0,4.751856993E7
2026-02-18,ACC0000005885,CUST0002959,4.842556305E7,
2026-02-18,ACC0000005886,CUST0002960,0.0,
2026-02-18,ACC0000005887,CUST0002960,0.0,
2026-02-18,ACC0000005888,CUST0002961,0.0,
2026-02-18,ACC0000005889,CUST0002961,0.0,
2026-02-18,ACC0000005890,CUST0002962,7793483.99,
2026-02-18,ACC0000005891,CUST0002962,0.0,
2026-02-18,ACC0000005892,CUST0002963,0.0,
2026-02-18,ACC0000005893,CUST0002963,0.0,
2026-02-18,ACC0000005894,CUST0002963,4.295490664E7,
2026-02-18,ACC0000005895,CUST0002964,0.0,
2026-02-18,ACC0000005896,CUST0002964,0.0,2.441776929E7
2026-02-18,ACC0000005897,CUST0002964,0.0,
2026-02-18,ACC0000005898,CUST0002965,0.0,
2026-02-18,ACC0000005899,CUST0002965,0.0,7365303.77
2026-02-18,ACC0000005900,CUST0002966,0.0,
2026-02-18,ACC0000005901,CUST0002966,0.0,3.420250332E7
2026-02-18,ACC0000005902,CUST0002966,0.0,
2026-02-18,ACC0000005903,CUST0002967,3.912938724E7,
2026-02-18,ACC0000005904,CUST0002967,0.0,9478088.04
2026-02-18,ACC0000005905,CUST0002968,0.0,
2026-02-18,ACC0000005906,CUST0002969,0.0,
2026-02-18,ACC0000005907,CUST0002969,4.879020254E7,
2026-02-18,ACC0000005908,CUST0002970,0.0,4.069020232E7
2026-02-18,ACC0000005909,CUST0002971,0.0,
2026-02-18,ACC0000005910,CUST0002972,0.0,
2026-02-18,ACC0000005911,CUST0002972,0.0,
2026-02-18,ACC0000005912,CUST0002972,0.0,
2026-02-18,ACC0000005913,CUST0002973,4.784052969E7,
2026-02-18,ACC0000005914,CUST0002973,0.0,
2026-02-18,ACC0000005915,CUST0002973,0.0,
2026-02-18,ACC0000005916,CUST0002974,0.0,5278607.0
2026-02-18,ACC0000005917,CUST0002975,0.0,
2026-02-18,ACC0000005918,CUST0002975,0.0,3.359165807E7
2026-02-18,ACC0000005919,CUST0002975,0.0,
2026-02-18,ACC0000005920,CUST0002976,9754328.21,
2026-02-18,ACC0000005921,CUST0002976,0.0,1.974205863E7
2026-02-18,ACC0000005922,CUST0002977,0.0,
2026-02-18,ACC0000005923,CUST0002977,2.175619721E7,
2026-02-18,ACC0000005924,CUST0002978,0.0,
2026-02-18,ACC0000005925,CUST0002978,4782693.27,
2026-02-18,ACC0000005926,CUST0002978,0.0,
2026-02-18,ACC0000005927,CUST0002979,0.0,
2026-02-18,ACC0000005928,CUST0002979,0.0,
2026-02-18,ACC0000005929,CUST0002980,0.0,
2026-02-18,ACC0000005930,CUST0002980,0.0,
2026-02-18,ACC0000005931,CUST0002981,0.0,
2026-02-18,ACC0000005932,CUST0002981,4.972149555E7,
2026-02-18,ACC0000005933,CUST0002982,0.0,
2026-02-18,ACC0000005934,CUST0002982,0.0,
2026-02-18,ACC0000005935,CUST0002982,0.0,4.511627615E7
2026-02-18,ACC0000005936,CUST0002983,0.0,
2026-02-18,ACC0000005937,CUST0002983,0.0,
2026-02-18,ACC0000005938,CUST0002984,0.0,
2026-02-18,ACC0000005939,CUST0002984,0.0,1.078825078E7
2026-02-18,ACC0000005940,CUST0002984,0.0,
2026-02-18,ACC0000005941,CUST0002985,2.553707681E7,
2026-02-18,ACC0000005942,CUST0002986,0.0,9091215.78
2026-02-18,ACC0000005943,CUST0002986,0.0,
2026-02-18,ACC0000005944,CUST0002986,0.0,
2026-02-18,ACC0000005945,CUST0002987,0.0,2.026223382E7
2026-02-18,ACC0000005946,CUST0002987,0.0,2.516741228E7
2026-02-18,ACC0000005947,CUST0002988,0.0,
2026-02-18,ACC0000005948,CUST0002989,0.0,8894505.53
2026-02-18,ACC0000005949,CUST0002989,9511329.59,
2026-02-18,ACC0000005950,CUST0002990,0.0,
2026-02-18,ACC0000005951,CUST0002991,0.0,
2026-02-18,ACC0000005952,CUST0002991,6868894.93,
2026-02-18,ACC0000005953,CUST0002992,0.0,
2026-02-18,ACC0000005954,CUST0002992,0.0,
2026-02-18,ACC0000005955,CUST0002993,0.0,
2026-02-18,ACC0000005956,CUST0002993,0.0,
2026-02-18,ACC0000005957,CUST0002994,0.0,
2026-02-18,ACC0000005958,CUST0002994,0.0,3.292705921E7
2026-02-18,ACC0000005959,CUST0002994,0.0,
2026-02-18,ACC0000005960,CUST0002995,0.0,
2026-02-18,ACC0000005961,CUST0002996,4.048380706E7,
2026-02-18,ACC0000005962,CUST0002996,0.0,
2026-02-18,ACC0000005963,CUST0002996,0.0,4.97799101E7
2026-02-18,ACC0000005964,CUST0002997,3.137663135E7,
2026-02-18,ACC0000005965,CUST0002997,0.0,1.056629211E7
2026-02-18,ACC0000005966,CUST0002997,1.308097067E7,
2026-02-18,ACC0000005967,CUST0002998,1.019319684E7,
2026-02-18,ACC0000005968,CUST0002998,0.0,
2026-02-18,ACC0000005969,CUST0002998,0.0,
2026-02-18,ACC0000005970,CUST0002999,2.174216993E7,
2026-02-18,ACC0000005971,CUST0002999,0.0,1.393048228E7
2026-02-18,ACC0000005972,CUST0003000,0.0,
2026-02-18,ACC0000005973,CUST0003001,0.0,
2026-02-18,ACC0000005974,CUST0003001,0.0,2.434222404E7
2026-02-18,ACC0000005975,CUST0003001,0.0,3.81065086E7
2026-02-18,ACC0000005976,CUST0003002,0.0,
2026-02-18,ACC0000005977,CUST0003003,0.0,6492612.71
2026-02-18,ACC0000005978,CUST0003003,0.0,
2026-02-18,ACC0000005979,CUST0003004,0.0,
2026-02-18,ACC0000005980,CUST0003005,0.0,
2026-02-18,ACC0000005981,CUST0003005,0.0,
2026-02-18,ACC0000005982,CUST0003006,0.0,
2026-02-18,ACC0000005983,CUST0003006,0.0,2.133655267E7
2026-02-18,ACC0000005984,CUST0003007,3.084914036E7,
2026-02-18,ACC0000005985,CUST0003007,1.838118215E7,
2026-02-18,ACC0000005986,CUST0003007,0.0,
2026-02-18,ACC0000005987,CUST0003008,0.0,
2026-02-18,ACC0000005988,CUST0003009,0.0,
2026-02-18,ACC0000005989,CUST0003010,0.0,1.844499015E7
2026-02-18,ACC0000005990,CUST0003011,0.0,
2026-02-18,ACC0000005991,CUST0003011,0.0,
2026-02-18,ACC0000005992,CUST0003012,0.0,4.420059728E7
2026-02-18,ACC0000005993,CUST0003012,0.0,
2026-02-18,ACC0000005994,CUST0003012,0.0,2.648120112E7
2026-02-18,ACC0000005995,CUST0003013,3.257567068E7,
2026-02-18,ACC0000005996,CUST0003013,0.0,
2026-02-18,ACC0000005997,CUST0003014,0.0,
2026-02-18,ACC0000005998,CUST0003015,0.0,
2026-02-18,ACC0000005999,CUST0003016,0.0,1.566619874E7
2026-02-18,ACC0000006000,CUST0003016,0.0,1.068157308E7
2026-02-18,ACC0000006001,CUST0003017,0.0,
2026-02-18,ACC0000006002,CUST0003017,0.0,
2026-02-18,ACC0000006003,CUST0003017,0.0,
2026-02-18,ACC0000006004,CUST0003018,8032899.52,
2026-02-18,ACC0000006005,CUST0003018,4.820888606E7,
2026-02-18,ACC0000006006,CUST0003018,0.0,
2026-02-18,ACC0000006007,CUST0003019,0.0,2.84123896E7
2026-02-18,ACC0000006008,CUST0003020,0.0,
2026-02-18,ACC0000006009,CUST0003020,4.988102211E7,
2026-02-18,ACC0000006010,CUST0003021,0.0,3.013107735E7
2026-02-18,ACC0000006011,CUST0003021,0.0,
2026-02-18,ACC0000006012,CUST0003022,0.0,
2026-02-18,ACC0000006013,CUST0003022,0.0,
2026-02-18,ACC0000006014,CUST0003023,0.0,
2026-02-18,ACC0000006015,CUST0003024,2.407039267E7,
2026-02-18,ACC0000006016,CUST0003024,2.128283574E7,
2026-02-18,ACC0000006017,CUST0003024,0.0,
2026-02-18,ACC0000006018,CUST0003025,0.0,
2026-02-18,ACC0000006019,CUST0003026,0.0,
2026-02-18,ACC0000006020,CUST0003026,0.0,
2026-02-18,ACC0000006021,CUST0003026,0.0,5021245.87
2026-02-18,ACC0000006022,CUST0003027,0.0,
2026-02-18,ACC0000006023,CUST0003028,1.535308608E7,
2026-02-18,ACC0000006024,CUST0003028,0.0,
2026-02-18,ACC0000006025,CUST0003028,0.0,
2026-02-18,ACC0000006026,CUST0003029,0.0,
2026-02-18,ACC0000006027,CUST0003029,4.007319133E7,
2026-02-18,ACC0000006028,CUST0003030,0.0,
2026-02-18,ACC0000006029,CUST0003030,0.0,2.932618483E7
2026-02-18,ACC0000006030,CUST0003030,0.0,
2026-02-18,ACC0000006031,CUST0003031,3.780251172E7,
2026-02-18,ACC0000006032,CUST0003032,0.0,
2026-02-18,ACC0000006033,CUST0003033,0.0,
2026-02-18,ACC0000006034,CUST0003033,4.105882996E7,
2026-02-18,ACC0000006035,CUST0003033,0.0,
2026-02-18,ACC0000006036,CUST0003034,0.0,4.762294173E7
2026-02-18,ACC0000006037,CUST0003034,0.0,
2026-02-18,ACC0000006038,CUST0003035,0.0,
2026-02-18,ACC0000006039,CUST0003036,0.0,
2026-02-18,ACC0000006040,CUST0003036,4583657.56,
2026-02-18,ACC0000006041,CUST0003037,3.564427887E7,
2026-02-18,ACC0000006042,CUST0003037,1.92123333E7,
2026-02-18,ACC0000006043,CUST0003038,2.815784111E7,
2026-02-18,ACC0000006044,CUST0003038,0.0,3.285792225E7
2026-02-18,ACC0000006045,CUST0003038,0.0,8470758.06
2026-02-18,ACC0000006046,CUST0003039,0.0,
2026-02-18,ACC0000006047,CUST0003040,0.0,
2026-02-18,ACC0000006048,CUST0003041,0.0,
2026-02-18,ACC0000006049,CUST0003041,0.0,
2026-02-18,ACC0000006050,CUST0003042,0.0,
2026-02-18,ACC0000006051,CUST0003042,0.0,1.181638153E7
2026-02-18,ACC0000006052,CUST0003043,0.0,
2026-02-18,ACC0000006053,CUST0003043,2.258596764E7,
2026-02-18,ACC0000006054,CUST0003043,0.0,
2026-02-18,ACC0000006055,CUST0003044,1.504525838E7,
2026-02-18,ACC0000006056,CUST0003044,0.0,1.410864524E7
2026-02-18,ACC0000006057,CUST0003045,0.0,3.176189689E7
2026-02-18,ACC0000006058,CUST0003046,5549172.41,
2026-02-18,ACC0000006059,CUST0003047,0.0,8862382.03
2026-02-18,ACC0000006060,CUST0003047,0.0,2.658840598E7
2026-02-18,ACC0000006061,CUST0003047,0.0,
2026-02-18,ACC0000006062,CUST0003048,0.0,
2026-02-18,ACC0000006063,CUST0003049,0.0,2.90620271E7
2026-02-18,ACC0000006064,CUST0003049,2.416151808E7,
2026-02-18,ACC0000006065,CUST0003049,0.0,
2026-02-18,ACC0000006066,CUST0003050,0.0,2.599204059E7
2026-02-18,ACC0000006067,CUST0003050,0.0,4.286391601E7
2026-02-18,ACC0000006068,CUST0003050,3.534129423E7,
2026-02-18,ACC0000006069,CUST0003051,4.917247001E7,
2026-02-18,ACC0000006070,CUST0003051,0.0,
2026-02-18,ACC0000006071,CUST0003051,0.0,
2026-02-18,ACC0000006072,CUST0003052,0.0,
2026-02-18,ACC0000006073,CUST0003052,0.0,
2026-02-18,ACC0000006074,CUST0003053,0.0,
2026-02-18,ACC0000006075,CUST0003053,0.0,2.986316298E7
2026-02-18,ACC0000006076,CUST0003054,0.0,
2026-02-18,ACC0000006077,CUST0003054,1874576.48,
2026-02-18,ACC0000006078,CUST0003054,0.0,3.617322687E7
2026-02-18,ACC0000006079,CUST0003055,3.611831278E7,
2026-02-18,ACC0000006080,CUST0003055,0.0,
2026-02-18,ACC0000006081,CUST0003055,0.0,
2026-02-18,ACC0000006082,CUST0003056,1.574920139E7,
2026-02-18,ACC0000006083,CUST0003057,0.0,3.020970224E7
2026-02-18,ACC0000006084,CUST0003057,0.0,
2026-02-18,ACC0000006085,CUST0003058,2.62389538E7,
2026-02-18,ACC0000006086,CUST0003059,0.0,3.768605611E7
2026-02-18,ACC0000006087,CUST0003059,0.0,9590846.55
2026-02-18,ACC0000006088,CUST0003060,0.0,7863949.62
2026-02-18,ACC0000006089,CUST0003060,0.0,
2026-02-18,ACC0000006090,CUST0003061,0.0,
2026-02-18,ACC0000006091,CUST0003061,0.0,
2026-02-18,ACC0000006092,CUST0003062,0.0,
2026-02-18,ACC0000006093,CUST0003062,0.0,
2026-02-18,ACC0000006094,CUST0003062,0.0,
2026-02-18,ACC0000006095,CUST0003063,0.0,2.915537915E7
2026-02-18,ACC0000006096,CUST0003063,0.0,3.985172402E7
2026-02-18,ACC0000006097,CUST0003063,0.0,4.654213994E7
2026-02-18,ACC0000006098,CUST0003064,0.0,
2026-02-18,ACC0000006099,CUST0003065,0.0,
2026-02-18,ACC0000006100,CUST0003065,7062580.48,
2026-02-18,ACC0000006101,CUST0003065,0.0,
2026-02-18,ACC0000006102,CUST0003066,2.48520148E7,
2026-02-18,ACC0000006103,CUST0003066,0.0,1.877230208E7
2026-02-18,ACC0000006104,CUST0003066,0.0,
2026-02-18,ACC0000006105,CUST0003067,0.0,
2026-02-18,ACC0000006106,CUST0003068,0.0,
2026-02-18,ACC0000006107,CUST0003068,0.0,2.237484847E7
2026-02-18,ACC0000006108,CUST0003068,0.0,
2026-02-18,ACC0000006109,CUST0003069,0.0,
2026-02-18,ACC0000006110,CUST0003069,4.206565675E7,
2026-02-18,ACC0000006111,CUST0003070,0.0,
2026-02-18,ACC0000006112,CUST0003070,3.329544662E7,
2026-02-18,ACC0000006113,CUST0003071,0.0,
2026-02-18,ACC0000006114,CUST0003071,0.0,
2026-02-18,ACC0000006115,CUST0003072,0.0,3.745704772E7
2026-02-18,ACC0000006116,CUST0003073,0.0,
2026-02-18,ACC0000006117,CUST0003073,0.0,
2026-02-18,ACC0000006118,CUST0003073,1.8144641E7,
2026-02-18,ACC0000006119,CUST0003074,0.0,2.519493674E7
2026-02-18,ACC0000006120,CUST0003074,0.0,2.880945758E7
2026-02-18,ACC0000006121,CUST0003075,0.0,
2026-02-18,ACC0000006122,CUST0003075,1.092504397E7,
2026-02-18,ACC0000006123,CUST0003076,2.760940968E7,
2026-02-18,ACC0000006124,CUST0003077,0.0,
2026-02-18,ACC0000006125,CUST0003078,0.0,
2026-02-18,ACC0000006126,CUST0003078,0.0,
2026-02-18,ACC0000006127,CUST0003078,0.0,2.903650962E7
2026-02-18,ACC0000006128,CUST0003079,6289622.1,
2026-02-18,ACC0000006129,CUST0003080,0.0,
2026-02-18,ACC0000006130,CUST0003080,0.0,
2026-02-18,ACC0000006131,CUST0003081,0.0,1.965414143E7
2026-02-18,ACC0000006132,CUST0003082,0.0,4.138232112E7
2026-02-18,ACC0000006133,CUST0003083,0.0,
2026-02-18,ACC0000006134,CUST0003083,0.0,
2026-02-18,ACC0000006135,CUST0003083,0.0,
2026-02-18,ACC0000006136,CUST0003084,3.255189398E7,
2026-02-18,ACC0000006137,CUST0003084,0.0,3.222730955E7
2026-02-18,ACC0000006138,CUST0003085,0.0,
2026-02-18,ACC0000006139,CUST0003085,0.0,3.844802582E7
2026-02-18,ACC0000006140,CUST0003085,0.0,
2026-02-18,ACC0000006141,CUST0003086,0.0,
2026-02-18,ACC0000006142,CUST0003086,0.0,3.003881249E7
2026-02-18,ACC0000006143,CUST0003086,2.920535641E7,
2026-02-18,ACC0000006144,CUST0003087,0.0,4.276654494E7
2026-02-18,ACC0000006145,CUST0003088,0.0,3.658888081E7
2026-02-18,ACC0000006146,CUST0003089,0.0,2.536960533E7
2026-02-18,ACC0000006147,CUST0003089,0.0,9346313.06
2026-02-18,ACC0000006148,CUST0003089,0.0,
2026-02-18,ACC0000006149,CUST0003090,0.0,
2026-02-18,ACC0000006150,CUST0003090,0.0,2.405086553E7
2026-02-18,ACC0000006151,CUST0003091,0.0,
2026-02-18,ACC0000006152,CUST0003091,0.0,
2026-02-18,ACC0000006153,CUST0003091,0.0,
2026-02-18,ACC0000006154,CUST0003092,0.0,
2026-02-18,ACC0000006155,CUST0003093,0.0,
2026-02-18,ACC0000006156,CUST0003093,0.0,
2026-02-18,ACC0000006157,CUST0003094,0.0,
2026-02-18,ACC0000006158,CUST0003095,0.0,1.980429591E7
2026-02-18,ACC0000006159,CUST0003095,0.0,
2026-02-18,ACC0000006160,CUST0003095,0.0,
2026-02-18,ACC0000006161,CUST0003096,1.780999245E7,
2026-02-18,ACC0000006162,CUST0003096,0.0,
2026-02-18,ACC0000006163,CUST0003097,0.0,
2026-02-18,ACC0000006164,CUST0003097,0.0,3.779687427E7
2026-02-18,ACC0000006165,CUST0003098,0.0,2.059848001E7
2026-02-18,ACC0000006166,CUST0003099,0.0,
2026-02-18,ACC0000006167,CUST0003099,4545487.97,
2026-02-18,ACC0000006168,CUST0003099,0.0,2.381083214E7
2026-02-18,ACC0000006169,CUST0003100,0.0,
2026-02-18,ACC0000006170,CUST0003101,0.0,
2026-02-18,ACC0000006171,CUST0003101,0.0,
2026-02-18,ACC0000006172,CUST0003101,0.0,
2026-02-18,ACC0000006173,CUST0003102,0.0,
2026-02-18,ACC0000006174,CUST0003103,0.0,1.556284069E7
2026-02-18,ACC0000006175,CUST0003103,2.534826318E7,
2026-02-18,ACC0000006176,CUST0003103,0.0,
2026-02-18,ACC0000006177,CUST0003104,7263225.36,
2026-02-18,ACC0000006178,CUST0003104,9202089.99,
2026-02-18,ACC0000006179,CUST0003104,0.0,5419604.06
2026-02-18,ACC0000006180,CUST0003105,0.0,5325845.33
2026-02-18,ACC0000006181,CUST0003105,0.0,
2026-02-18,ACC0000006182,CUST0003105,0.0,
2026-02-18,ACC0000006183,CUST0003106,0.0,
2026-02-18,ACC0000006184,CUST0003106,0.0,
2026-02-18,ACC0000006185,CUST0003107,3.654843658E7,
2026-02-18,ACC0000006186,CUST0003108,0.0,
2026-02-18,ACC0000006187,CUST0003109,0.0,
2026-02-18,ACC0000006188,CUST0003109,0.0,
2026-02-18,ACC0000006189,CUST0003109,4398692.28,
2026-02-18,ACC0000006190,CUST0003110,0.0,
2026-02-18,ACC0000006191,CUST0003110,0.0,
2026-02-18,ACC0000006192,CUST0003110,0.0,1.396358139E7
2026-02-18,ACC0000006193,CUST0003111,0.0,
2026-02-18,ACC0000006194,CUST0003112,0.0,
2026-02-18,ACC0000006195,CUST0003113,0.0,4.603513399E7
2026-02-18,ACC0000006196,CUST0003113,0.0,
2026-02-18,ACC0000006197,CUST0003114,2.848583828E7,
2026-02-18,ACC0000006198,CUST0003115,2.101317878E7,
2026-02-18,ACC0000006199,CUST0003115,0.0,3.182142766E7
2026-02-18,ACC0000006200,CUST0003115,0.0,
2026-02-18,ACC0000006201,CUST0003116,4.49760345E7,
2026-02-18,ACC0000006202,CUST0003116,0.0,
2026-02-18,ACC0000006203,CUST0003117,0.0,
2026-02-18,ACC0000006204,CUST0003118,0.0,
2026-02-18,ACC0000006205,CUST0003119,0.0,
2026-02-18,ACC0000006206,CUST0003119,0.0,
2026-02-18,ACC0000006207,CUST0003119,0.0,3.918272222E7
2026-02-18,ACC0000006208,CUST0003120,3.537415456E7,
2026-02-18,ACC0000006209,CUST0003120,0.0,
2026-02-18,ACC0000006210,CUST0003120,2.257417045E7,
2026-02-18,ACC0000006211,CUST0003121,0.0,
2026-02-18,ACC0000006212,CUST0003121,0.0,6604503.28
2026-02-18,ACC0000006213,CUST0003121,4.059705055E7,
2026-02-18,ACC0000006214,CUST0003122,2.57898397E7,
2026-02-18,ACC0000006215,CUST0003123,0.0,
2026-02-18,ACC0000006216,CUST0003123,0.0,2.699725043E7
2026-02-18,ACC0000006217,CUST0003123,0.0,6560032.0
2026-02-18,ACC0000006218,CUST0003124,0.0,
2026-02-18,ACC0000006219,CUST0003124,0.0,
2026-02-18,ACC0000006220,CUST0003125,0.0,2.551302058E7
2026-02-18,ACC0000006221,CUST0003126,0.0,3.838743442E7
2026-02-18,ACC0000006222,CUST0003126,3.496205373E7,
2026-02-18,ACC0000006223,CUST0003126,0.0,
2026-02-18,ACC0000006224,CUST0003127,0.0,
2026-02-18,ACC0000006225,CUST0003127,2.217783544E7,
2026-02-18,ACC0000006226,CUST0003128,0.0,
2026-02-18,ACC0000006227,CUST0003129,0.0,1.209452915E7
2026-02-18,ACC0000006228,CUST0003129,0.0,
2026-02-18,ACC0000006229,CUST0003129,0.0,4.162338833E7
2026-02-18,ACC0000006230,CUST0003130,0.0,
2026-02-18,ACC0000006231,CUST0003130,0.0,
2026-02-18,ACC0000006232,CUST0003131,0.0,
2026-02-18,ACC0000006233,CUST0003131,0.0,
2026-02-18,ACC0000006234,CUST0003132,4.418251639E7,
2026-02-18,ACC0000006235,CUST0003132,2.631761401E7,
2026-02-18,ACC0000006236,CUST0003132,2.201898417E7,
2026-02-18,ACC0000006237,CUST0003133,9692320.09,
2026-02-18,ACC0000006238,CUST0003134,0.0,
2026-02-18,ACC0000006239,CUST0003134,0.0,
2026-02-18,ACC0000006240,CUST0003135,0.0,3.213158458E7
2026-02-18,ACC0000006241,CUST0003135,0.0,
2026-02-18,ACC0000006242,CUST0003135,0.0,3.244262258E7
2026-02-18,ACC0000006243,CUST0003136,0.0,1.812420925E7
2026-02-18,ACC0000006244,CUST0003136,4.126860751E7,
2026-02-18,ACC0000006245,CUST0003136,0.0,
2026-02-18,ACC0000006246,CUST0003137,8342925.07,
2026-02-18,ACC0000006247,CUST0003137,0.0,2.235209236E7
2026-02-18,ACC0000006248,CUST0003137,0.0,2.072505878E7
2026-02-18,ACC0000006249,CUST0003138,0.0,
2026-02-18,ACC0000006250,CUST0003139,0.0,
2026-02-18,ACC0000006251,CUST0003139,1.059945485E7,
2026-02-18,ACC0000006252,CUST0003140,1672871.58,
2026-02-18,ACC0000006253,CUST0003140,0.0,4.102257136E7
2026-02-18,ACC0000006254,CUST0003141,0.0,
2026-02-18,ACC0000006255,CUST0003141,0.0,3.524434729E7
2026-02-18,ACC0000006256,CUST0003141,0.0,
2026-02-18,ACC0000006257,CUST0003142,3.883661492E7,
2026-02-18,ACC0000006258,CUST0003142,0.0,
2026-02-18,ACC0000006259,CUST0003143,0.0,
2026-02-18,ACC0000006260,CUST0003143,0.0,6968568.31
2026-02-18,ACC0000006261,CUST0003144,0.0,3.173636389E7
2026-02-18,ACC0000006262,CUST0003144,0.0,
2026-02-18,ACC0000006263,CUST0003145,0.0,
2026-02-18,ACC0000006264,CUST0003146,2.159729171E7,
2026-02-18,ACC0000006265,CUST0003147,3.945576605E7,
2026-02-18,ACC0000006266,CUST0003147,0.0,
2026-02-18,ACC0000006267,CUST0003147,0.0,
2026-02-18,ACC0000006268,CUST0003148,0.0,1.207686453E7
2026-02-18,ACC0000006269,CUST0003148,0.0,2.376530686E7
2026-02-18,ACC0000006270,CUST0003149,0.0,
2026-02-18,ACC0000006271,CUST0003149,0.0,4.978512837E7
2026-02-18,ACC0000006272,CUST0003150,0.0,
2026-02-18,ACC0000006273,CUST0003150,6384526.21,
2026-02-18,ACC0000006274,CUST0003151,0.0,2.275113916E7
2026-02-18,ACC0000006275,CUST0003151,0.0,
2026-02-18,ACC0000006276,CUST0003151,0.0,
2026-02-18,ACC0000006277,CUST0003152,0.0,4.203913305E7
2026-02-18,ACC0000006278,CUST0003153,0.0,
2026-02-18,ACC0000006279,CUST0003154,8334984.72,
2026-02-18,ACC0000006280,CUST0003154,0.0,5300726.45
2026-02-18,ACC0000006281,CUST0003155,0.0,3.53129598E7
2026-02-18,ACC0000006282,CUST0003155,0.0,
2026-02-18,ACC0000006283,CUST0003155,0.0,
2026-02-18,ACC0000006284,CUST0003156,4.470190913E7,
2026-02-18,ACC0000006285,CUST0003156,0.0,3.967756757E7
2026-02-18,ACC0000006286,CUST0003157,0.0,
2026-02-18,ACC0000006287,CUST0003158,0.0,
2026-02-18,ACC0000006288,CUST0003158,0.0,
2026-02-18,ACC0000006289,CUST0003158,0.0,
2026-02-18,ACC0000006290,CUST0003159,0.0,
2026-02-18,ACC0000006291,CUST0003159,1.817855326E7,
2026-02-18,ACC0000006292,CUST0003160,0.0,
2026-02-18,ACC0000006293,CUST0003160,0.0,
2026-02-18,ACC0000006294,CUST0003161,0.0,1.024190882E7
2026-02-18,ACC0000006295,CUST0003161,0.0,
2026-02-18,ACC0000006296,CUST0003162,3.624678459E7,
2026-02-18,ACC0000006297,CUST0003162,0.0,2.045807196E7
2026-02-18,ACC0000006298,CUST0003162,0.0,
2026-02-18,ACC0000006299,CUST0003163,0.0,
2026-02-18,ACC0000006300,CUST0003163,0.0,
2026-02-18,ACC0000006301,CUST0003163,0.0,
2026-02-18,ACC0000006302,CUST0003164,0.0,
2026-02-18,ACC0000006303,CUST0003164,0.0,
2026-02-18,ACC0000006304,CUST0003164,0.0,
2026-02-18,ACC0000006305,CUST0003165,0.0,
2026-02-18,ACC0000006306,CUST0003165,0.0,
2026-02-18,ACC0000006307,CUST0003165,0.0,
2026-02-18,ACC0000006308,CUST0003166,0.0,
2026-02-18,ACC0000006309,CUST0003166,0.0,
2026-02-18,ACC0000006310,CUST0003167,3759719.55,
2026-02-18,ACC0000006311,CUST0003168,0.0,3.323145624E7
2026-02-18,ACC0000006312,CUST0003168,0.0,
2026-02-18,ACC0000006313,CUST0003169,2.515349872E7,
2026-02-18,ACC0000006314,CUST0003169,0.0,
2026-02-18,ACC0000006315,CUST0003170,0.0,
2026-02-18,ACC0000006316,CUST0003171,0.0,
2026-02-18,ACC0000006317,CUST0003171,0.0,
2026-02-18,ACC0000006318,CUST0003172,0.0,
2026-02-18,ACC0000006319,CUST0003172,0.0,
2026-02-18,ACC0000006320,CUST0003172,1.190629561E7,
2026-02-18,ACC0000006321,CUST0003173,0.0,
2026-02-18,ACC0000006322,CUST0003174,0.0,
2026-02-18,ACC0000006323,CUST0003174,2.345511855E7,
2026-02-18,ACC0000006324,CUST0003174,0.0,2.516520044E7
2026-02-18,ACC0000006325,CUST0003175,0.0,4.331762626E7
2026-02-18,ACC0000006326,CUST0003176,0.0,
2026-02-18,ACC0000006327,CUST0003176,0.0,
2026-02-18,ACC0000006328,CUST0003177,0.0,
2026-02-18,ACC0000006329,CUST0003177,0.0,
2026-02-18,ACC0000006330,CUST0003178,0.0,
2026-02-18,ACC0000006331,CUST0003178,0.0,3.861003302E7
2026-02-18,ACC0000006332,CUST0003179,1.484380128E7,
2026-02-18,ACC0000006333,CUST0003180,0.0,4.043323159E7
2026-02-18,ACC0000006334,CUST0003180,0.0,
2026-02-18,ACC0000006335,CUST0003180,7742497.01,
2026-02-18,ACC0000006336,CUST0003181,0.0,8416524.11
2026-02-18,ACC0000006337,CUST0003182,0.0,
2026-02-18,ACC0000006338,CUST0003183,0.0,
2026-02-18,ACC0000006339,CUST0003183,0.0,
2026-02-18,ACC0000006340,CUST0003184,0.0,
2026-02-18,ACC0000006341,CUST0003184,0.0,1.100253551E7
2026-02-18,ACC0000006342,CUST0003184,0.0,
2026-02-18,ACC0000006343,CUST0003185,0.0,
2026-02-18,ACC0000006344,CUST0003185,2.562060402E7,
2026-02-18,ACC0000006345,CUST0003185,0.0,
2026-02-18,ACC0000006346,CUST0003186,0.0,
2026-02-18,ACC0000006347,CUST0003187,0.0,8124870.17
2026-02-18,ACC0000006348,CUST0003187,0.0,
2026-02-18,ACC0000006349,CUST0003188,0.0,
2026-02-18,ACC0000006350,CUST0003189,0.0,
2026-02-18,ACC0000006351,CUST0003189,0.0,7718110.86
2026-02-18,ACC0000006352,CUST0003190,0.0,4.728605399E7
2026-02-18,ACC0000006353,CUST0003191,0.0,
2026-02-18,ACC0000006354,CUST0003192,0.0,2.250657001E7
2026-02-18,ACC0000006355,CUST0003192,0.0,
2026-02-18,ACC0000006356,CUST0003193,3.713891152E7,
2026-02-18,ACC0000006357,CUST0003194,3.618898525E7,
2026-02-18,ACC0000006358,CUST0003195,1.400044798E7,
2026-02-18,ACC0000006359,CUST0003195,0.0,
2026-02-18,ACC0000006360,CUST0003196,4.379472908E7,
2026-02-18,ACC0000006361,CUST0003196,0.0,
2026-02-18,ACC0000006362,CUST0003197,0.0,
2026-02-18,ACC0000006363,CUST0003197,1.021876316E7,
2026-02-18,ACC0000006364,CUST0003198,3.772780342E7,
2026-02-18,ACC0000006365,CUST0003199,0.0,7936719.34
2026-02-18,ACC0000006366,CUST0003199,0.0,3.198007264E7
2026-02-18,ACC0000006367,CUST0003200,1.065892969E7,
2026-02-18,ACC0000006368,CUST0003200,3.990582948E7,
2026-02-18,ACC0000006369,CUST0003200,3.647135133E7,
2026-02-18,ACC0000006370,CUST0003201,4.891408101E7,
2026-02-18,ACC0000006371,CUST0003201,0.0,
2026-02-18,ACC0000006372,CUST0003202,0.0,
2026-02-18,ACC0000006373,CUST0003202,3.429188284E7,
2026-02-18,ACC0000006374,CUST0003203,0.0,1.368880998E7
2026-02-18,ACC0000006375,CUST0003203,0.0,
2026-02-18,ACC0000006376,CUST0003203,0.0,4.698660172E7
2026-02-18,ACC0000006377,CUST0003204,2.076858239E7,
2026-02-18,ACC0000006378,CUST0003204,0.0,
2026-02-18,ACC0000006379,CUST0003205,6866756.35,
2026-02-18,ACC0000006380,CUST0003206,0.0,4.40814332E7
2026-02-18,ACC0000006381,CUST0003206,0.0,
2026-02-18,ACC0000006382,CUST0003206,3.450146766E7,
2026-02-18,ACC0000006383,CUST0003207,0.0,
2026-02-18,ACC0000006384,CUST0003207,0.0,
2026-02-18,ACC0000006385,CUST0003208,0.0,
2026-02-18,ACC0000006386,CUST0003208,0.0,4.786705416E7
2026-02-18,ACC0000006387,CUST0003208,0.0,2.304384544E7
2026-02-18,ACC0000006388,CUST0003209,3.878007733E7,
2026-02-18,ACC0000006389,CUST0003210,2.028673187E7,
2026-02-18,ACC0000006390,CUST0003211,1872969.44,
2026-02-18,ACC0000006391,CUST0003212,0.0,4.523919478E7
2026-02-18,ACC0000006392,CUST0003212,3.403919858E7,
2026-02-18,ACC0000006393,CUST0003213,0.0,2.34050789E7
2026-02-18,ACC0000006394,CUST0003213,0.0,
2026-02-18,ACC0000006395,CUST0003213,4.732130711E7,
2026-02-18,ACC0000006396,CUST0003214,0.0,6935726.62
2026-02-18,ACC0000006397,CUST0003215,0.0,
2026-02-18,ACC0000006398,CUST0003215,2.663508428E7,
2026-02-18,ACC0000006399,CUST0003216,0.0,
2026-02-18,ACC0000006400,CUST0003216,4003820.4,
2026-02-18,ACC0000006401,CUST0003216,0.0,1.478288715E7
2026-02-18,ACC0000006402,CUST0003217,0.0,
2026-02-18,ACC0000006403,CUST0003218,2.697386585E7,
2026-02-18,ACC0000006404,CUST0003218,0.0,4.528045324E7
2026-02-18,ACC0000006405,CUST0003219,0.0,
2026-02-18,ACC0000006406,CUST0003219,2.917709609E7,
2026-02-18,ACC0000006407,CUST0003219,0.0,
2026-02-18,ACC0000006408,CUST0003220,0.0,
2026-02-18,ACC0000006409,CUST0003221,0.0,2.278745624E7
2026-02-18,ACC0000006410,CUST0003221,0.0,
2026-02-18,ACC0000006411,CUST0003222,0.0,
2026-02-18,ACC0000006412,CUST0003222,0.0,
2026-02-18,ACC0000006413,CUST0003223,0.0,
2026-02-18,ACC0000006414,CUST0003223,4.090902036E7,
2026-02-18,ACC0000006415,CUST0003224,0.0,
2026-02-18,ACC0000006416,CUST0003224,0.0,
2026-02-18,ACC0000006417,CUST0003225,0.0,
2026-02-18,ACC0000006418,CUST0003226,9063337.6,
2026-02-18,ACC0000006419,CUST0003227,0.0,
2026-02-18,ACC0000006420,CUST0003227,0.0,8349337.4
2026-02-18,ACC0000006421,CUST0003227,0.0,
2026-02-18,ACC0000006422,CUST0003228,0.0,3.982643649E7
2026-02-18,ACC0000006423,CUST0003229,0.0,1.19097659E7
2026-02-18,ACC0000006424,CUST0003229,6608499.26,
2026-02-18,ACC0000006425,CUST0003230,3.887974205E7,
2026-02-18,ACC0000006426,CUST0003231,0.0,2.807524571E7
2026-02-18,ACC0000006427,CUST0003231,5509087.38,
2026-02-18,ACC0000006428,CUST0003231,0.0,
2026-02-18,ACC0000006429,CUST0003232,0.0,
2026-02-18,ACC0000006430,CUST0003232,0.0,
2026-02-18,ACC0000006431,CUST0003233,0.0,
2026-02-18,ACC0000006432,CUST0003233,4.992291034E7,
2026-02-18,ACC0000006433,CUST0003233,0.0,
2026-02-18,ACC0000006434,CUST0003234,3.614640356E7,
2026-02-18,ACC0000006435,CUST0003234,0.0,2.50839149E7
2026-02-18,ACC0000006436,CUST0003234,0.0,
2026-02-18,ACC0000006437,CUST0003235,0.0,
2026-02-18,ACC0000006438,CUST0003235,0.0,
2026-02-18,ACC0000006439,CUST0003235,0.0,
2026-02-18,ACC0000006440,CUST0003236,0.0,2.401178336E7
2026-02-18,ACC0000006441,CUST0003236,0.0,
2026-02-18,ACC0000006442,CUST0003236,3.402119531E7,
2026-02-18,ACC0000006443,CUST0003237,0.0,
2026-02-18,ACC0000006444,CUST0003238,0.0,2.461750231E7
2026-02-18,ACC0000006445,CUST0003239,8936900.4,
2026-02-18,ACC0000006446,CUST0003239,0.0,1.562607079E7
2026-02-18,ACC0000006447,CUST0003239,0.0,
2026-02-18,ACC0000006448,CUST0003240,0.0,1.832803885E7
2026-02-18,ACC0000006449,CUST0003241,832590.4,
2026-02-18,ACC0000006450,CUST0003241,0.0,
2026-02-18,ACC0000006451,CUST0003242,0.0,1.510150124E7
2026-02-18,ACC0000006452,CUST0003242,0.0,
2026-02-18,ACC0000006453,CUST0003242,0.0,
2026-02-18,ACC0000006454,CUST0003243,2.017091466E7,
2026-02-18,ACC0000006455,CUST0003243,0.0,1.99796235E7
2026-02-18,ACC0000006456,CUST0003244,0.0,
2026-02-18,ACC0000006457,CUST0003244,0.0,2.825305014E7
2026-02-18,ACC0000006458,CUST0003245,0.0,4.189313105E7
2026-02-18,ACC0000006459,CUST0003246,2.857632126E7,
2026-02-18,ACC0000006460,CUST0003247,1.038748532E7,
2026-02-18,ACC0000006461,CUST0003247,1.726296991E7,
2026-02-18,ACC0000006462,CUST0003247,0.0,4.153053473E7
2026-02-18,ACC0000006463,CUST0003248,0.0,4.124553634E7
2026-02-18,ACC0000006464,CUST0003248,4.520806002E7,
2026-02-18,ACC0000006465,CUST0003248,0.0,
2026-02-18,ACC0000006466,CUST0003249,0.0,
2026-02-18,ACC0000006467,CUST0003249,1.070429109E7,
2026-02-18,ACC0000006468,CUST0003250,0.0,
2026-02-18,ACC0000006469,CUST0003250,3.205676934E7,
2026-02-18,ACC0000006470,CUST0003251,0.0,3.656412124E7
2026-02-18,ACC0000006471,CUST0003251,0.0,1.67648175E7
2026-02-18,ACC0000006472,CUST0003251,0.0,
2026-02-18,ACC0000006473,CUST0003252,0.0,
2026-02-18,ACC0000006474,CUST0003252,0.0,
2026-02-18,ACC0000006475,CUST0003252,0.0,
2026-02-18,ACC0000006476,CUST0003253,0.0,
2026-02-18,ACC0000006477,CUST0003253,2.271545892E7,
2026-02-18,ACC0000006478,CUST0003254,0.0,2.721611845E7
2026-02-18,ACC0000006479,CUST0003254,0.0,
2026-02-18,ACC0000006480,CUST0003255,0.0,
2026-02-18,ACC0000006481,CUST0003256,1.228157801E7,
2026-02-18,ACC0000006482,CUST0003256,0.0,
2026-02-18,ACC0000006483,CUST0003256,1482440.98,
2026-02-18,ACC0000006484,CUST0003257,0.0,3.798193004E7
2026-02-18,ACC0000006485,CUST0003257,0.0,1.395406574E7
2026-02-18,ACC0000006486,CUST0003257,0.0,
2026-02-18,ACC0000006487,CUST0003258,0.0,
2026-02-18,ACC0000006488,CUST0003258,0.0,4.53799649E7
2026-02-18,ACC0000006489,CUST0003259,0.0,
2026-02-18,ACC0000006490,CUST0003259,0.0,2.022981988E7
2026-02-18,ACC0000006491,CUST0003259,0.0,
2026-02-18,ACC0000006492,CUST0003260,3.439192537E7,
2026-02-18,ACC0000006493,CUST0003260,0.0,
2026-02-18,ACC0000006494,CUST0003261,1.113315871E7,
2026-02-18,ACC0000006495,CUST0003262,0.0,4.564613122E7
2026-02-18,ACC0000006496,CUST0003262,3.140315026E7,
2026-02-18,ACC0000006497,CUST0003263,3.934639433E7,
2026-02-18,ACC0000006498,CUST0003264,2.674797438E7,
2026-02-18,ACC0000006499,CUST0003264,4.718327635E7,
2026-02-18,ACC0000006500,CUST0003264,0.0,
2026-02-18,ACC0000006501,CUST0003265,0.0,
2026-02-18,ACC0000006502,CUST0003265,0.0,7944332.59
2026-02-18,ACC0000006503,CUST0003266,2.787992649E7,
2026-02-18,ACC0000006504,CUST0003267,1.736136019E7,
2026-02-18,ACC0000006505,CUST0003268,0.0,3.996869276E7
2026-02-18,ACC0000006506,CUST0003268,0.0,
2026-02-18,ACC0000006507,CUST0003268,0.0,2.136007748E7
2026-02-18,ACC0000006508,CUST0003269,0.0,
2026-02-18,ACC0000006509,CUST0003269,0.0,
2026-02-18,ACC0000006510,CUST0003269,0.0,3.720978822E7
2026-02-18,ACC0000006511,CUST0003270,0.0,
2026-02-18,ACC0000006512,CUST0003270,0.0,
2026-02-18,ACC0000006513,CUST0003271,0.0,2.699805379E7
2026-02-18,ACC0000006514,CUST0003271,0.0,
2026-02-18,ACC0000006515,CUST0003271,4.6956714E7,
2026-02-18,ACC0000006516,CUST0003272,3.436915363E7,
2026-02-18,ACC0000006517,CUST0003272,0.0,
2026-02-18,ACC0000006518,CUST0003273,0.0,2.356698681E7
2026-02-18,ACC0000006519,CUST0003273,0.0,
2026-02-18,ACC0000006520,CUST0003274,3.503204075E7,
2026-02-18,ACC0000006521,CUST0003274,0.0,4.18640965E7
2026-02-18,ACC0000006522,CUST0003274,0.0,6002528.45
2026-02-18,ACC0000006523,CUST0003275,0.0,
2026-02-18,ACC0000006524,CUST0003276,3.505707123E7,
2026-02-18,ACC0000006525,CUST0003276,0.0,
2026-02-18,ACC0000006526,CUST0003277,0.0,
2026-02-18,ACC0000006527,CUST0003277,0.0,
2026-02-18,ACC0000006528,CUST0003277,0.0,4.478957224E7
2026-02-18,ACC0000006529,CUST0003278,2.155703744E7,
2026-02-18,ACC0000006530,CUST0003278,4.593964223E7,
2026-02-18,ACC0000006531,CUST0003278,0.0,
2026-02-18,ACC0000006532,CUST0003279,0.0,
2026-02-18,ACC0000006533,CUST0003279,0.0,
2026-02-18,ACC0000006534,CUST0003280,1.989626292E7,
2026-02-18,ACC0000006535,CUST0003281,3.321103826E7,
2026-02-18,ACC0000006536,CUST0003281,0.0,2.937867522E7
2026-02-18,ACC0000006537,CUST0003282,1033260.85,
2026-02-18,ACC0000006538,CUST0003282,0.0,2.821781166E7
2026-02-18,ACC0000006539,CUST0003282,0.0,4.825522823E7
2026-02-18,ACC0000006540,CUST0003283,0.0,1.020871247E7
2026-02-18,ACC0000006541,CUST0003284,0.0,
2026-02-18,ACC0000006542,CUST0003284,0.0,4.736193241E7
2026-02-18,ACC0000006543,CUST0003285,3.590397717E7,
2026-02-18,ACC0000006544,CUST0003285,0.0,
2026-02-18,ACC0000006545,CUST0003285,0.0,
2026-02-18,ACC0000006546,CUST0003286,1838169.66,
2026-02-18,ACC0000006547,CUST0003286,0.0,1.757029301E7
2026-02-18,ACC0000006548,CUST0003287,0.0,2.669791442E7
2026-02-18,ACC0000006549,CUST0003288,0.0,
2026-02-18,ACC0000006550,CUST0003289,0.0,9876845.32
2026-02-18,ACC0000006551,CUST0003290,0.0,
2026-02-18,ACC0000006552,CUST0003290,1681700.9,
2026-02-18,ACC0000006553,CUST0003290,1.335820977E7,
2026-02-18,ACC0000006554,CUST0003291,0.0,2.177045676E7
2026-02-18,ACC0000006555,CUST0003292,0.0,
2026-02-18,ACC0000006556,CUST0003292,0.0,1.982436068E7
2026-02-18,ACC0000006557,CUST0003293,4.096914656E7,
2026-02-18,ACC0000006558,CUST0003293,0.0,
2026-02-18,ACC0000006559,CUST0003293,0.0,
2026-02-18,ACC0000006560,CUST0003294,0.0,9406124.38
2026-02-18,ACC0000006561,CUST0003294,0.0,
2026-02-18,ACC0000006562,CUST0003295,0.0,
2026-02-18,ACC0000006563,CUST0003295,0.0,
2026-02-18,ACC0000006564,CUST0003296,0.0,
2026-02-18,ACC0000006565,CUST0003296,0.0,
2026-02-18,ACC0000006566,CUST0003297,0.0,
2026-02-18,ACC0000006567,CUST0003297,0.0,
2026-02-18,ACC0000006568,CUST0003298,0.0,
2026-02-18,ACC0000006569,CUST0003298,0.0,
2026-02-18,ACC0000006570,CUST0003298,2069587.06,
2026-02-18,ACC0000006571,CUST0003299,0.0,
2026-02-18,ACC0000006572,CUST0003300,0.0,
2026-02-18,ACC0000006573,CUST0003300,0.0,
2026-02-18,ACC0000006574,CUST0003301,0.0,2.162065933E7
2026-02-18,ACC0000006575,CUST0003301,0.0,
2026-02-18,ACC0000006576,CUST0003302,0.0,
2026-02-18,ACC0000006577,CUST0003302,1.288259159E7,
2026-02-18,ACC0000006578,CUST0003303,0.0,
2026-02-18,ACC0000006579,CUST0003304,0.0,
2026-02-18,ACC0000006580,CUST0003305,0.0,3.092810191E7
2026-02-18,ACC0000006581,CUST0003305,0.0,
2026-02-18,ACC0000006582,CUST0003306,0.0,
2026-02-18,ACC0000006583,CUST0003306,2.881274983E7,
2026-02-18,ACC0000006584,CUST0003307,2.67728101E7,
2026-02-18,ACC0000006585,CUST0003308,0.0,
2026-02-18,ACC0000006586,CUST0003308,0.0,4.462655315E7
2026-02-18,ACC0000006587,CUST0003309,0.0,2.411321536E7
2026-02-18,ACC0000006588,CUST0003309,0.0,
2026-02-18,ACC0000006589,CUST0003309,0.0,
2026-02-18,ACC0000006590,CUST0003310,0.0,
2026-02-18,ACC0000006591,CUST0003310,0.0,
2026-02-18,ACC0000006592,CUST0003311,0.0,
2026-02-18,ACC0000006593,CUST0003311,0.0,1.250449436E7
2026-02-18,ACC0000006594,CUST0003311,1.895241108E7,
2026-02-18,ACC0000006595,CUST0003312,0.0,
2026-02-18,ACC0000006596,CUST0003312,0.0,
2026-02-18,ACC0000006597,CUST0003312,1.807802642E7,
2026-02-18,ACC0000006598,CUST0003313,1.695789752E7,
2026-02-18,ACC0000006599,CUST0003314,0.0,
2026-02-18,ACC0000006600,CUST0003315,1.467046686E7,
2026-02-18,ACC0000006601,CUST0003315,0.0,
2026-02-18,ACC0000006602,CUST0003315,0.0,2.138554749E7
2026-02-18,ACC0000006603,CUST0003316,0.0,
2026-02-18,ACC0000006604,CUST0003316,0.0,
2026-02-18,ACC0000006605,CUST0003317,0.0,1.764746569E7
2026-02-18,ACC0000006606,CUST0003318,3.259288704E7,
2026-02-18,ACC0000006607,CUST0003318,0.0,2.626998236E7
2026-02-18,ACC0000006608,CUST0003318,3938669.16,
2026-02-18,ACC0000006609,CUST0003319,0.0,1.951833916E7
2026-02-18,ACC0000006610,CUST0003320,0.0,
2026-02-18,ACC0000006611,CUST0003320,0.0,
2026-02-18,ACC0000006612,CUST0003321,0.0,3.871099271E7
2026-02-18,ACC0000006613,CUST0003321,1.708841762E7,
2026-02-18,ACC0000006614,CUST0003321,0.0,
2026-02-18,ACC0000006615,CUST0003322,0.0,3.698000214E7
2026-02-18,ACC0000006616,CUST0003323,2.071582676E7,
2026-02-18,ACC0000006617,CUST0003323,0.0,
2026-02-18,ACC0000006618,CUST0003324,0.0,
2026-02-18,ACC0000006619,CUST0003324,0.0,
2026-02-18,ACC0000006620,CUST0003325,5063827.5,
2026-02-18,ACC0000006621,CUST0003325,4.985608859E7,
2026-02-18,ACC0000006622,CUST0003326,0.0,
2026-02-18,ACC0000006623,CUST0003326,3.495971119E7,
2026-02-18,ACC0000006624,CUST0003327,0.0,
2026-02-18,ACC0000006625,CUST0003327,0.0,3.704763033E7
2026-02-18,ACC0000006626,CUST0003328,0.0,3.885128457E7
2026-02-18,ACC0000006627,CUST0003328,0.0,
2026-02-18,ACC0000006628,CUST0003328,1.716576097E7,
2026-02-18,ACC0000006629,CUST0003329,0.0,
2026-02-18,ACC0000006630,CUST0003329,0.0,
2026-02-18,ACC0000006631,CUST0003329,0.0,
2026-02-18,ACC0000006632,CUST0003330,0.0,
2026-02-18,ACC0000006633,CUST0003331,0.0,
2026-02-18,ACC0000006634,CUST0003332,1.402842235E7,
2026-02-18,ACC0000006635,CUST0003332,0.0,
2026-02-18,ACC0000006636,CUST0003333,0.0,
2026-02-18,ACC0000006637,CUST0003334,0.0,
2026-02-18,ACC0000006638,CUST0003334,0.0,6470965.51
2026-02-18,ACC0000006639,CUST0003334,0.0,2.447112653E7
2026-02-18,ACC0000006640,CUST0003335,0.0,2.035810721E7
2026-02-18,ACC0000006641,CUST0003335,4.72869101E7,
2026-02-18,ACC0000006642,CUST0003335,0.0,
2026-02-18,ACC0000006643,CUST0003336,0.0,
2026-02-18,ACC0000006644,CUST0003337,0.0,
2026-02-18,ACC0000006645,CUST0003337,0.0,4.937704956E7
2026-02-18,ACC0000006646,CUST0003338,0.0,
2026-02-18,ACC0000006647,CUST0003339,0.0,
2026-02-18,ACC0000006648,CUST0003339,0.0,
2026-02-18,ACC0000006649,CUST0003339,0.0,2.808773798E7
2026-02-18,ACC0000006650,CUST0003340,0.0,
2026-02-18,ACC0000006651,CUST0003341,3.627494346E7,
2026-02-18,ACC0000006652,CUST0003342,0.0,
2026-02-18,ACC0000006653,CUST0003342,4.695487359E7,
2026-02-18,ACC0000006654,CUST0003343,1.219185824E7,
2026-02-18,ACC0000006655,CUST0003343,0.0,4.125405524E7
2026-02-18,ACC0000006656,CUST0003344,0.0,
2026-02-18,ACC0000006657,CUST0003344,0.0,
2026-02-18,ACC0000006658,CUST0003344,3.105282153E7,
2026-02-18,ACC0000006659,CUST0003345,0.0,
2026-02-18,ACC0000006660,CUST0003346,0.0,
2026-02-18,ACC0000006661,CUST0003346,0.0,4.915252272E7
2026-02-18,ACC0000006662,CUST0003346,0.0,
2026-02-18,ACC0000006663,CUST0003347,0.0,
2026-02-18,ACC0000006664,CUST0003347,0.0,
2026-02-18,ACC0000006665,CUST0003348,3.568130696E7,
2026-02-18,ACC0000006666,CUST0003349,0.0,
2026-02-18,ACC0000006667,CUST0003349,0.0,
2026-02-18,ACC0000006668,CUST0003350,0.0,3.651216067E7
2026-02-18,ACC0000006669,CUST0003351,0.0,
2026-02-18,ACC0000006670,CUST0003351,4.945111779E7,
2026-02-18,ACC0000006671,CUST0003352,4.722573014E7,
2026-02-18,ACC0000006672,CUST0003353,2.366314993E7,
2026-02-18,ACC0000006673,CUST0003353,0.0,4.408916187E7
2026-02-18,ACC0000006674,CUST0003353,0.0,4.445695035E7
2026-02-18,ACC0000006675,CUST0003354,0.0,
2026-02-18,ACC0000006676,CUST0003354,0.0,
2026-02-18,ACC0000006677,CUST0003354,0.0,
2026-02-18,ACC0000006678,CUST0003355,0.0,
2026-02-18,ACC0000006679,CUST0003355,2.820566814E7,
2026-02-18,ACC0000006680,CUST0003355,0.0,4.900333554E7
2026-02-18,ACC0000006681,CUST0003356,0.0,
2026-02-18,ACC0000006682,CUST0003357,3.975072704E7,
2026-02-18,ACC0000006683,CUST0003357,0.0,
2026-02-18,ACC0000006684,CUST0003357,0.0,
2026-02-18,ACC0000006685,CUST0003358,0.0,
2026-02-18,ACC0000006686,CUST0003358,3.409316659E7,
2026-02-18,ACC0000006687,CUST0003359,1.713238052E7,
2026-02-18,ACC0000006688,CUST0003360,1.101121043E7,
2026-02-18,ACC0000006689,CUST0003360,0.0,
2026-02-18,ACC0000006690,CUST0003361,0.0,
2026-02-18,ACC0000006691,CUST0003361,0.0,
2026-02-18,ACC0000006692,CUST0003362,0.0,
2026-02-18,ACC0000006693,CUST0003362,0.0,4.655838692E7
2026-02-18,ACC0000006694,CUST0003362,3.542998293E7,
2026-02-18,ACC0000006695,CUST0003363,0.0,
2026-02-18,ACC0000006696,CUST0003364,0.0,4.797488109E7
2026-02-18,ACC0000006697,CUST0003364,0.0,2.043537063E7
2026-02-18,ACC0000006698,CUST0003364,0.0,1.200588839E7
2026-02-18,ACC0000006699,CUST0003365,0.0,2.69902517E7
2026-02-18,ACC0000006700,CUST0003366,0.0,
2026-02-18,ACC0000006701,CUST0003366,2.45934424E7,
2026-02-18,ACC0000006702,CUST0003366,0.0,
2026-02-18,ACC0000006703,CUST0003367,0.0,
2026-02-18,ACC0000006704,CUST0003367,0.0,5613487.52
2026-02-18,ACC0000006705,CUST0003368,3.728523435E7,
2026-02-18,ACC0000006706,CUST0003368,0.0,
2026-02-18,ACC0000006707,CUST0003368,1.785659234E7,
2026-02-18,ACC0000006708,CUST0003369,0.0,
2026-02-18,ACC0000006709,CUST0003370,5184121.25,
2026-02-18,ACC0000006710,CUST0003371,0.0,
2026-02-18,ACC0000006711,CUST0003371,0.0,
2026-02-18,ACC0000006712,CUST0003372,0.0,
2026-02-18,ACC0000006713,CUST0003372,0.0,
2026-02-18,ACC0000006714,CUST0003372,0.0,3.627155562E7
2026-02-18,ACC0000006715,CUST0003373,0.0,
2026-02-18,ACC0000006716,CUST0003374,4.23938825E7,
2026-02-18,ACC0000006717,CUST0003374,1.369907503E7,
2026-02-18,ACC0000006718,CUST0003375,0.0,
2026-02-18,ACC0000006719,CUST0003375,0.0,
2026-02-18,ACC0000006720,CUST0003376,0.0,3.813615667E7
2026-02-18,ACC0000006721,CUST0003376,4621641.65,
2026-02-18,ACC0000006722,CUST0003376,0.0,
2026-02-18,ACC0000006723,CUST0003377,3.525509418E7,
2026-02-18,ACC0000006724,CUST0003377,0.0,
2026-02-18,ACC0000006725,CUST0003378,0.0,2.622283287E7
2026-02-18,ACC0000006726,CUST0003378,0.0,1.309853845E7
2026-02-18,ACC0000006727,CUST0003379,0.0,
2026-02-18,ACC0000006728,CUST0003379,0.0,2.637563509E7
2026-02-18,ACC0000006729,CUST0003379,0.0,
2026-02-18,ACC0000006730,CUST0003380,1329781.72,
2026-02-18,ACC0000006731,CUST0003380,0.0,
2026-02-18,ACC0000006732,CUST0003381,0.0,
2026-02-18,ACC0000006733,CUST0003381,2.665632806E7,
2026-02-18,ACC0000006734,CUST0003382,0.0,2.726005553E7
2026-02-18,ACC0000006735,CUST0003383,0.0,
2026-02-18,ACC0000006736,CUST0003384,4.344542948E7,
2026-02-18,ACC0000006737,CUST0003384,0.0,7513271.13
2026-02-18,ACC0000006738,CUST0003384,0.0,
2026-02-18,ACC0000006739,CUST0003385,3838680.52,
2026-02-18,ACC0000006740,CUST0003385,0.0,
2026-02-18,ACC0000006741,CUST0003386,0.0,
2026-02-18,ACC0000006742,CUST0003387,0.0,4.946256218E7
2026-02-18,ACC0000006743,CUST0003388,0.0,4.679723828E7
2026-02-18,ACC0000006744,CUST0003389,8781976.87,
2026-02-18,ACC0000006745,CUST0003390,0.0,6617574.49
2026-02-18,ACC0000006746,CUST0003390,0.0,
2026-02-18,ACC0000006747,CUST0003390,0.0,1.531638836E7
2026-02-18,ACC0000006748,CUST0003391,3.883841501E7,
2026-02-18,ACC0000006749,CUST0003391,0.0,
2026-02-18,ACC0000006750,CUST0003391,0.0,
2026-02-18,ACC0000006751,CUST0003392,1.493777747E7,
2026-02-18,ACC0000006752,CUST0003392,0.0,1.006363069E7
2026-02-18,ACC0000006753,CUST0003392,3.24093843E7,
2026-02-18,ACC0000006754,CUST0003393,0.0,4.258962651E7
2026-02-18,ACC0000006755,CUST0003393,0.0,
2026-02-18,ACC0000006756,CUST0003394,2.054495935E7,
2026-02-18,ACC0000006757,CUST0003395,0.0,
2026-02-18,ACC0000006758,CUST0003395,0.0,
2026-02-18,ACC0000006759,CUST0003395,0.0,
2026-02-18,ACC0000006760,CUST0003396,0.0,
2026-02-18,ACC0000006761,CUST0003396,0.0,
2026-02-18,ACC0000006762,CUST0003396,3.719582179E7,
2026-02-18,ACC0000006763,CUST0003397,0.0,
2026-02-18,ACC0000006764,CUST0003397,0.0,
2026-02-18,ACC0000006765,CUST0003398,0.0,
2026-02-18,ACC0000006766,CUST0003399,0.0,
2026-02-18,ACC0000006767,CUST0003399,0.0,
2026-02-18,ACC0000006768,CUST0003399,0.0,
2026-02-18,ACC0000006769,CUST0003400,0.0,1.825131768E7
2026-02-18,ACC0000006770,CUST0003400,4.316226882E7,
2026-02-18,ACC0000006771,CUST0003401,0.0,4.0390936E7
2026-02-18,ACC0000006772,CUST0003401,0.0,
2026-02-18,ACC0000006773,CUST0003402,0.0,
2026-02-18,ACC0000006774,CUST0003402,0.0,
2026-02-18,ACC0000006775,CUST0003402,2.999138272E7,
2026-02-18,ACC0000006776,CUST0003403,0.0,
2026-02-18,ACC0000006777,CUST0003404,0.0,
2026-02-18,ACC0000006778,CUST0003404,0.0,
2026-02-18,ACC0000006779,CUST0003404,0.0,
2026-02-18,ACC0000006780,CUST0003405,0.0,
2026-02-18,ACC0000006781,CUST0003405,0.0,2.778984906E7
2026-02-18,ACC0000006782,CUST0003405,6163806.07,
2026-02-18,ACC0000006783,CUST0003406,0.0,
2026-02-18,ACC0000006784,CUST0003406,0.0,7719015.05
2026-02-18,ACC0000006785,CUST0003406,0.0,
2026-02-18,ACC0000006786,CUST0003407,0.0,
2026-02-18,ACC0000006787,CUST0003407,3.531493599E7,
2026-02-18,ACC0000006788,CUST0003407,0.0,
2026-02-18,ACC0000006789,CUST0003408,0.0,
2026-02-18,ACC0000006790,CUST0003408,0.0,
2026-02-18,ACC0000006791,CUST0003409,0.0,
2026-02-18,ACC0000006792,CUST0003409,0.0,2.678870605E7
2026-02-18,ACC0000006793,CUST0003409,0.0,1.051480658E7
2026-02-18,ACC0000006794,CUST0003410,4.662378646E7,
2026-02-18,ACC0000006795,CUST0003410,0.0,2.216413715E7
2026-02-18,ACC0000006796,CUST0003410,4.706407486E7,
2026-02-18,ACC0000006797,CUST0003411,2.990216002E7,
2026-02-18,ACC0000006798,CUST0003411,0.0,4.552800567E7
2026-02-18,ACC0000006799,CUST0003412,0.0,9850170.08
2026-02-18,ACC0000006800,CUST0003413,0.0,
2026-02-18,ACC0000006801,CUST0003414,0.0,1.177305719E7
2026-02-18,ACC0000006802,CUST0003415,0.0,
2026-02-18,ACC0000006803,CUST0003415,0.0,
2026-02-18,ACC0000006804,CUST0003416,0.0,
2026-02-18,ACC0000006805,CUST0003416,0.0,
2026-02-18,ACC0000006806,CUST0003416,0.0,2.883344308E7
2026-02-18,ACC0000006807,CUST0003417,0.0,2.955048028E7
2026-02-18,ACC0000006808,CUST0003418,0.0,
2026-02-18,ACC0000006809,CUST0003418,0.0,
2026-02-18,ACC0000006810,CUST0003418,0.0,
2026-02-18,ACC0000006811,CUST0003419,7618016.09,
2026-02-18,ACC0000006812,CUST0003419,0.0,
2026-02-18,ACC0000006813,CUST0003420,0.0,
2026-02-18,ACC0000006814,CUST0003421,0.0,4.269809059E7
2026-02-18,ACC0000006815,CUST0003422,1.233912592E7,
2026-02-18,ACC0000006816,CUST0003422,0.0,4.898206918E7
2026-02-18,ACC0000006817,CUST0003423,0.0,3.919252297E7
2026-02-18,ACC0000006818,CUST0003424,0.0,
2026-02-18,ACC0000006819,CUST0003425,0.0,2.712525182E7
2026-02-18,ACC0000006820,CUST0003426,0.0,1.676500724E7
2026-02-18,ACC0000006821,CUST0003426,0.0,
2026-02-18,ACC0000006822,CUST0003426,0.0,3.069159625E7
2026-02-18,ACC0000006823,CUST0003427,0.0,2.963906394E7
2026-02-18,ACC0000006824,CUST0003427,0.0,
2026-02-18,ACC0000006825,CUST0003427,0.0,2.884953793E7
2026-02-18,ACC0000006826,CUST0003428,4.054622413E7,
2026-02-18,ACC0000006827,CUST0003428,0.0,
2026-02-18,ACC0000006828,CUST0003428,0.0,3.865193999E7
2026-02-18,ACC0000006829,CUST0003429,0.0,
2026-02-18,ACC0000006830,CUST0003430,0.0,
2026-02-18,ACC0000006831,CUST0003431,0.0,
2026-02-18,ACC0000006832,CUST0003432,0.0,
2026-02-18,ACC0000006833,CUST0003432,0.0,
2026-02-18,ACC0000006834,CUST0003432,0.0,3.128342609E7
2026-02-18,ACC0000006835,CUST0003433,6436326.21,
2026-02-18,ACC0000006836,CUST0003433,0.0,9887114.19
2026-02-18,ACC0000006837,CUST0003433,0.0,3.048673827E7
2026-02-18,ACC0000006838,CUST0003434,0.0,9355768.25
2026-02-18,ACC0000006839,CUST0003435,1100796.38,
2026-02-18,ACC0000006840,CUST0003435,0.0,
2026-02-18,ACC0000006841,CUST0003436,0.0,
2026-02-18,ACC0000006842,CUST0003436,0.0,
2026-02-18,ACC0000006843,CUST0003436,3.445777862E7,
2026-02-18,ACC0000006844,CUST0003437,0.0,
2026-02-18,ACC0000006845,CUST0003437,0.0,
2026-02-18,ACC0000006846,CUST0003437,0.0,2.512081837E7
2026-02-18,ACC0000006847,CUST0003438,2.806675669E7,
2026-02-18,ACC0000006848,CUST0003438,2.077864584E7,
2026-02-18,ACC0000006849,CUST0003438,3.002806859E7,
2026-02-18,ACC0000006850,CUST0003439,0.0,8922190.45
2026-02-18,ACC0000006851,CUST0003440,0.0,
2026-02-18,ACC0000006852,CUST0003440,3.359269602E7,
2026-02-18,ACC0000006853,CUST0003441,3.004451149E7,
2026-02-18,ACC0000006854,CUST0003442,1.41263478E7,
2026-02-18,ACC0000006855,CUST0003443,0.0,
2026-02-18,ACC0000006856,CUST0003443,0.0,1.855289381E7
2026-02-18,ACC0000006857,CUST0003443,0.0,
2026-02-18,ACC0000006858,CUST0003444,3.326855899E7,
2026-02-18,ACC0000006859,CUST0003445,0.0,3.362979733E7
2026-02-18,ACC0000006860,CUST0003445,0.0,
2026-02-18,ACC0000006861,CUST0003445,0.0,
2026-02-18,ACC0000006862,CUST0003446,0.0,
2026-02-18,ACC0000006863,CUST0003446,0.0,
2026-02-18,ACC0000006864,CUST0003447,0.0,3.688067723E7
2026-02-18,ACC0000006865,CUST0003448,0.0,
2026-02-18,ACC0000006866,CUST0003449,0.0,
2026-02-18,ACC0000006867,CUST0003450,0.0,9891690.07
2026-02-18,ACC0000006868,CUST0003450,0.0,
2026-02-18,ACC0000006869,CUST0003450,0.0,
2026-02-18,ACC0000006870,CUST0003451,0.0,
2026-02-18,ACC0000006871,CUST0003451,3.204033092E7,
2026-02-18,ACC0000006872,CUST0003451,0.0,3.976467779E7
2026-02-18,ACC0000006873,CUST0003452,0.0,3.46910719E7
2026-02-18,ACC0000006874,CUST0003452,0.0,
2026-02-18,ACC0000006875,CUST0003452,0.0,
2026-02-18,ACC0000006876,CUST0003453,0.0,4.820555181E7
2026-02-18,ACC0000006877,CUST0003454,0.0,3.52315338E7
2026-02-18,ACC0000006878,CUST0003455,1.362273732E7,
2026-02-18,ACC0000006879,CUST0003456,0.0,
2026-02-18,ACC0000006880,CUST0003456,0.0,4.261804152E7
2026-02-18,ACC0000006881,CUST0003457,0.0,
2026-02-18,ACC0000006882,CUST0003457,0.0,
2026-02-18,ACC0000006883,CUST0003458,0.0,
2026-02-18,ACC0000006884,CUST0003458,3.779926799E7,
2026-02-18,ACC0000006885,CUST0003458,0.0,2.493448241E7
2026-02-18,ACC0000006886,CUST0003459,3.32041522E7,
2026-02-18,ACC0000006887,CUST0003459,0.0,4.258573064E7
2026-02-18,ACC0000006888,CUST0003460,3.501652425E7,
2026-02-18,ACC0000006889,CUST0003461,4.822785106E7,
2026-02-18,ACC0000006890,CUST0003462,0.0,
2026-02-18,ACC0000006891,CUST0003463,0.0,
2026-02-18,ACC0000006892,CUST0003463,0.0,
2026-02-18,ACC0000006893,CUST0003463,0.0,
2026-02-18,ACC0000006894,CUST0003464,2.810442744E7,
2026-02-18,ACC0000006895,CUST0003465,0.0,
2026-02-18,ACC0000006896,CUST0003466,0.0,
2026-02-18,ACC0000006897,CUST0003466,0.0,3.592047772E7
2026-02-18,ACC0000006898,CUST0003467,0.0,7570288.55
2026-02-18,ACC0000006899,CUST0003467,0.0,1.028892309E7
2026-02-18,ACC0000006900,CUST0003468,2.634660168E7,
2026-02-18,ACC0000006901,CUST0003468,3.73693943E7,
2026-02-18,ACC0000006902,CUST0003468,1.23159479E7,
2026-02-18,ACC0000006903,CUST0003469,1.618603059E7,
2026-02-18,ACC0000006904,CUST0003469,0.0,
2026-02-18,ACC0000006905,CUST0003470,0.0,1.917273311E7
2026-02-18,ACC0000006906,CUST0003471,0.0,2.910322913E7
2026-02-18,ACC0000006907,CUST0003471,0.0,
2026-02-18,ACC0000006908,CUST0003472,0.0,2.506951391E7
2026-02-18,ACC0000006909,CUST0003472,0.0,
2026-02-18,ACC0000006910,CUST0003472,0.0,
2026-02-18,ACC0000006911,CUST0003473,0.0,
2026-02-18,ACC0000006912,CUST0003474,0.0,
2026-02-18,ACC0000006913,CUST0003474,0.0,
2026-02-18,ACC0000006914,CUST0003475,0.0,4.31503878E7
2026-02-18,ACC0000006915,CUST0003475,2.140873132E7,
2026-02-18,ACC0000006916,CUST0003476,0.0,
2026-02-18,ACC0000006917,CUST0003477,0.0,
2026-02-18,ACC0000006918,CUST0003478,0.0,
2026-02-18,ACC0000006919,CUST0003478,4.394414265E7,
2026-02-18,ACC0000006920,CUST0003478,0.0,1.955033325E7
2026-02-18,ACC0000006921,CUST0003479,3.787415226E7,
2026-02-18,ACC0000006922,CUST0003479,0.0,9325210.75
2026-02-18,ACC0000006923,CUST0003479,0.0,
2026-02-18,ACC0000006924,CUST0003480,0.0,
2026-02-18,ACC0000006925,CUST0003480,0.0,
2026-02-18,ACC0000006926,CUST0003481,0.0,
2026-02-18,ACC0000006927,CUST0003482,0.0,
2026-02-18,ACC0000006928,CUST0003482,0.0,3.520657029E7
2026-02-18,ACC0000006929,CUST0003482,4.100679542E7,
2026-02-18,ACC0000006930,CUST0003483,0.0,1.575840304E7
2026-02-18,ACC0000006931,CUST0003483,0.0,
2026-02-18,ACC0000006932,CUST0003484,0.0,3.512242546E7
2026-02-18,ACC0000006933,CUST0003484,8751179.03,
2026-02-18,ACC0000006934,CUST0003485,0.0,4.816954973E7
2026-02-18,ACC0000006935,CUST0003486,0.0,
2026-02-18,ACC0000006936,CUST0003487,0.0,
2026-02-18,ACC0000006937,CUST0003488,0.0,
2026-02-18,ACC0000006938,CUST0003488,0.0,
2026-02-18,ACC0000006939,CUST0003489,0.0,1.742935484E7
2026-02-18,ACC0000006940,CUST0003489,0.0,2.834832622E7
2026-02-18,ACC0000006941,CUST0003490,1.60170507E7,
2026-02-18,ACC0000006942,CUST0003491,0.0,
2026-02-18,ACC0000006943,CUST0003491,0.0,
2026-02-18,ACC0000006944,CUST0003492,1.020618355E7,
2026-02-18,ACC0000006945,CUST0003492,0.0,
2026-02-18,ACC0000006946,CUST0003493,0.0,7847821.64
2026-02-18,ACC0000006947,CUST0003493,0.0,4.329485487E7
2026-02-18,ACC0000006948,CUST0003494,0.0,
2026-02-18,ACC0000006949,CUST0003494,0.0,7189148.21
2026-02-18,ACC0000006950,CUST0003494,0.0,
2026-02-18,ACC0000006951,CUST0003495,0.0,
2026-02-18,ACC0000006952,CUST0003496,2122007.76,
2026-02-18,ACC0000006953,CUST0003496,4.767462545E7,
2026-02-18,ACC0000006954,CUST0003497,1.520926474E7,
2026-02-18,ACC0000006955,CUST0003498,0.0,
2026-02-18,ACC0000006956,CUST0003499,0.0,2.648610099E7
2026-02-18,ACC0000006957,CUST0003499,5216011.38,
2026-02-18,ACC0000006958,CUST0003500,0.0,1.527862998E7
2026-02-18,ACC0000006959,CUST0003501,0.0,
2026-02-18,ACC0000006960,CUST0003501,0.0,
2026-02-18,ACC0000006961,CUST0003501,0.0,
2026-02-18,ACC0000006962,CUST0003502,0.0,
2026-02-18,ACC0000006963,CUST0003502,0.0,
2026-02-18,ACC0000006964,CUST0003503,1.981807738E7,
2026-02-18,ACC0000006965,CUST0003504,4.680903339E7,
2026-02-18,ACC0000006966,CUST0003505,8228769.69,
2026-02-18,ACC0000006967,CUST0003505,0.0,2.242276164E7
2026-02-18,ACC0000006968,CUST0003506,2.407374352E7,
2026-02-18,ACC0000006969,CUST0003506,2.385339474E7,
2026-02-18,ACC0000006970,CUST0003506,0.0,
2026-02-18,ACC0000006971,CUST0003507,0.0,
2026-02-18,ACC0000006972,CUST0003508,0.0,
2026-02-18,ACC0000006973,CUST0003508,0.0,
2026-02-18,ACC0000006974,CUST0003509,0.0,4.322517666E7
2026-02-18,ACC0000006975,CUST0003509,0.0,4.249023167E7
2026-02-18,ACC0000006976,CUST0003510,0.0,
2026-02-18,ACC0000006977,CUST0003510,3.613149458E7,
2026-02-18,ACC0000006978,CUST0003511,0.0,1.895311284E7
2026-02-18,ACC0000006979,CUST0003511,0.0,
2026-02-18,ACC0000006980,CUST0003512,4794668.29,
2026-02-18,ACC0000006981,CUST0003512,2.823271097E7,
2026-02-18,ACC0000006982,CUST0003512,0.0,
2026-02-18,ACC0000006983,CUST0003513,2.515618079E7,
2026-02-18,ACC0000006984,CUST0003514,0.0,
2026-02-18,ACC0000006985,CUST0003515,3.841407491E7,
2026-02-18,ACC0000006986,CUST0003515,0.0,3.947517655E7
2026-02-18,ACC0000006987,CUST0003515,0.0,
2026-02-18,ACC0000006988,CUST0003516,0.0,3.419656898E7
2026-02-18,ACC0000006989,CUST0003517,3.824407409E7,
2026-02-18,ACC0000006990,CUST0003517,0.0,
2026-02-18,ACC0000006991,CUST0003517,6965817.32,
2026-02-18,ACC0000006992,CUST0003518,0.0,
2026-02-18,ACC0000006993,CUST0003518,0.0,1.624701817E7
2026-02-18,ACC0000006994,CUST0003518,0.0,
2026-02-18,ACC0000006995,CUST0003519,0.0,1.189822748E7
2026-02-18,ACC0000006996,CUST0003520,4667129.53,
2026-02-18,ACC0000006997,CUST0003520,0.0,2.296190523E7
2026-02-18,ACC0000006998,CUST0003521,0.0,
2026-02-18,ACC0000006999,CUST0003521,0.0,
2026-02-18,ACC0000007000,CUST0003521,0.0,
2026-02-18,ACC0000007001,CUST0003522,0.0,5970940.42
2026-02-18,ACC0000007002,CUST0003522,0.0,
2026-02-18,ACC0000007003,CUST0003523,0.0,
2026-02-18,ACC0000007004,CUST0003523,0.0,
2026-02-18,ACC0000007005,CUST0003524,0.0,
2026-02-18,ACC0000007006,CUST0003524,0.0,
2026-02-18,ACC0000007007,CUST0003524,0.0,
2026-02-18,ACC0000007008,CUST0003525,0.0,
2026-02-18,ACC0000007009,CUST0003525,0.0,3.347510281E7
2026-02-18,ACC0000007010,CUST0003525,1.213966949E7,
2026-02-18,ACC0000007011,CUST0003526,0.0,
2026-02-18,ACC0000007012,CUST0003527,0.0,2.486820931E7
2026-02-18,ACC0000007013,CUST0003527,0.0,4.944526637E7
2026-02-18,ACC0000007014,CUST0003527,0.0,1.689175232E7
2026-02-18,ACC0000007015,CUST0003528,0.0,
2026-02-18,ACC0000007016,CUST0003528,0.0,
2026-02-18,ACC0000007017,CUST0003529,2.768861211E7,
2026-02-18,ACC0000007018,CUST0003529,1.828820383E7,
2026-02-18,ACC0000007019,CUST0003530,6650856.47,
2026-02-18,ACC0000007020,CUST0003530,4.595690428E7,
2026-02-18,ACC0000007021,CUST0003531,3.35876875E7,
2026-02-18,ACC0000007022,CUST0003531,0.0,
2026-02-18,ACC0000007023,CUST0003532,0.0,
2026-02-18,ACC0000007024,CUST0003532,0.0,
2026-02-18,ACC0000007025,CUST0003533,0.0,1.948640377E7
2026-02-18,ACC0000007026,CUST0003533,0.0,4.166367538E7
2026-02-18,ACC0000007027,CUST0003534,0.0,9650077.02
2026-02-18,ACC0000007028,CUST0003534,0.0,3.85310252E7
2026-02-18,ACC0000007029,CUST0003535,3.860485539E7,
2026-02-18,ACC0000007030,CUST0003536,0.0,
2026-02-18,ACC0000007031,CUST0003536,725189.79,
2026-02-18,ACC0000007032,CUST0003536,1.734834299E7,
2026-02-18,ACC0000007033,CUST0003537,0.0,
2026-02-18,ACC0000007034,CUST0003537,0.0,
2026-02-18,ACC0000007035,CUST0003538,0.0,1.556774706E7
2026-02-18,ACC0000007036,CUST0003538,0.0,
2026-02-18,ACC0000007037,CUST0003538,0.0,
2026-02-18,ACC0000007038,CUST0003539,0.0,
2026-02-18,ACC0000007039,CUST0003540,0.0,
2026-02-18,ACC0000007040,CUST0003540,0.0,
2026-02-18,ACC0000007041,CUST0003540,0.0,
2026-02-18,ACC0000007042,CUST0003541,3409614.44,
2026-02-18,ACC0000007043,CUST0003541,0.0,4.876934103E7
2026-02-18,ACC0000007044,CUST0003542,0.0,2.585461259E7
2026-02-18,ACC0000007045,CUST0003542,0.0,
2026-02-18,ACC0000007046,CUST0003543,0.0,7886282.1
2026-02-18,ACC0000007047,CUST0003544,0.0,
2026-02-18,ACC0000007048,CUST0003544,0.0,
2026-02-18,ACC0000007049,CUST0003544,0.0,
2026-02-18,ACC0000007050,CUST0003545,0.0,1.2817701E7
2026-02-18,ACC0000007051,CUST0003546,0.0,
2026-02-18,ACC0000007052,CUST0003546,0.0,
2026-02-18,ACC0000007053,CUST0003547,0.0,
2026-02-18,ACC0000007054,CUST0003547,1630616.38,
2026-02-18,ACC0000007055,CUST0003548,0.0,
2026-02-18,ACC0000007056,CUST0003548,2.723943736E7,
2026-02-18,ACC0000007057,CUST0003549,0.0,
2026-02-18,ACC0000007058,CUST0003550,0.0,
2026-02-18,ACC0000007059,CUST0003550,0.0,
2026-02-18,ACC0000007060,CUST0003551,0.0,1.712543665E7
2026-02-18,ACC0000007061,CUST0003551,0.0,
2026-02-18,ACC0000007062,CUST0003551,0.0,
2026-02-18,ACC0000007063,CUST0003552,0.0,
2026-02-18,ACC0000007064,CUST0003553,0.0,3.334694353E7
2026-02-18,ACC0000007065,CUST0003553,0.0,
2026-02-18,ACC0000007066,CUST0003553,0.0,
2026-02-18,ACC0000007067,CUST0003554,0.0,
2026-02-18,ACC0000007068,CUST0003555,0.0,4.804874592E7
2026-02-18,ACC0000007069,CUST0003556,0.0,
2026-02-18,ACC0000007070,CUST0003556,0.0,
2026-02-18,ACC0000007071,CUST0003557,0.0,3.240842278E7
2026-02-18,ACC0000007072,CUST0003557,0.0,
2026-02-18,ACC0000007073,CUST0003558,0.0,
2026-02-18,ACC0000007074,CUST0003558,4.524145269E7,
2026-02-18,ACC0000007075,CUST0003559,0.0,
2026-02-18,ACC0000007076,CUST0003559,0.0,
2026-02-18,ACC0000007077,CUST0003559,3740612.17,
2026-02-18,ACC0000007078,CUST0003560,4.714350873E7,
2026-02-18,ACC0000007079,CUST0003560,0.0,
2026-02-18,ACC0000007080,CUST0003561,0.0,
2026-02-18,ACC0000007081,CUST0003561,0.0,
2026-02-18,ACC0000007082,CUST0003562,1.632334998E7,
2026-02-18,ACC0000007083,CUST0003563,0.0,
2026-02-18,ACC0000007084,CUST0003563,0.0,3.886163928E7
2026-02-18,ACC0000007085,CUST0003564,0.0,
2026-02-18,ACC0000007086,CUST0003564,0.0,
2026-02-18,ACC0000007087,CUST0003564,0.0,
2026-02-18,ACC0000007088,CUST0003565,0.0,9396296.03
2026-02-18,ACC0000007089,CUST0003566,0.0,
2026-02-18,ACC0000007090,CUST0003566,4.597353991E7,
2026-02-18,ACC0000007091,CUST0003567,0.0,3.347515033E7
2026-02-18,ACC0000007092,CUST0003568,0.0,4.543282654E7
2026-02-18,ACC0000007093,CUST0003569,0.0,
2026-02-18,ACC0000007094,CUST0003569,0.0,
2026-02-18,ACC0000007095,CUST0003569,0.0,
2026-02-18,ACC0000007096,CUST0003570,0.0,1.677561854E7
2026-02-18,ACC0000007097,CUST0003571,0.0,
2026-02-18,ACC0000007098,CUST0003571,0.0,3.881788599E7
2026-02-18,ACC0000007099,CUST0003572,0.0,
2026-02-18,ACC0000007100,CUST0003572,3.18968596E7,
2026-02-18,ACC0000007101,CUST0003573,0.0,3.03432849E7
2026-02-18,ACC0000007102,CUST0003573,1.43538139E7,
2026-02-18,ACC0000007103,CUST0003574,0.0,
2026-02-18,ACC0000007104,CUST0003575,0.0,
2026-02-18,ACC0000007105,CUST0003576,4.536541583E7,
2026-02-18,ACC0000007106,CUST0003576,0.0,
2026-02-18,ACC0000007107,CUST0003576,0.0,
2026-02-18,ACC0000007108,CUST0003577,0.0,
2026-02-18,ACC0000007109,CUST0003577,0.0,
2026-02-18,ACC0000007110,CUST0003578,0.0,3.588088115E7
2026-02-18,ACC0000007111,CUST0003579,0.0,
2026-02-18,ACC0000007112,CUST0003580,0.0,3.806979076E7
2026-02-18,ACC0000007113,CUST0003580,0.0,
2026-02-18,ACC0000007114,CUST0003581,0.0,3.516029892E7
2026-02-18,ACC0000007115,CUST0003582,0.0,
2026-02-18,ACC0000007116,CUST0003582,0.0,
2026-02-18,ACC0000007117,CUST0003582,1.375156063E7,
2026-02-18,ACC0000007118,CUST0003583,0.0,
2026-02-18,ACC0000007119,CUST0003584,0.0,2.819802013E7
2026-02-18,ACC0000007120,CUST0003584,3.906502411E7,
2026-02-18,ACC0000007121,CUST0003584,3.254621254E7,
2026-02-18,ACC0000007122,CUST0003585,0.0,
2026-02-18,ACC0000007123,CUST0003586,0.0,2.342591274E7
2026-02-18,ACC0000007124,CUST0003586,0.0,3.780576816E7
2026-02-18,ACC0000007125,CUST0003587,0.0,
2026-02-18,ACC0000007126,CUST0003587,1.47721209E7,
2026-02-18,ACC0000007127,CUST0003587,0.0,7226368.83
2026-02-18,ACC0000007128,CUST0003588,0.0,1.057309429E7
2026-02-18,ACC0000007129,CUST0003588,1.68519401E7,
2026-02-18,ACC0000007130,CUST0003589,8442705.64,
2026-02-18,ACC0000007131,CUST0003589,0.0,
2026-02-18,ACC0000007132,CUST0003589,2.175415849E7,
2026-02-18,ACC0000007133,CUST0003590,0.0,3.689324371E7
2026-02-18,ACC0000007134,CUST0003591,0.0,
2026-02-18,ACC0000007135,CUST0003591,0.0,
2026-02-18,ACC0000007136,CUST0003592,2.006057696E7,
2026-02-18,ACC0000007137,CUST0003593,0.0,1.422736727E7
2026-02-18,ACC0000007138,CUST0003594,4.734977378E7,
2026-02-18,ACC0000007139,CUST0003594,3.725107503E7,
2026-02-18,ACC0000007140,CUST0003595,0.0,2.869888206E7
2026-02-18,ACC0000007141,CUST0003595,1.168810607E7,
2026-02-18,ACC0000007142,CUST0003595,1.509558249E7,
2026-02-18,ACC0000007143,CUST0003596,0.0,
2026-02-18,ACC0000007144,CUST0003596,0.0,
2026-02-18,ACC0000007145,CUST0003597,0.0,
2026-02-18,ACC0000007146,CUST0003598,0.0,4.087431903E7
2026-02-18,ACC0000007147,CUST0003598,0.0,
2026-02-18,ACC0000007148,CUST0003599,0.0,
2026-02-18,ACC0000007149,CUST0003599,0.0,
2026-02-18,ACC0000007150,CUST0003600,0.0,
2026-02-18,ACC0000007151,CUST0003600,0.0,
2026-02-18,ACC0000007152,CUST0003601,7669535.55,
2026-02-18,ACC0000007153,CUST0003601,0.0,
2026-02-18,ACC0000007154,CUST0003602,0.0,3.269183704E7
2026-02-18,ACC0000007155,CUST0003602,0.0,
2026-02-18,ACC0000007156,CUST0003602,1419783.8,
2026-02-18,ACC0000007157,CUST0003603,0.0,4.13161231E7
2026-02-18,ACC0000007158,CUST0003603,0.0,
2026-02-18,ACC0000007159,CUST0003603,0.0,2.295270445E7
2026-02-18,ACC0000007160,CUST0003604,0.0,
2026-02-18,ACC0000007161,CUST0003604,0.0,
2026-02-18,ACC0000007162,CUST0003604,0.0,
2026-02-18,ACC0000007163,CUST0003605,0.0,1.367491475E7
2026-02-18,ACC0000007164,CUST0003606,4.44983175E7,
2026-02-18,ACC0000007165,CUST0003607,1.146463293E7,
2026-02-18,ACC0000007166,CUST0003608,0.0,
2026-02-18,ACC0000007167,CUST0003608,0.0,
2026-02-18,ACC0000007168,CUST0003608,0.0,
2026-02-18,ACC0000007169,CUST0003609,0.0,
2026-02-18,ACC0000007170,CUST0003609,5591331.56,
2026-02-18,ACC0000007171,CUST0003609,0.0,
2026-02-18,ACC0000007172,CUST0003610,0.0,4.499171534E7
2026-02-18,ACC0000007173,CUST0003610,0.0,2.572342432E7
2026-02-18,ACC0000007174,CUST0003611,0.0,
2026-02-18,ACC0000007175,CUST0003612,0.0,
2026-02-18,ACC0000007176,CUST0003612,0.0,
2026-02-18,ACC0000007177,CUST0003613,0.0,
2026-02-18,ACC0000007178,CUST0003613,0.0,
2026-02-18,ACC0000007179,CUST0003613,0.0,
2026-02-18,ACC0000007180,CUST0003614,0.0,
2026-02-18,ACC0000007181,CUST0003614,2.473472274E7,
2026-02-18,ACC0000007182,CUST0003614,0.0,1.287141575E7
2026-02-18,ACC0000007183,CUST0003615,1999150.33,
2026-02-18,ACC0000007184,CUST0003615,0.0,3.498577862E7
2026-02-18,ACC0000007185,CUST0003616,0.0,3.461479788E7
2026-02-18,ACC0000007186,CUST0003616,0.0,1.843354675E7
2026-02-18,ACC0000007187,CUST0003616,0.0,4.985589714E7
2026-02-18,ACC0000007188,CUST0003617,0.0,
2026-02-18,ACC0000007189,CUST0003617,0.0,2.410314217E7
2026-02-18,ACC0000007190,CUST0003618,0.0,3.079829348E7
2026-02-18,ACC0000007191,CUST0003618,0.0,
2026-02-18,ACC0000007192,CUST0003618,0.0,
2026-02-18,ACC0000007193,CUST0003619,0.0,1.823719183E7
2026-02-18,ACC0000007194,CUST0003620,0.0,
2026-02-18,ACC0000007195,CUST0003620,0.0,
2026-02-18,ACC0000007196,CUST0003620,0.0,
2026-02-18,ACC0000007197,CUST0003621,3.082898888E7,
2026-02-18,ACC0000007198,CUST0003621,0.0,
2026-02-18,ACC0000007199,CUST0003622,1.039818934E7,
2026-02-18,ACC0000007200,CUST0003623,0.0,
2026-02-18,ACC0000007201,CUST0003623,0.0,2.003268019E7
2026-02-18,ACC0000007202,CUST0003624,0.0,
2026-02-18,ACC0000007203,CUST0003624,0.0,3.258460447E7
2026-02-18,ACC0000007204,CUST0003624,0.0,
2026-02-18,ACC0000007205,CUST0003625,0.0,2.887268887E7
2026-02-18,ACC0000007206,CUST0003625,0.0,
2026-02-18,ACC0000007207,CUST0003626,0.0,
2026-02-18,ACC0000007208,CUST0003626,0.0,
2026-02-18,ACC0000007209,CUST0003627,0.0,4.398945704E7
2026-02-18,ACC0000007210,CUST0003627,0.0,4.74656344E7
2026-02-18,ACC0000007211,CUST0003628,0.0,
2026-02-18,ACC0000007212,CUST0003629,0.0,
2026-02-18,ACC0000007213,CUST0003630,0.0,
2026-02-18,ACC0000007214,CUST0003630,0.0,
2026-02-18,ACC0000007215,CUST0003631,0.0,
2026-02-18,ACC0000007216,CUST0003632,0.0,
2026-02-18,ACC0000007217,CUST0003632,0.0,
2026-02-18,ACC0000007218,CUST0003632,0.0,
2026-02-18,ACC0000007219,CUST0003633,0.0,
2026-02-18,ACC0000007220,CUST0003634,3.86432983E7,
2026-02-18,ACC0000007221,CUST0003635,0.0,3.539708386E7
2026-02-18,ACC0000007222,CUST0003635,0.0,
2026-02-18,ACC0000007223,CUST0003635,0.0,1.326835957E7
2026-02-18,ACC0000007224,CUST0003636,0.0,
2026-02-18,ACC0000007225,CUST0003637,0.0,
2026-02-18,ACC0000007226,CUST0003637,3.05578469E7,
2026-02-18,ACC0000007227,CUST0003637,0.0,
2026-02-18,ACC0000007228,CUST0003638,0.0,
2026-02-18,ACC0000007229,CUST0003639,0.0,1.205552466E7
2026-02-18,ACC0000007230,CUST0003639,0.0,7921800.04
2026-02-18,ACC0000007231,CUST0003640,0.0,
2026-02-18,ACC0000007232,CUST0003640,1.854959699E7,
2026-02-18,ACC0000007233,CUST0003640,0.0,
2026-02-18,ACC0000007234,CUST0003641,2.840230853E7,
2026-02-18,ACC0000007235,CUST0003641,0.0,
2026-02-18,ACC0000007236,CUST0003641,0.0,
2026-02-18,ACC0000007237,CUST0003642,0.0,
2026-02-18,ACC0000007238,CUST0003642,0.0,
2026-02-18,ACC0000007239,CUST0003642,0.0,
2026-02-18,ACC0000007240,CUST0003643,4.652492361E7,
2026-02-18,ACC0000007241,CUST0003643,0.0,
2026-02-18,ACC0000007242,CUST0003643,0.0,
2026-02-18,ACC0000007243,CUST0003644,0.0,
2026-02-18,ACC0000007244,CUST0003644,0.0,
2026-02-18,ACC0000007245,CUST0003645,0.0,3.605657627E7
2026-02-18,ACC0000007246,CUST0003645,0.0,
2026-02-18,ACC0000007247,CUST0003646,0.0,
2026-02-18,ACC0000007248,CUST0003646,5815931.42,
2026-02-18,ACC0000007249,CUST0003646,0.0,1.645257947E7
2026-02-18,ACC0000007250,CUST0003647,8596788.2,
2026-02-18,ACC0000007251,CUST0003647,2.773816085E7,
2026-02-18,ACC0000007252,CUST0003648,0.0,
2026-02-18,ACC0000007253,CUST0003648,0.0,
2026-02-18,ACC0000007254,CUST0003649,0.0,
2026-02-18,ACC0000007255,CUST0003649,0.0,
2026-02-18,ACC0000007256,CUST0003649,0.0,2.232886228E7
2026-02-18,ACC0000007257,CUST0003650,0.0,
2026-02-18,ACC0000007258,CUST0003650,0.0,3.685902387E7
2026-02-18,ACC0000007259,CUST0003651,0.0,
2026-02-18,ACC0000007260,CUST0003651,4.825142677E7,
2026-02-18,ACC0000007261,CUST0003652,3.028047748E7,
2026-02-18,ACC0000007262,CUST0003652,0.0,
2026-02-18,ACC0000007263,CUST0003653,3.770199544E7,
2026-02-18,ACC0000007264,CUST0003654,9208225.66,
2026-02-18,ACC0000007265,CUST0003654,0.0,
2026-02-18,ACC0000007266,CUST0003655,0.0,
2026-02-18,ACC0000007267,CUST0003656,3.063617299E7,
2026-02-18,ACC0000007268,CUST0003656,1.330561224E7,
2026-02-18,ACC0000007269,CUST0003657,0.0,4.844413969E7
2026-02-18,ACC0000007270,CUST0003657,0.0,2.732952715E7
2026-02-18,ACC0000007271,CUST0003657,0.0,
2026-02-18,ACC0000007272,CUST0003658,0.0,
2026-02-18,ACC0000007273,CUST0003658,0.0,
2026-02-18,ACC0000007274,CUST0003658,0.0,
2026-02-18,ACC0000007275,CUST0003659,0.0,
2026-02-18,ACC0000007276,CUST0003659,0.0,
2026-02-18,ACC0000007277,CUST0003660,0.0,
2026-02-18,ACC0000007278,CUST0003660,0.0,3.89939394E7
2026-02-18,ACC0000007279,CUST0003660,0.0,
2026-02-18,ACC0000007280,CUST0003661,0.0,
2026-02-18,ACC0000007281,CUST0003661,0.0,
2026-02-18,ACC0000007282,CUST0003662,0.0,3.522249999E7
2026-02-18,ACC0000007283,CUST0003663,0.0,2.729498084E7
2026-02-18,ACC0000007284,CUST0003663,0.0,
2026-02-18,ACC0000007285,CUST0003663,0.0,3.997146588E7
2026-02-18,ACC0000007286,CUST0003664,0.0,1.470185708E7
2026-02-18,ACC0000007287,CUST0003665,0.0,
2026-02-18,ACC0000007288,CUST0003665,0.0,
2026-02-18,ACC0000007289,CUST0003666,4.879156027E7,
2026-02-18,ACC0000007290,CUST0003666,0.0,
2026-02-18,ACC0000007291,CUST0003666,0.0,
2026-02-18,ACC0000007292,CUST0003667,0.0,
2026-02-18,ACC0000007293,CUST0003667,0.0,4.073783863E7
2026-02-18,ACC0000007294,CUST0003668,3686876.12,
2026-02-18,ACC0000007295,CUST0003668,2.048147377E7,
2026-02-18,ACC0000007296,CUST0003668,0.0,
2026-02-18,ACC0000007297,CUST0003669,1.633032242E7,
2026-02-18,ACC0000007298,CUST0003670,0.0,
2026-02-18,ACC0000007299,CUST0003670,0.0,
2026-02-18,ACC0000007300,CUST0003670,0.0,4.387860517E7
2026-02-18,ACC0000007301,CUST0003671,0.0,
2026-02-18,ACC0000007302,CUST0003671,0.0,
2026-02-18,ACC0000007303,CUST0003671,0.0,4.111208873E7
2026-02-18,ACC0000007304,CUST0003672,0.0,4.537584463E7
2026-02-18,ACC0000007305,CUST0003672,0.0,
2026-02-18,ACC0000007306,CUST0003672,0.0,
2026-02-18,ACC0000007307,CUST0003673,2.128989913E7,
2026-02-18,ACC0000007308,CUST0003673,0.0,
2026-02-18,ACC0000007309,CUST0003673,0.0,4.300162799E7
2026-02-18,ACC0000007310,CUST0003674,4.848086444E7,
2026-02-18,ACC0000007311,CUST0003674,0.0,2.426194585E7
2026-02-18,ACC0000007312,CUST0003675,0.0,3.201518985E7
2026-02-18,ACC0000007313,CUST0003676,3.01433174E7,
2026-02-18,ACC0000007314,CUST0003677,0.0,
2026-02-18,ACC0000007315,CUST0003677,0.0,
2026-02-18,ACC0000007316,CUST0003677,3459784.5,
2026-02-18,ACC0000007317,CUST0003678,0.0,2.089159751E7
2026-02-18,ACC0000007318,CUST0003678,0.0,1.403425913E7
2026-02-18,ACC0000007319,CUST0003678,0.0,
2026-02-18,ACC0000007320,CUST0003679,0.0,
2026-02-18,ACC0000007321,CUST0003680,0.0,3.096835012E7
2026-02-18,ACC0000007322,CUST0003680,0.0,
2026-02-18,ACC0000007323,CUST0003680,0.0,9612560.21
2026-02-18,ACC0000007324,CUST0003681,0.0,
2026-02-18,ACC0000007325,CUST0003682,0.0,
2026-02-18,ACC0000007326,CUST0003682,0.0,
2026-02-18,ACC0000007327,CUST0003682,2.935616222E7,
2026-02-18,ACC0000007328,CUST0003683,0.0,
2026-02-18,ACC0000007329,CUST0003684,0.0,
2026-02-18,ACC0000007330,CUST0003684,1963405.3,
2026-02-18,ACC0000007331,CUST0003685,0.0,1.690862341E7
2026-02-18,ACC0000007332,CUST0003685,0.0,
2026-02-18,ACC0000007333,CUST0003686,0.0,1.266554188E7
2026-02-18,ACC0000007334,CUST0003686,1.571669741E7,
2026-02-18,ACC0000007335,CUST0003686,3.483615792E7,
2026-02-18,ACC0000007336,CUST0003687,0.0,9320856.37
2026-02-18,ACC0000007337,CUST0003688,6502534.91,
2026-02-18,ACC0000007338,CUST0003688,0.0,
2026-02-18,ACC0000007339,CUST0003688,0.0,
2026-02-18,ACC0000007340,CUST0003689,4.928853317E7,
2026-02-18,ACC0000007341,CUST0003689,0.0,2.627865273E7
2026-02-18,ACC0000007342,CUST0003689,0.0,
2026-02-18,ACC0000007343,CUST0003690,1.783805717E7,
2026-02-18,ACC0000007344,CUST0003690,0.0,
2026-02-18,ACC0000007345,CUST0003690,0.0,
2026-02-18,ACC0000007346,CUST0003691,0.0,1.906175068E7
2026-02-18,ACC0000007347,CUST0003691,0.0,
2026-02-18,ACC0000007348,CUST0003691,0.0,2.863097261E7
2026-02-18,ACC0000007349,CUST0003692,1.689070633E7,
2026-02-18,ACC0000007350,CUST0003693,0.0,
2026-02-18,ACC0000007351,CUST0003694,0.0,
2026-02-18,ACC0000007352,CUST0003694,2.404113087E7,
2026-02-18,ACC0000007353,CUST0003694,0.0,
2026-02-18,ACC0000007354,CUST0003695,2.616670647E7,
2026-02-18,ACC0000007355,CUST0003696,0.0,
2026-02-18,ACC0000007356,CUST0003697,0.0,
2026-02-18,ACC0000007357,CUST0003698,3.512768077E7,
2026-02-18,ACC0000007358,CUST0003699,0.0,
2026-02-18,ACC0000007359,CUST0003699,0.0,
2026-02-18,ACC0000007360,CUST0003700,0.0,
2026-02-18,ACC0000007361,CUST0003701,0.0,2.100956231E7
2026-02-18,ACC0000007362,CUST0003702,0.0,
2026-02-18,ACC0000007363,CUST0003702,0.0,
2026-02-18,ACC0000007364,CUST0003702,0.0,
2026-02-18,ACC0000007365,CUST0003703,0.0,2.451250774E7
2026-02-18,ACC0000007366,CUST0003703,0.0,
2026-02-18,ACC0000007367,CUST0003703,0.0,
2026-02-18,ACC0000007368,CUST0003704,0.0,3.972774048E7
2026-02-18,ACC0000007369,CUST0003704,0.0,
2026-02-18,ACC0000007370,CUST0003705,1.399321316E7,
2026-02-18,ACC0000007371,CUST0003705,0.0,1.788272017E7
2026-02-18,ACC0000007372,CUST0003706,0.0,
2026-02-18,ACC0000007373,CUST0003707,0.0,
2026-02-18,ACC0000007374,CUST0003707,2.028006706E7,
2026-02-18,ACC0000007375,CUST0003708,0.0,
2026-02-18,ACC0000007376,CUST0003709,0.0,
2026-02-18,ACC0000007377,CUST0003709,0.0,
2026-02-18,ACC0000007378,CUST0003709,0.0,3.722600796E7
2026-02-18,ACC0000007379,CUST0003710,1.878524175E7,
2026-02-18,ACC0000007380,CUST0003711,1962256.28,
2026-02-18,ACC0000007381,CUST0003711,0.0,
2026-02-18,ACC0000007382,CUST0003712,0.0,
2026-02-18,ACC0000007383,CUST0003712,2896521.14,
2026-02-18,ACC0000007384,CUST0003712,2.282376158E7,
2026-02-18,ACC0000007385,CUST0003713,1227654.88,
2026-02-18,ACC0000007386,CUST0003714,0.0,3.461919202E7
2026-02-18,ACC0000007387,CUST0003715,2.544985056E7,
2026-02-18,ACC0000007388,CUST0003715,0.0,
2026-02-18,ACC0000007389,CUST0003715,0.0,1.777180126E7
2026-02-18,ACC0000007390,CUST0003716,0.0,5548774.77
2026-02-18,ACC0000007391,CUST0003717,0.0,
2026-02-18,ACC0000007392,CUST0003718,0.0,
2026-02-18,ACC0000007393,CUST0003718,5129340.6,
2026-02-18,ACC0000007394,CUST0003718,0.0,
2026-02-18,ACC0000007395,CUST0003719,0.0,4.505328921E7
2026-02-18,ACC0000007396,CUST0003719,0.0,4.678340672E7
2026-02-18,ACC0000007397,CUST0003720,0.0,
2026-02-18,ACC0000007398,CUST0003720,2.599318108E7,
2026-02-18,ACC0000007399,CUST0003720,0.0,
2026-02-18,ACC0000007400,CUST0003721,1.829934789E7,
2026-02-18,ACC0000007401,CUST0003721,0.0,
2026-02-18,ACC0000007402,CUST0003721,0.0,
2026-02-18,ACC0000007403,CUST0003722,0.0,2.13730328E7
2026-02-18,ACC0000007404,CUST0003722,0.0,
2026-02-18,ACC0000007405,CUST0003723,0.0,3.016954594E7
2026-02-18,ACC0000007406,CUST0003723,0.0,
2026-02-18,ACC0000007407,CUST0003723,2.943757563E7,
2026-02-18,ACC0000007408,CUST0003724,0.0,1.147630051E7
2026-02-18,ACC0000007409,CUST0003724,1.146638504E7,
2026-02-18,ACC0000007410,CUST0003724,0.0,1.198020594E7
2026-02-18,ACC0000007411,CUST0003725,0.0,
2026-02-18,ACC0000007412,CUST0003725,0.0,
2026-02-18,ACC0000007413,CUST0003726,0.0,9643958.01
2026-02-18,ACC0000007414,CUST0003726,0.0,
2026-02-18,ACC0000007415,CUST0003727,0.0,2.59810425E7
2026-02-18,ACC0000007416,CUST0003727,0.0,
2026-02-18,ACC0000007417,CUST0003727,0.0,
2026-02-18,ACC0000007418,CUST0003728,0.0,
2026-02-18,ACC0000007419,CUST0003728,3.980615359E7,
2026-02-18,ACC0000007420,CUST0003729,0.0,
2026-02-18,ACC0000007421,CUST0003729,2.186047312E7,
2026-02-18,ACC0000007422,CUST0003730,0.0,3.12748711E7
2026-02-18,ACC0000007423,CUST0003730,0.0,3.074252103E7
2026-02-18,ACC0000007424,CUST0003730,0.0,
2026-02-18,ACC0000007425,CUST0003731,0.0,9623019.88
2026-02-18,ACC0000007426,CUST0003732,0.0,
2026-02-18,ACC0000007427,CUST0003732,4.894442099E7,
2026-02-18,ACC0000007428,CUST0003733,0.0,1.684244271E7
2026-02-18,ACC0000007429,CUST0003733,9916897.29,
2026-02-18,ACC0000007430,CUST0003733,0.0,4.395902589E7
2026-02-18,ACC0000007431,CUST0003734,2.548370297E7,
2026-02-18,ACC0000007432,CUST0003734,0.0,
2026-02-18,ACC0000007433,CUST0003734,0.0,4.089090058E7
2026-02-18,ACC0000007434,CUST0003735,0.0,
2026-02-18,ACC0000007435,CUST0003735,0.0,
2026-02-18,ACC0000007436,CUST0003735,0.0,
2026-02-18,ACC0000007437,CUST0003736,0.0,3.580323E7
2026-02-18,ACC0000007438,CUST0003736,867864.17,
2026-02-18,ACC0000007439,CUST0003737,2.875493525E7,
2026-02-18,ACC0000007440,CUST0003738,1.568092243E7,
2026-02-18,ACC0000007441,CUST0003738,4.965690262E7,
2026-02-18,ACC0000007442,CUST0003739,0.0,2.597677709E7
2026-02-18,ACC0000007443,CUST0003739,0.0,1.106664964E7
2026-02-18,ACC0000007444,CUST0003740,0.0,
2026-02-18,ACC0000007445,CUST0003741,0.0,
2026-02-18,ACC0000007446,CUST0003741,0.0,
2026-02-18,ACC0000007447,CUST0003742,3.885326717E7,
2026-02-18,ACC0000007448,CUST0003743,0.0,6848795.29
2026-02-18,ACC0000007449,CUST0003743,0.0,
2026-02-18,ACC0000007450,CUST0003743,0.0,
2026-02-18,ACC0000007451,CUST0003744,0.0,8674095.2
2026-02-18,ACC0000007452,CUST0003744,0.0,9657966.53
2026-02-18,ACC0000007453,CUST0003745,6517362.45,
2026-02-18,ACC0000007454,CUST0003746,0.0,
2026-02-18,ACC0000007455,CUST0003746,0.0,
2026-02-18,ACC0000007456,CUST0003747,1.79828207E7,
2026-02-18,ACC0000007457,CUST0003748,0.0,2.953597399E7
2026-02-18,ACC0000007458,CUST0003748,0.0,4.544119636E7
2026-02-18,ACC0000007459,CUST0003748,0.0,
2026-02-18,ACC0000007460,CUST0003749,3.451769654E7,
2026-02-18,ACC0000007461,CUST0003749,0.0,
2026-02-18,ACC0000007462,CUST0003750,0.0,
2026-02-18,ACC0000007463,CUST0003751,0.0,1.812241716E7
2026-02-18,ACC0000007464,CUST0003751,0.0,
2026-02-18,ACC0000007465,CUST0003752,0.0,
2026-02-18,ACC0000007466,CUST0003752,3.635766202E7,
2026-02-18,ACC0000007467,CUST0003752,0.0,1.206783866E7
2026-02-18,ACC0000007468,CUST0003753,0.0,
2026-02-18,ACC0000007469,CUST0003753,0.0,3.805307972E7
2026-02-18,ACC0000007470,CUST0003754,2994711.45,
2026-02-18,ACC0000007471,CUST0003754,2.516449489E7,
2026-02-18,ACC0000007472,CUST0003754,1.903163638E7,
2026-02-18,ACC0000007473,CUST0003755,0.0,2.806670547E7
2026-02-18,ACC0000007474,CUST0003755,0.0,4.597190961E7
2026-02-18,ACC0000007475,CUST0003755,7353830.91,
2026-02-18,ACC0000007476,CUST0003756,1.111921875E7,
2026-02-18,ACC0000007477,CUST0003756,3.298503319E7,
2026-02-18,ACC0000007478,CUST0003757,3.953853491E7,
2026-02-18,ACC0000007479,CUST0003757,0.0,
2026-02-18,ACC0000007480,CUST0003758,0.0,4.1972284E7
2026-02-18,ACC0000007481,CUST0003758,2.612880851E7,
2026-02-18,ACC0000007482,CUST0003758,0.0,
2026-02-18,ACC0000007483,CUST0003759,1.240892654E7,
2026-02-18,ACC0000007484,CUST0003760,0.0,4.84231095E7
2026-02-18,ACC0000007485,CUST0003760,0.0,3.794578895E7
2026-02-18,ACC0000007486,CUST0003760,0.0,
2026-02-18,ACC0000007487,CUST0003761,1.057899362E7,
2026-02-18,ACC0000007488,CUST0003761,0.0,3.324632605E7
2026-02-18,ACC0000007489,CUST0003761,0.0,4.304079997E7
2026-02-18,ACC0000007490,CUST0003762,0.0,
2026-02-18,ACC0000007491,CUST0003762,0.0,3.325580848E7
2026-02-18,ACC0000007492,CUST0003763,0.0,
2026-02-18,ACC0000007493,CUST0003763,3.308269958E7,
2026-02-18,ACC0000007494,CUST0003764,0.0,
2026-02-18,ACC0000007495,CUST0003764,0.0,
2026-02-18,ACC0000007496,CUST0003764,0.0,5084393.36
2026-02-18,ACC0000007497,CUST0003765,4.196828969E7,
2026-02-18,ACC0000007498,CUST0003766,0.0,3.813625319E7
2026-02-18,ACC0000007499,CUST0003766,0.0,
2026-02-18,ACC0000007500,CUST0003767,0.0,1.932462411E7
2026-02-18,ACC0000007501,CUST0003767,0.0,
2026-02-18,ACC0000007502,CUST0003768,2631124.75,
2026-02-18,ACC0000007503,CUST0003768,0.0,2.288949037E7
2026-02-18,ACC0000007504,CUST0003769,0.0,3.210770682E7
2026-02-18,ACC0000007505,CUST0003769,0.0,
2026-02-18,ACC0000007506,CUST0003769,0.0,
2026-02-18,ACC0000007507,CUST0003770,4.219497454E7,
2026-02-18,ACC0000007508,CUST0003770,0.0,
2026-02-18,ACC0000007509,CUST0003771,0.0,
2026-02-18,ACC0000007510,CUST0003771,4719338.49,
2026-02-18,ACC0000007511,CUST0003772,0.0,
2026-02-18,ACC0000007512,CUST0003773,0.0,2.754819379E7
2026-02-18,ACC0000007513,CUST0003774,0.0,1.790726435E7
2026-02-18,ACC0000007514,CUST0003775,0.0,2.092932101E7
2026-02-18,ACC0000007515,CUST0003775,4.389468071E7,
2026-02-18,ACC0000007516,CUST0003775,0.0,1.019243861E7
2026-02-18,ACC0000007517,CUST0003776,4.134157005E7,
2026-02-18,ACC0000007518,CUST0003777,0.0,
2026-02-18,ACC0000007519,CUST0003777,4.792939293E7,
2026-02-18,ACC0000007520,CUST0003778,2.9699717E7,
2026-02-18,ACC0000007521,CUST0003778,0.0,4.797597111E7
2026-02-18,ACC0000007522,CUST0003779,0.0,
2026-02-18,ACC0000007523,CUST0003780,0.0,
2026-02-18,ACC0000007524,CUST0003780,0.0,4.247325197E7
2026-02-18,ACC0000007525,CUST0003780,3.866945482E7,
2026-02-18,ACC0000007526,CUST0003781,0.0,
2026-02-18,ACC0000007527,CUST0003781,0.0,1.242180906E7
2026-02-18,ACC0000007528,CUST0003782,0.0,
2026-02-18,ACC0000007529,CUST0003782,2.84159463E7,
2026-02-18,ACC0000007530,CUST0003783,0.0,
2026-02-18,ACC0000007531,CUST0003783,0.0,
2026-02-18,ACC0000007532,CUST0003783,4.490105148E7,
2026-02-18,ACC0000007533,CUST0003784,0.0,4.265683066E7
2026-02-18,ACC0000007534,CUST0003784,0.0,
2026-02-18,ACC0000007535,CUST0003784,0.0,
2026-02-18,ACC0000007536,CUST0003785,2356716.78,
2026-02-18,ACC0000007537,CUST0003785,0.0,
2026-02-18,ACC0000007538,CUST0003786,0.0,
2026-02-18,ACC0000007539,CUST0003786,0.0,
2026-02-18,ACC0000007540,CUST0003787,0.0,3.108090765E7
2026-02-18,ACC0000007541,CUST0003788,8696166.74,
2026-02-18,ACC0000007542,CUST0003789,3.508407457E7,
2026-02-18,ACC0000007543,CUST0003789,0.0,
2026-02-18,ACC0000007544,CUST0003789,0.0,
2026-02-18,ACC0000007545,CUST0003790,2.319488194E7,
2026-02-18,ACC0000007546,CUST0003790,0.0,
2026-02-18,ACC0000007547,CUST0003790,0.0,1.793961668E7
2026-02-18,ACC0000007548,CUST0003791,0.0,
2026-02-18,ACC0000007549,CUST0003791,0.0,
2026-02-18,ACC0000007550,CUST0003792,4.318402734E7,
2026-02-18,ACC0000007551,CUST0003792,0.0,4.084177638E7
2026-02-18,ACC0000007552,CUST0003792,3.252651858E7,
2026-02-18,ACC0000007553,CUST0003793,5180842.75,
2026-02-18,ACC0000007554,CUST0003794,0.0,4.143684928E7
2026-02-18,ACC0000007555,CUST0003795,1054286.47,
2026-02-18,ACC0000007556,CUST0003795,0.0,2.208530321E7
2026-02-18,ACC0000007557,CUST0003795,2.542994535E7,
2026-02-18,ACC0000007558,CUST0003796,4.23538657E7,
2026-02-18,ACC0000007559,CUST0003796,0.0,
2026-02-18,ACC0000007560,CUST0003797,0.0,2.808618844E7
2026-02-18,ACC0000007561,CUST0003797,3.042588067E7,
2026-02-18,ACC0000007562,CUST0003797,0.0,2.870317117E7
2026-02-18,ACC0000007563,CUST0003798,0.0,
2026-02-18,ACC0000007564,CUST0003798,0.0,1.78589753E7
2026-02-18,ACC0000007565,CUST0003798,0.0,3.988642285E7
2026-02-18,ACC0000007566,CUST0003799,0.0,
2026-02-18,ACC0000007567,CUST0003799,3.53244388E7,
2026-02-18,ACC0000007568,CUST0003800,0.0,
2026-02-18,ACC0000007569,CUST0003801,0.0,1.875430301E7
2026-02-18,ACC0000007570,CUST0003802,0.0,
2026-02-18,ACC0000007571,CUST0003802,0.0,
2026-02-18,ACC0000007572,CUST0003803,0.0,
2026-02-18,ACC0000007573,CUST0003803,0.0,
2026-02-18,ACC0000007574,CUST0003804,0.0,3.418868031E7
2026-02-18,ACC0000007575,CUST0003805,0.0,2.373706172E7
2026-02-18,ACC0000007576,CUST0003806,1.937142834E7,
2026-02-18,ACC0000007577,CUST0003807,0.0,
2026-02-18,ACC0000007578,CUST0003807,4.862647624E7,
2026-02-18,ACC0000007579,CUST0003808,1.460437351E7,
2026-02-18,ACC0000007580,CUST0003808,0.0,4.36723673E7
2026-02-18,ACC0000007581,CUST0003808,0.0,3.15586998E7
2026-02-18,ACC0000007582,CUST0003809,0.0,
2026-02-18,ACC0000007583,CUST0003809,4.136673307E7,
2026-02-18,ACC0000007584,CUST0003809,0.0,
2026-02-18,ACC0000007585,CUST0003810,0.0,2.469778752E7
2026-02-18,ACC0000007586,CUST0003810,4.307210065E7,
2026-02-18,ACC0000007587,CUST0003811,0.0,
2026-02-18,ACC0000007588,CUST0003812,0.0,
2026-02-18,ACC0000007589,CUST0003812,2.634955902E7,
2026-02-18,ACC0000007590,CUST0003812,4.059173087E7,
2026-02-18,ACC0000007591,CUST0003813,0.0,
2026-02-18,ACC0000007592,CUST0003813,0.0,
2026-02-18,ACC0000007593,CUST0003814,0.0,4.808166715E7
2026-02-18,ACC0000007594,CUST0003814,0.0,
2026-02-18,ACC0000007595,CUST0003814,0.0,4.39764277E7
2026-02-18,ACC0000007596,CUST0003815,0.0,7167749.07
2026-02-18,ACC0000007597,CUST0003815,0.0,
2026-02-18,ACC0000007598,CUST0003815,0.0,
2026-02-18,ACC0000007599,CUST0003816,5226489.34,
2026-02-18,ACC0000007600,CUST0003816,0.0,
2026-02-18,ACC0000007601,CUST0003817,0.0,
2026-02-18,ACC0000007602,CUST0003817,0.0,3.814653149E7
2026-02-18,ACC0000007603,CUST0003818,0.0,6588220.08
2026-02-18,ACC0000007604,CUST0003819,0.0,
2026-02-18,ACC0000007605,CUST0003819,2.336687524E7,
2026-02-18,ACC0000007606,CUST0003820,0.0,
2026-02-18,ACC0000007607,CUST0003820,0.0,4.490636488E7
2026-02-18,ACC0000007608,CUST0003821,0.0,
2026-02-18,ACC0000007609,CUST0003821,0.0,
2026-02-18,ACC0000007610,CUST0003822,4.369490277E7,
2026-02-18,ACC0000007611,CUST0003822,2.394509346E7,
2026-02-18,ACC0000007612,CUST0003822,0.0,
2026-02-18,ACC0000007613,CUST0003823,0.0,4.68863269E7
2026-02-18,ACC0000007614,CUST0003824,3578211.19,
2026-02-18,ACC0000007615,CUST0003825,0.0,3.124174198E7
2026-02-18,ACC0000007616,CUST0003825,3.448837637E7,
2026-02-18,ACC0000007617,CUST0003826,0.0,
2026-02-18,ACC0000007618,CUST0003827,0.0,
2026-02-18,ACC0000007619,CUST0003827,0.0,1.606651256E7
2026-02-18,ACC0000007620,CUST0003828,4.905871995E7,
2026-02-18,ACC0000007621,CUST0003828,0.0,
2026-02-18,ACC0000007622,CUST0003828,0.0,6425400.59
2026-02-18,ACC0000007623,CUST0003829,4.033135677E7,
2026-02-18,ACC0000007624,CUST0003830,0.0,3.75882844E7
2026-02-18,ACC0000007625,CUST0003830,2.092527222E7,
2026-02-18,ACC0000007626,CUST0003831,0.0,
2026-02-18,ACC0000007627,CUST0003831,0.0,
2026-02-18,ACC0000007628,CUST0003832,3.772029458E7,
2026-02-18,ACC0000007629,CUST0003833,3.374327215E7,
2026-02-18,ACC0000007630,CUST0003834,0.0,4.039406292E7
2026-02-18,ACC0000007631,CUST0003834,4.058738988E7,
2026-02-18,ACC0000007632,CUST0003835,0.0,
2026-02-18,ACC0000007633,CUST0003836,0.0,
2026-02-18,ACC0000007634,CUST0003836,0.0,9621574.07
2026-02-18,ACC0000007635,CUST0003837,0.0,
2026-02-18,ACC0000007636,CUST0003837,0.0,
2026-02-18,ACC0000007637,CUST0003837,0.0,2.413868382E7
2026-02-18,ACC0000007638,CUST0003838,4115055.47,
2026-02-18,ACC0000007639,CUST0003838,0.0,4.867078404E7
2026-02-18,ACC0000007640,CUST0003839,0.0,
2026-02-18,ACC0000007641,CUST0003839,0.0,
2026-02-18,ACC0000007642,CUST0003840,0.0,2.008284841E7
2026-02-18,ACC0000007643,CUST0003840,0.0,
2026-02-18,ACC0000007644,CUST0003840,0.0,2.274372704E7
2026-02-18,ACC0000007645,CUST0003841,0.0,2.744594878E7
2026-02-18,ACC0000007646,CUST0003842,0.0,
2026-02-18,ACC0000007647,CUST0003843,0.0,3.159454425E7
2026-02-18,ACC0000007648,CUST0003844,0.0,
2026-02-18,ACC0000007649,CUST0003844,3.281323824E7,
2026-02-18,ACC0000007650,CUST0003844,0.0,4.456136031E7
2026-02-18,ACC0000007651,CUST0003845,0.0,2.967321791E7
2026-02-18,ACC0000007652,CUST0003845,3201994.78,
2026-02-18,ACC0000007653,CUST0003846,2.744966984E7,
2026-02-18,ACC0000007654,CUST0003846,0.0,
2026-02-18,ACC0000007655,CUST0003846,0.0,
2026-02-18,ACC0000007656,CUST0003847,1.226186946E7,
2026-02-18,ACC0000007657,CUST0003848,0.0,9861899.66
2026-02-18,ACC0000007658,CUST0003848,0.0,
2026-02-18,ACC0000007659,CUST0003849,0.0,
2026-02-18,ACC0000007660,CUST0003849,0.0,
2026-02-18,ACC0000007661,CUST0003849,0.0,
2026-02-18,ACC0000007662,CUST0003850,0.0,4.282290591E7
2026-02-18,ACC0000007663,CUST0003850,0.0,
2026-02-18,ACC0000007664,CUST0003850,8213177.53,
2026-02-18,ACC0000007665,CUST0003851,0.0,
2026-02-18,ACC0000007666,CUST0003851,3601957.65,
2026-02-18,ACC0000007667,CUST0003851,281203.79,
2026-02-18,ACC0000007668,CUST0003852,0.0,
2026-02-18,ACC0000007669,CUST0003853,2.433894554E7,
2026-02-18,ACC0000007670,CUST0003854,3.666290509E7,
2026-02-18,ACC0000007671,CUST0003854,0.0,
2026-02-18,ACC0000007672,CUST0003855,0.0,
2026-02-18,ACC0000007673,CUST0003855,0.0,
2026-02-18,ACC0000007674,CUST0003856,1.550760541E7,
2026-02-18,ACC0000007675,CUST0003856,0.0,
2026-02-18,ACC0000007676,CUST0003856,0.0,
2026-02-18,ACC0000007677,CUST0003857,0.0,
2026-02-18,ACC0000007678,CUST0003857,0.0,
2026-02-18,ACC0000007679,CUST0003858,0.0,4.102078354E7
2026-02-18,ACC0000007680,CUST0003858,0.0,
2026-02-18,ACC0000007681,CUST0003858,0.0,4.363978516E7
2026-02-18,ACC0000007682,CUST0003859,0.0,1.086274009E7
2026-02-18,ACC0000007683,CUST0003859,0.0,
2026-02-18,ACC0000007684,CUST0003860,0.0,1.941655279E7
2026-02-18,ACC0000007685,CUST0003860,0.0,2.350796892E7
2026-02-18,ACC0000007686,CUST0003861,0.0,
2026-02-18,ACC0000007687,CUST0003862,0.0,
2026-02-18,ACC0000007688,CUST0003862,3.292921014E7,
2026-02-18,ACC0000007689,CUST0003862,4.213379378E7,
2026-02-18,ACC0000007690,CUST0003863,0.0,1.985756842E7
2026-02-18,ACC0000007691,CUST0003864,9298503.62,
2026-02-18,ACC0000007692,CUST0003865,0.0,3.328085126E7
2026-02-18,ACC0000007693,CUST0003865,6917938.11,
2026-02-18,ACC0000007694,CUST0003865,0.0,
2026-02-18,ACC0000007695,CUST0003866,4.616582279E7,
2026-02-18,ACC0000007696,CUST0003866,0.0,2.450090213E7
2026-02-18,ACC0000007697,CUST0003867,0.0,
2026-02-18,ACC0000007698,CUST0003868,4655323.82,
2026-02-18,ACC0000007699,CUST0003869,0.0,
2026-02-18,ACC0000007700,CUST0003869,0.0,2.269620251E7
2026-02-18,ACC0000007701,CUST0003870,9089157.13,
2026-02-18,ACC0000007702,CUST0003870,0.0,
2026-02-18,ACC0000007703,CUST0003870,1.552461774E7,
2026-02-18,ACC0000007704,CUST0003871,0.0,
2026-02-18,ACC0000007705,CUST0003871,0.0,
2026-02-18,ACC0000007706,CUST0003871,0.0,1.925635598E7
2026-02-18,ACC0000007707,CUST0003872,0.0,3.142116567E7
2026-02-18,ACC0000007708,CUST0003873,0.0,
2026-02-18,ACC0000007709,CUST0003874,0.0,
2026-02-18,ACC0000007710,CUST0003874,0.0,2.76278338E7
2026-02-18,ACC0000007711,CUST0003875,0.0,3.291930356E7
2026-02-18,ACC0000007712,CUST0003876,0.0,
2026-02-18,ACC0000007713,CUST0003876,0.0,
2026-02-18,ACC0000007714,CUST0003877,3.575270601E7,
2026-02-18,ACC0000007715,CUST0003877,0.0,
2026-02-18,ACC0000007716,CUST0003878,0.0,
2026-02-18,ACC0000007717,CUST0003879,0.0,3.953256158E7
2026-02-18,ACC0000007718,CUST0003880,0.0,
2026-02-18,ACC0000007719,CUST0003880,1.958444634E7,
2026-02-18,ACC0000007720,CUST0003880,0.0,
2026-02-18,ACC0000007721,CUST0003881,1.02018798E7,
2026-02-18,ACC0000007722,CUST0003881,3.31590017E7,
2026-02-18,ACC0000007723,CUST0003882,0.0,
2026-02-18,ACC0000007724,CUST0003882,0.0,
2026-02-18,ACC0000007725,CUST0003883,0.0,7693534.44
2026-02-18,ACC0000007726,CUST0003883,0.0,1.326314564E7
2026-02-18,ACC0000007727,CUST0003884,0.0,
2026-02-18,ACC0000007728,CUST0003885,3.136831008E7,
2026-02-18,ACC0000007729,CUST0003885,0.0,
2026-02-18,ACC0000007730,CUST0003885,0.0,
2026-02-18,ACC0000007731,CUST0003886,0.0,
2026-02-18,ACC0000007732,CUST0003887,4.244723409E7,
2026-02-18,ACC0000007733,CUST0003888,2299818.89,
2026-02-18,ACC0000007734,CUST0003888,4.55152724E7,
2026-02-18,ACC0000007735,CUST0003889,4.045357558E7,
2026-02-18,ACC0000007736,CUST0003889,4.151730912E7,
2026-02-18,ACC0000007737,CUST0003889,0.0,
2026-02-18,ACC0000007738,CUST0003890,0.0,
2026-02-18,ACC0000007739,CUST0003891,1.540940923E7,
2026-02-18,ACC0000007740,CUST0003891,0.0,
2026-02-18,ACC0000007741,CUST0003891,0.0,
2026-02-18,ACC0000007742,CUST0003892,0.0,
2026-02-18,ACC0000007743,CUST0003892,0.0,
2026-02-18,ACC0000007744,CUST0003892,0.0,3.814155731E7
2026-02-18,ACC0000007745,CUST0003893,0.0,2.446306656E7
2026-02-18,ACC0000007746,CUST0003893,0.0,
2026-02-18,ACC0000007747,CUST0003894,0.0,4.812572052E7
2026-02-18,ACC0000007748,CUST0003895,0.0,4.816032066E7
2026-02-18,ACC0000007749,CUST0003895,0.0,
2026-02-18,ACC0000007750,CUST0003895,0.0,
2026-02-18,ACC0000007751,CUST0003896,0.0,
2026-02-18,ACC0000007752,CUST0003896,0.0,
2026-02-18,ACC0000007753,CUST0003897,0.0,
2026-02-18,ACC0000007754,CUST0003898,0.0,
2026-02-18,ACC0000007755,CUST0003899,0.0,
2026-02-18,ACC0000007756,CUST0003899,0.0,4.627114863E7
2026-02-18,ACC0000007757,CUST0003900,0.0,
2026-02-18,ACC0000007758,CUST0003900,4.810311172E7,
2026-02-18,ACC0000007759,CUST0003901,0.0,
2026-02-18,ACC0000007760,CUST0003901,0.0,2.841969588E7
2026-02-18,ACC0000007761,CUST0003901,0.0,4.315636824E7
2026-02-18,ACC0000007762,CUST0003902,0.0,
2026-02-18,ACC0000007763,CUST0003902,0.0,
2026-02-18,ACC0000007764,CUST0003902,0.0,
2026-02-18,ACC0000007765,CUST0003903,0.0,
2026-02-18,ACC0000007766,CUST0003903,0.0,
2026-02-18,ACC0000007767,CUST0003904,0.0,4.146465361E7
2026-02-18,ACC0000007768,CUST0003905,0.0,
2026-02-18,ACC0000007769,CUST0003905,4589268.78,
2026-02-18,ACC0000007770,CUST0003905,0.0,2.96217049E7
2026-02-18,ACC0000007771,CUST0003906,0.0,
2026-02-18,ACC0000007772,CUST0003907,0.0,
2026-02-18,ACC0000007773,CUST0003908,3.35321651E7,
2026-02-18,ACC0000007774,CUST0003908,2.319720279E7,
2026-02-18,ACC0000007775,CUST0003909,0.0,
2026-02-18,ACC0000007776,CUST0003909,0.0,
2026-02-18,ACC0000007777,CUST0003909,0.0,
2026-02-18,ACC0000007778,CUST0003910,0.0,
2026-02-18,ACC0000007779,CUST0003911,0.0,
2026-02-18,ACC0000007780,CUST0003911,0.0,3.807814063E7
2026-02-18,ACC0000007781,CUST0003912,3.691051071E7,
2026-02-18,ACC0000007782,CUST0003912,0.0,
2026-02-18,ACC0000007783,CUST0003913,0.0,
2026-02-18,ACC0000007784,CUST0003914,0.0,
2026-02-18,ACC0000007785,CUST0003914,0.0,
2026-02-18,ACC0000007786,CUST0003915,3.132457344E7,
2026-02-18,ACC0000007787,CUST0003916,0.0,
2026-02-18,ACC0000007788,CUST0003916,0.0,
2026-02-18,ACC0000007789,CUST0003916,0.0,
2026-02-18,ACC0000007790,CUST0003917,0.0,
2026-02-18,ACC0000007791,CUST0003917,0.0,
2026-02-18,ACC0000007792,CUST0003918,0.0,2.270350609E7
2026-02-18,ACC0000007793,CUST0003918,0.0,3.077986104E7
2026-02-18,ACC0000007794,CUST0003918,0.0,4.327541725E7
2026-02-18,ACC0000007795,CUST0003919,0.0,
2026-02-18,ACC0000007796,CUST0003919,0.0,
2026-02-18,ACC0000007797,CUST0003920,0.0,3.151283174E7
2026-02-18,ACC0000007798,CUST0003921,4.446851187E7,
2026-02-18,ACC0000007799,CUST0003921,0.0,
2026-02-18,ACC0000007800,CUST0003921,0.0,
2026-02-18,ACC0000007801,CUST0003922,0.0,2.011393771E7
2026-02-18,ACC0000007802,CUST0003922,0.0,
2026-02-18,ACC0000007803,CUST0003923,0.0,1.117531155E7
2026-02-18,ACC0000007804,CUST0003923,0.0,8821174.13
2026-02-18,ACC0000007805,CUST0003924,0.0,
2026-02-18,ACC0000007806,CUST0003924,0.0,3.574507589E7
2026-02-18,ACC0000007807,CUST0003925,0.0,4.168092932E7
2026-02-18,ACC0000007808,CUST0003925,0.0,
2026-02-18,ACC0000007809,CUST0003925,0.0,
2026-02-18,ACC0000007810,CUST0003926,0.0,
2026-02-18,ACC0000007811,CUST0003926,0.0,
2026-02-18,ACC0000007812,CUST0003926,0.0,
2026-02-18,ACC0000007813,CUST0003927,0.0,
2026-02-18,ACC0000007814,CUST0003927,0.0,
2026-02-18,ACC0000007815,CUST0003928,3.223802765E7,
2026-02-18,ACC0000007816,CUST0003928,0.0,
2026-02-18,ACC0000007817,CUST0003929,0.0,4.332269653E7
2026-02-18,ACC0000007818,CUST0003929,0.0,1.059173037E7
2026-02-18,ACC0000007819,CUST0003929,0.0,
2026-02-18,ACC0000007820,CUST0003930,0.0,
2026-02-18,ACC0000007821,CUST0003930,1.722292602E7,
2026-02-18,ACC0000007822,CUST0003930,0.0,4.884990589E7
2026-02-18,ACC0000007823,CUST0003931,8649137.6,
2026-02-18,ACC0000007824,CUST0003931,3.941365934E7,
2026-02-18,ACC0000007825,CUST0003931,0.0,
2026-02-18,ACC0000007826,CUST0003932,0.0,
2026-02-18,ACC0000007827,CUST0003932,0.0,
2026-02-18,ACC0000007828,CUST0003933,0.0,4.121132758E7
2026-02-18,ACC0000007829,CUST0003933,0.0,8512978.63
2026-02-18,ACC0000007830,CUST0003934,0.0,2.513448302E7
2026-02-18,ACC0000007831,CUST0003935,0.0,
2026-02-18,ACC0000007832,CUST0003935,0.0,
2026-02-18,ACC0000007833,CUST0003935,0.0,
2026-02-18,ACC0000007834,CUST0003936,0.0,
2026-02-18,ACC0000007835,CUST0003936,0.0,
2026-02-18,ACC0000007836,CUST0003937,0.0,
2026-02-18,ACC0000007837,CUST0003938,0.0,
2026-02-18,ACC0000007838,CUST0003938,0.0,
2026-02-18,ACC0000007839,CUST0003938,0.0,
2026-02-18,ACC0000007840,CUST0003939,3.041672479E7,
2026-02-18,ACC0000007841,CUST0003939,0.0,
2026-02-18,ACC0000007842,CUST0003940,0.0,
2026-02-18,ACC0000007843,CUST0003940,3.711351821E7,
2026-02-18,ACC0000007844,CUST0003941,0.0,1.30066746E7
2026-02-18,ACC0000007845,CUST0003941,4.444529574E7,
2026-02-18,ACC0000007846,CUST0003941,0.0,2.628729992E7
2026-02-18,ACC0000007847,CUST0003942,2.287160812E7,
2026-02-18,ACC0000007848,CUST0003943,1.707644686E7,
2026-02-18,ACC0000007849,CUST0003944,0.0,
2026-02-18,ACC0000007850,CUST0003944,0.0,1.068314676E7
2026-02-18,ACC0000007851,CUST0003944,0.0,1.528772064E7
2026-02-18,ACC0000007852,CUST0003945,0.0,
2026-02-18,ACC0000007853,CUST0003946,0.0,4.185408502E7
2026-02-18,ACC0000007854,CUST0003946,524085.3,
2026-02-18,ACC0000007855,CUST0003947,0.0,
2026-02-18,ACC0000007856,CUST0003948,0.0,4.358379698E7
2026-02-18,ACC0000007857,CUST0003948,0.0,
2026-02-18,ACC0000007858,CUST0003949,4.347056656E7,
2026-02-18,ACC0000007859,CUST0003950,2243707.63,
2026-02-18,ACC0000007860,CUST0003950,0.0,
2026-02-18,ACC0000007861,CUST0003951,0.0,
2026-02-18,ACC0000007862,CUST0003951,2.015277624E7,
2026-02-18,ACC0000007863,CUST0003951,0.0,
2026-02-18,ACC0000007864,CUST0003952,0.0,2.047605004E7
2026-02-18,ACC0000007865,CUST0003953,0.0,1.620426611E7
2026-02-18,ACC0000007866,CUST0003953,0.0,
2026-02-18,ACC0000007867,CUST0003954,3.387126055E7,
2026-02-18,ACC0000007868,CUST0003954,1.6238649E7,
2026-02-18,ACC0000007869,CUST0003954,0.0,7575462.21
2026-02-18,ACC0000007870,CUST0003955,0.0,
2026-02-18,ACC0000007871,CUST0003955,0.0,
2026-02-18,ACC0000007872,CUST0003956,0.0,
2026-02-18,ACC0000007873,CUST0003956,3.216247801E7,
2026-02-18,ACC0000007874,CUST0003957,4.249993751E7,
2026-02-18,ACC0000007875,CUST0003958,0.0,
2026-02-18,ACC0000007876,CUST0003959,0.0,
2026-02-18,ACC0000007877,CUST0003960,1.010392285E7,
2026-02-18,ACC0000007878,CUST0003960,4.237032465E7,
2026-02-18,ACC0000007879,CUST0003961,0.0,
2026-02-18,ACC0000007880,CUST0003961,0.0,
2026-02-18,ACC0000007881,CUST0003962,6963951.83,
2026-02-18,ACC0000007882,CUST0003963,0.0,
2026-02-18,ACC0000007883,CUST0003963,0.0,
2026-02-18,ACC0000007884,CUST0003964,0.0,
2026-02-18,ACC0000007885,CUST0003964,4699620.5,
2026-02-18,ACC0000007886,CUST0003965,0.0,
2026-02-18,ACC0000007887,CUST0003965,0.0,
2026-02-18,ACC0000007888,CUST0003966,0.0,
2026-02-18,ACC0000007889,CUST0003966,0.0,
2026-02-18,ACC0000007890,CUST0003967,0.0,
2026-02-18,ACC0000007891,CUST0003968,0.0,
2026-02-18,ACC0000007892,CUST0003968,1.572923743E7,
2026-02-18,ACC0000007893,CUST0003968,0.0,
2026-02-18,ACC0000007894,CUST0003969,3158900.28,
2026-02-18,ACC0000007895,CUST0003970,4.071814709E7,
2026-02-18,ACC0000007896,CUST0003971,0.0,1.60803437E7
2026-02-18,ACC0000007897,CUST0003972,1.542346954E7,
2026-02-18,ACC0000007898,CUST0003972,0.0,2.076517152E7
2026-02-18,ACC0000007899,CUST0003973,0.0,
2026-02-18,ACC0000007900,CUST0003973,4638987.18,
2026-02-18,ACC0000007901,CUST0003973,0.0,
2026-02-18,ACC0000007902,CUST0003974,4.962173381E7,
2026-02-18,ACC0000007903,CUST0003974,0.0,1.420639728E7
2026-02-18,ACC0000007904,CUST0003974,0.0,2.702532063E7
2026-02-18,ACC0000007905,CUST0003975,0.0,
2026-02-18,ACC0000007906,CUST0003976,0.0,
2026-02-18,ACC0000007907,CUST0003976,0.0,
2026-02-18,ACC0000007908,CUST0003976,0.0,
2026-02-18,ACC0000007909,CUST0003977,0.0,
2026-02-18,ACC0000007910,CUST0003977,0.0,6698553.34
2026-02-18,ACC0000007911,CUST0003977,0.0,3.891095213E7
2026-02-18,ACC0000007912,CUST0003978,3.442061569E7,
2026-02-18,ACC0000007913,CUST0003978,0.0,
2026-02-18,ACC0000007914,CUST0003979,0.0,4.078838126E7
2026-02-18,ACC0000007915,CUST0003979,0.0,
2026-02-18,ACC0000007916,CUST0003980,0.0,
2026-02-18,ACC0000007917,CUST0003980,2.58073027E7,
2026-02-18,ACC0000007918,CUST0003981,0.0,1.570328446E7
2026-02-18,ACC0000007919,CUST0003981,0.0,
2026-02-18,ACC0000007920,CUST0003981,0.0,
2026-02-18,ACC0000007921,CUST0003982,0.0,4.494871896E7
2026-02-18,ACC0000007922,CUST0003982,0.0,1.157970203E7
2026-02-18,ACC0000007923,CUST0003982,0.0,
2026-02-18,ACC0000007924,CUST0003983,0.0,4.350893208E7
2026-02-18,ACC0000007925,CUST0003983,0.0,
2026-02-18,ACC0000007926,CUST0003983,1.221110367E7,
2026-02-18,ACC0000007927,CUST0003984,1.918217965E7,
2026-02-18,ACC0000007928,CUST0003984,0.0,
2026-02-18,ACC0000007929,CUST0003984,1.799241498E7,
2026-02-18,ACC0000007930,CUST0003985,0.0,
2026-02-18,ACC0000007931,CUST0003985,0.0,
2026-02-18,ACC0000007932,CUST0003986,0.0,
2026-02-18,ACC0000007933,CUST0003986,0.0,
2026-02-18,ACC0000007934,CUST0003987,1.163997847E7,
2026-02-18,ACC0000007935,CUST0003987,0.0,
2026-02-18,ACC0000007936,CUST0003988,0.0,
2026-02-18,ACC0000007937,CUST0003988,0.0,2.272798573E7
2026-02-18,ACC0000007938,CUST0003988,2.386989588E7,
2026-02-18,ACC0000007939,CUST0003989,0.0,
2026-02-18,ACC0000007940,CUST0003990,0.0,1.314688145E7
2026-02-18,ACC0000007941,CUST0003991,0.0,
2026-02-18,ACC0000007942,CUST0003991,0.0,1.761296723E7
2026-02-18,ACC0000007943,CUST0003992,6205080.94,
2026-02-18,ACC0000007944,CUST0003992,0.0,2.449993127E7
2026-02-18,ACC0000007945,CUST0003993,0.0,4.876037148E7
2026-02-18,ACC0000007946,CUST0003994,9430026.28,
2026-02-18,ACC0000007947,CUST0003994,0.0,2.119099522E7
2026-02-18,ACC0000007948,CUST0003995,0.0,1.877127209E7
2026-02-18,ACC0000007949,CUST0003996,0.0,
2026-02-18,ACC0000007950,CUST0003997,0.0,
2026-02-18,ACC0000007951,CUST0003998,0.0,
2026-02-18,ACC0000007952,CUST0003998,0.0,
2026-02-18,ACC0000007953,CUST0003999,0.0,
2026-02-18,ACC0000007954,CUST0004000,0.0,
